gf_id	category	lemma	governed_case	representative_synsets	sources	source_details	validation_status	exact_lexicon_function	alternate_lexicon_functions	flags
afer_A	A	afër			Baseline LexiconSqi	near_A	baseline_lexicon_exact	near_A		lexicon_sqi_exact
autoritar_A	A	autoritar		01830403-a	Albanet/OMW	wns/als/wn-data-als.tab	imported_unreviewed			pos_from_wordnet
bardhe_A	A	bardhë			Baseline LexiconSqi	white_A	baseline_lexicon_exact	white_A		lexicon_sqi_exact
bosh_A	A	bosh			Baseline LexiconSqi	empty_A	baseline_lexicon_exact	empty_A		lexicon_sqi_exact
budalla_A	A	budalla			Baseline LexiconSqi	stupid_A	baseline_lexicon_exact	stupid_A		lexicon_sqi_exact
bukur_A	A	bukur			Baseline LexiconSqi	beautiful_A	baseline_lexicon_exact	beautiful_A		lexicon_sqi_exact
burim_i_pare_A	A	burim i parë		01686439-a	Albanet/OMW	wns/als/wn-data-als.tab	imported_unreviewed			multiword,pos_from_wordnet
dalloj_A	A	dalloj		01278080-a	Albanet/OMW	wns/als/wn-data-als.tab	imported_unreviewed			pos_from_wordnet
drejt_A	A	drejt			Baseline LexiconSqi	straight_A	baseline_lexicon_exact	straight_A		lexicon_sqi_exact
e_madhe_A	A	e madhe		00803275-a	Albanet/OMW	wns/als/wn-data-als.tab	imported_unreviewed			multiword,pos_from_wordnet
e_thelle_A	A	e thellë		00803275-a	Albanet/OMW	wns/als/wn-data-als.tab	imported_unreviewed			multiword,pos_from_wordnet
fiksoj_A	A	fiksoj		00740217-a	Albanet/OMW	wns/als/wn-data-als.tab	imported_unreviewed			pos_from_wordnet
fizik_A	A	fizik		00629997-a	Albanet/OMW	wns/als/wn-data-als.tab	imported_unreviewed			pos_from_wordnet
ftohte_A	A	ftohtë			Baseline LexiconSqi	cold_A	baseline_lexicon_exact	cold_A		lexicon_sqi_exact
gati_A	A	gati			Baseline LexiconSqi	ready_A	baseline_lexicon_exact	ready_A		lexicon_sqi_exact
gjate_A	A	gjatë			Baseline LexiconSqi	long_A	baseline_lexicon_exact	long_A		lexicon_sqi_exact
gjelber_A	A	gjelbër			Baseline LexiconSqi	green_A	baseline_lexicon_exact	green_A		lexicon_sqi_exact
gjere_A	A	gjerë			Baseline LexiconSqi	broad_A | wide_A	baseline_lexicon_exact	broad_A	wide_A	lexicon_sqi_exact
gjeresisht_A	A	gjerësisht		01114658-a	Albanet/OMW	wns/als/wn-data-als.tab	imported_unreviewed			pos_from_wordnet
holle_A	A	hollë			Baseline LexiconSqi	thin_A	baseline_lexicon_exact	thin_A		lexicon_sqi_exact
i_ashper_A	A	i ashpër		01513050-a	Albanet/OMW	wns/als/wn-data-als.tab	imported_unreviewed			multiword,pos_from_wordnet
i_bollshem_A	A	i bollshëm		01190683-a	Albanet/OMW	wns/als/wn-data-als.tab	imported_unreviewed			multiword,pos_from_wordnet
i_caktuar_A	A	i caktuar		00940870-a	Albanet/OMW	wns/als/wn-data-als.tab	imported_unreviewed			multiword,pos_from_wordnet
i_dyte_A	A	i dytë		02070030-a	Albanet/OMW	wns/als/wn-data-als.tab	imported_unreviewed			multiword,pos_from_wordnet
i_famshem_A	A	i famshëm		01278080-a	Albanet/OMW	wns/als/wn-data-als.tab	imported_unreviewed			multiword,pos_from_wordnet
i_forte_A	A	i fortë		01509527-a	Albanet/OMW	wns/als/wn-data-als.tab	imported_unreviewed			multiword,pos_from_wordnet
i_fuqishem_A	A	i fuqishëm		01825671-a	Albanet/OMW	wns/als/wn-data-als.tab	imported_unreviewed			multiword,pos_from_wordnet
i_gjalle_A	A	i gjallë		01509527-a	Albanet/OMW	wns/als/wn-data-als.tab	imported_unreviewed			multiword,pos_from_wordnet
i_gjere_A	A	i gjerë		01382086-a	Albanet/OMW	wns/als/wn-data-als.tab	imported_unreviewed			multiword,pos_from_wordnet
i_holle_A	A	i hollë		01455732-a	Albanet/OMW	wns/als/wn-data-als.tab	imported_unreviewed			multiword,pos_from_wordnet
i_imet_A	A	i imët		01415219-a	Albanet/OMW	wns/als/wn-data-als.tab	imported_unreviewed			multiword,pos_from_wordnet
i_keq_A	A	i keq		01513050-a	Albanet/OMW	wns/als/wn-data-als.tab	imported_unreviewed			multiword,pos_from_wordnet
i_larte_A	A	i lartë		01488616-a	Albanet/OMW	wns/als/wn-data-als.tab	imported_unreviewed			multiword,pos_from_wordnet
i_madh_A	A	i madh		02100031-a	Albanet/OMW	wns/als/wn-data-als.tab	imported_unreviewed			multiword,pos_from_wordnet
i_mirenjohur_A	A	i mirënjohur		00579622-a	Albanet/OMW	wns/als/wn-data-als.tab	imported_unreviewed			multiword,pos_from_wordnet
i_moshuar_A	A	i moshuar		02100031-a	Albanet/OMW	wns/als/wn-data-als.tab	imported_unreviewed			multiword,pos_from_wordnet
i_mprehte_A	A	i mprehtë		00803275-a	Albanet/OMW	wns/als/wn-data-als.tab	imported_unreviewed			multiword,pos_from_wordnet
i_ndryshem_A	A	i ndryshëm		00969333-a	Albanet/OMW	wns/als/wn-data-als.tab	imported_unreviewed			multiword,pos_from_wordnet
i_paket_A	A	i pakët		01415219-a	Albanet/OMW	wns/als/wn-data-als.tab	imported_unreviewed			multiword,pos_from_wordnet
i_palevizshem_A	A	i palëvizshëm		00740217-a	Albanet/OMW	wns/als/wn-data-als.tab	imported_unreviewed			multiword,pos_from_wordnet
i_parendesishem_A	A	i parëndësishëm		01473353-a	Albanet/OMW	wns/als/wn-data-als.tab	imported_unreviewed			multiword,pos_from_wordnet
i_pavlere_A	A	i pavlerë		01473353-a	Albanet/OMW	wns/als/wn-data-als.tab	imported_unreviewed			multiword,pos_from_wordnet
i_pjekur_A	A	i pjekur		01488616-a	Albanet/OMW	wns/als/wn-data-als.tab	imported_unreviewed			multiword,pos_from_wordnet
i_percaktuar_A	A	i përcaktuar		00740217-a	Albanet/OMW	wns/als/wn-data-als.tab	imported_unreviewed			multiword,pos_from_wordnet
i_permbledhur_A	A	i përmbledhur		01442826-a	Albanet/OMW	wns/als/wn-data-als.tab	imported_unreviewed			multiword,pos_from_wordnet
i_rende_A	A	i rende		01190683-a	Albanet/OMW	wns/als/wn-data-als.tab	imported_unreviewed			multiword,pos_from_wordnet
i_rritur_A	A	i rritur		01488616-a	Albanet/OMW	wns/als/wn-data-als.tab	imported_unreviewed			multiword,pos_from_wordnet
i_rendesishem_A	A	i rëndësishëm		01830403-a	Albanet/OMW	wns/als/wn-data-als.tab	imported_unreviewed			multiword,pos_from_wordnet
i_shkurter_A	A	i shkurtër		01442826-a	Albanet/OMW	wns/als/wn-data-als.tab	imported_unreviewed			multiword,pos_from_wordnet
i_shpallur_A	A	i shpallur		00940870-a	Albanet/OMW	wns/als/wn-data-als.tab	imported_unreviewed			multiword,pos_from_wordnet
i_spikatur_A	A	i spikatur		00579622-a	Albanet/OMW	wns/als/wn-data-als.tab	imported_unreviewed			multiword,pos_from_wordnet
i_tmerrshem_A	A	i tmerrshëm		01513050-a	Albanet/OMW	wns/als/wn-data-als.tab	imported_unreviewed			multiword,pos_from_wordnet
i_vjeter_A	A	i vjetër		02100031-a	Albanet/OMW	wns/als/wn-data-als.tab	imported_unreviewed			multiword,pos_from_wordnet
i_vogel_A	A	i vogël		01415219-a	Albanet/OMW	wns/als/wn-data-als.tab	imported_unreviewed			multiword,pos_from_wordnet
i_cuditshem_A	A	i çuditshëm		00608791-a	Albanet/OMW	wns/als/wn-data-als.tab	imported_unreviewed			multiword,pos_from_wordnet
jotradicionale_A	A	jotradicionale		00608421-a	Albanet/OMW	wns/als/wn-data-als.tab	imported_unreviewed			pos_from_wordnet
kafe_A	A	kafe			Baseline LexiconSqi	brown_A	baseline_lexicon_exact	brown_A		lexicon_sqi_exact
kalbur_A	A	kalbur			Baseline LexiconSqi	rotten_A	baseline_lexicon_exact	rotten_A		lexicon_sqi_exact
kalter_A	A	kaltër			Baseline LexiconSqi	blue_A	baseline_lexicon_exact	blue_A		lexicon_sqi_exact
keq_A	A	keq			Baseline LexiconSqi	bad_A	baseline_lexicon_exact	bad_A		lexicon_sqi_exact
kristalizoj_A	A	kristalizoj		00656862-a	Albanet/OMW	wns/als/wn-data-als.tab	imported_unreviewed			pos_from_wordnet
kthjelloj_A	A	kthjelloj		00656862-a	Albanet/OMW	wns/als/wn-data-als.tab	imported_unreviewed			pos_from_wordnet
kuq_A	A	kuq			Baseline LexiconSqi	red_A	baseline_lexicon_exact	red_A		lexicon_sqi_exact
lagur_A	A	lagur			Baseline LexiconSqi	wet_A	baseline_lexicon_exact	wet_A		lexicon_sqi_exact
lemuar_A	A	lëmuar			Baseline LexiconSqi	smooth_A	baseline_lexicon_exact	smooth_A		lexicon_sqi_exact
madh_A	A	madh			Baseline LexiconSqi	big_A	baseline_lexicon_exact	big_A		lexicon_sqi_exact
mase_e_vogel_A	A	masë e vogël		01415219-a	Albanet/OMW	wns/als/wn-data-als.tab	imported_unreviewed			multiword,pos_from_wordnet
material_A	A	material		00626800-a	Albanet/OMW	wns/als/wn-data-als.tab	imported_unreviewed			pos_from_wordnet
me_ngjyra_A	A	me ngjyra		00394135-a	Albanet/OMW	wns/als/wn-data-als.tab	imported_unreviewed			multiword,pos_from_wordnet
me_rendesi_A	A	me rëndësi		00579622-a	Albanet/OMW	wns/als/wn-data-als.tab	imported_unreviewed			multiword,pos_from_wordnet
mikroskopik_A	A	mikroskopik		01391351-a	Albanet/OMW	wns/als/wn-data-als.tab	imported_unreviewed			pos_from_wordnet
mire_A	A	mirë			Baseline LexiconSqi	good_A	baseline_lexicon_exact	good_A		lexicon_sqi_exact
mprehte_A	A	mprehtë			Baseline LexiconSqi	sharp_A	baseline_lexicon_exact	sharp_A		lexicon_sqi_exact
me_i_madh_A	A	më i madh		02100031-a	Albanet/OMW	wns/als/wn-data-als.tab	imported_unreviewed			multiword,pos_from_wordnet
me_i_vogel_A	A	më i vogël		01415219-a	Albanet/OMW	wns/als/wn-data-als.tab	imported_unreviewed			multiword,pos_from_wordnet
merzitshem_A	A	mërzitshëm			Baseline LexiconSqi	dull_A	baseline_lexicon_exact	dull_A		lexicon_sqi_exact
ngjyre_A	A	ngjyrë		00394135-a	Albanet/OMW	wns/als/wn-data-als.tab	imported_unreviewed			pos_from_wordnet
ngrohte_A	A	ngrohtë			Baseline LexiconSqi	warm_A	baseline_lexicon_exact	warm_A		lexicon_sqi_exact
ngushte_A	A	ngushtë			Baseline LexiconSqi	narrow_A	baseline_lexicon_exact	narrow_A		lexicon_sqi_exact
nxehte_A	A	nxehtë			Baseline LexiconSqi	hot_A	baseline_lexicon_exact	hot_A		lexicon_sqi_exact
origjinal_A	A	origjinal		00608421-a	Albanet/OMW	wns/als/wn-data-als.tab	imported_unreviewed			pos_from_wordnet
pasigurt_A	A	pasigurt			Baseline LexiconSqi	uncertain_A	baseline_lexicon_exact	uncertain_A		lexicon_sqi_exact
paster_A	A	pastër			Baseline LexiconSqi	clean_A	baseline_lexicon_exact	clean_A		lexicon_sqi_exact
pasues_A	A	pasues		00127948-a	Albanet/OMW	wns/als/wn-data-als.tab	imported_unreviewed			pos_from_wordnet
pis_A	A	pis			Baseline LexiconSqi	dirty_A	baseline_lexicon_exact	dirty_A		lexicon_sqi_exact
plot_A	A	plot			Baseline LexiconSqi	full_A	baseline_lexicon_exact	full_A		lexicon_sqi_exact
ri_A	A	ri			Baseline LexiconSqi	new_A | young_A	baseline_lexicon_exact	new_A	young_A	lexicon_sqi_exact
rrumbullaket_A	A	rrumbullakët			Baseline LexiconSqi	round_A	baseline_lexicon_exact	round_A		lexicon_sqi_exact
rende_A	A	rëndë			Baseline LexiconSqi	heavy_A	baseline_lexicon_exact	heavy_A		lexicon_sqi_exact
rendesishem_A	A	rëndësishëm			Baseline LexiconSqi	important_A	baseline_lexicon_exact	important_A		lexicon_sqi_exact
sakte_A	A	saktë			Baseline LexiconSqi	correct_A	baseline_lexicon_exact	correct_A		lexicon_sqi_exact
shkurter_A	A	shkurtër			Baseline LexiconSqi	short_A	baseline_lexicon_exact	short_A		lexicon_sqi_exact
shpirtmadh_A	A	shpirtmadh		01114658-a	Albanet/OMW	wns/als/wn-data-als.tab	imported_unreviewed			pos_from_wordnet
shquaj_A	A	shquaj		01278080-a	Albanet/OMW	wns/als/wn-data-als.tab	imported_unreviewed			pos_from_wordnet
shume_i_rendesishem_A	A	shumë i rëndësishëm		02161982-a	Albanet/OMW	wns/als/wn-data-als.tab	imported_unreviewed			multiword,pos_from_wordnet
shemtuar_A	A	shëmtuar			Baseline LexiconSqi	ugly_A	baseline_lexicon_exact	ugly_A		lexicon_sqi_exact
thate_A	A	thatë			Baseline LexiconSqi	dry_A	baseline_lexicon_exact	dry_A		lexicon_sqi_exact
thelbesore_A	A	thelbësore		01578312-a	Albanet/OMW	wns/als/wn-data-als.tab	imported_unreviewed			pos_from_wordnet
themelor_A	A	themelor		01578312-a	Albanet/OMW	wns/als/wn-data-als.tab	imported_unreviewed			pos_from_wordnet
tjeter_A	A	tjetër		00127948-a	Albanet/OMW	wns/als/wn-data-als.tab	imported_unreviewed			pos_from_wordnet
trashe_A	A	trashë			Baseline LexiconSqi	thick_A	baseline_lexicon_exact	thick_A		lexicon_sqi_exact
verdhe_A	A	verdhë			Baseline LexiconSqi	yellow_A	baseline_lexicon_exact	yellow_A		lexicon_sqi_exact
vijues_A	A	vijues		00127948-a	Albanet/OMW	wns/als/wn-data-als.tab	imported_unreviewed			pos_from_wordnet
vjeter_A	A	vjetër			Baseline LexiconSqi	old_A	baseline_lexicon_exact	old_A		lexicon_sqi_exact
vogel_A	A	vogël			Baseline LexiconSqi	small_A	baseline_lexicon_exact	small_A		lexicon_sqi_exact
zgjuar_A	A	zgjuar			Baseline LexiconSqi	clever_A	baseline_lexicon_exact	clever_A		lexicon_sqi_exact
zhvillim_A	A	zhvillim		01488616-a	Albanet/OMW	wns/als/wn-data-als.tab	imported_unreviewed			pos_from_wordnet
zi_A	A	zi			Baseline LexiconSqi	black_A	baseline_lexicon_exact	black_A		lexicon_sqi_exact
martuar_A2	A2	martuar			Baseline LexiconSqi	married_A2	baseline_lexicon_exact	married_A2		lexicon_sqi_exact
lehte_A2V	A2V	lehtë			Baseline LexiconSqi	easy_A2V	baseline_lexicon_exact	easy_A2V		lexicon_sqi_exact
mundshem_AS	AS	mundshëm			Baseline LexiconSqi	probable_AS	baseline_lexicon_exact	probable_AS		lexicon_sqi_exact
zbavites_AV	AV	zbavitës			Baseline LexiconSqi	fun_AV	baseline_lexicon_exact	fun_AV		lexicon_sqi_exact
bashke_Adv	Adv	bashkë			UT Austin Tosk Glossary	adverb;	reference_attested_unreviewed			functional_reference
edhe_Adv	Adv	edhe			UT Austin Tosk Glossary	adverb;	reference_attested_unreviewed			functional_reference
gjithmone_Adv	Adv	gjithmonë			UT Austin Tosk Glossary	adverb;	reference_attested_unreviewed			functional_reference
gjithemone_Adv	Adv	gjithëmonë			UT Austin Tosk Glossary	adverb;	reference_attested_unreviewed			functional_reference
kur_Adv	Adv	kur			UT Austin Tosk Glossary	adverb;	reference_attested_unreviewed			functional_reference
ketu_Adv	Adv	këtu			UT Austin Tosk Glossary	adverb;	reference_attested_unreviewed			functional_reference
larg_Adv	Adv	larg			Baseline LexiconSqi	far_Adv	baseline_lexicon_exact	far_Adv		lexicon_sqi_exact
mos_Adv	Adv	mos			UT Austin Tosk Glossary	adverb;	reference_attested_unreviewed			functional_reference
me_Adv	Adv	më			UT Austin Tosk Glossary	adverb;	reference_attested_unreviewed			functional_reference
nuk_Adv	Adv	nuk			UT Austin Tosk Glossary	adverb;	reference_attested_unreviewed			functional_reference
para_Adv	Adv	para			UT Austin Tosk Glossary	adverb;	reference_attested_unreviewed			functional_reference
plot_Adv	Adv	plot			UT Austin Tosk Glossary	adverb;	reference_attested_unreviewed			functional_reference
perkundrazi_Adv	Adv	përkundrazi			UT Austin Tosk Glossary	adverb;	reference_attested_unreviewed			functional_reference
sa_Adv	Adv	sa			UT Austin Tosk Glossary	adverb;	reference_attested_unreviewed			functional_reference
sot_Adv	Adv	sot			UT Austin Tosk Glossary | Baseline LexiconSqi	adverb; | today_Adv	baseline_lexicon_exact	today_Adv		functional_reference,lexicon_sqi_exact
taman_Adv	Adv	taman			UT Austin Tosk Glossary	adverb;	reference_attested_unreviewed			functional_reference
tani_Adv	Adv	tani			UT Austin Tosk Glossary | Baseline LexiconSqi	adverb; | now_Adv	baseline_lexicon_exact	now_Adv		functional_reference,lexicon_sqi_exact
tashme_Adv	Adv	tashmë			Baseline LexiconSqi	already_Adv	baseline_lexicon_exact	already_Adv		lexicon_sqi_exact
vetem_Adv	Adv	vetëm			UT Austin Tosk Glossary	adverb;	reference_attested_unreviewed			functional_reference
dhe_Conj	Conj	dhe			UT Austin Tosk Glossary	conjunction;	reference_attested_unreviewed			functional_reference
e_Conj	Conj	e			UT Austin Tosk Glossary	conjunction;	reference_attested_unreviewed			functional_reference
ose_Conj	Conj	ose			UT Austin Tosk Glossary	conjunction;	reference_attested_unreviewed			functional_reference
por_Conj	Conj	por			UT Austin Tosk Glossary	conjunction;	reference_attested_unreviewed			functional_reference
pra_Conj	Conj	pra			UT Austin Tosk Glossary	conjunction;	reference_attested_unreviewed			functional_reference
qe_Conj	Conj	që			UT Austin Tosk Glossary	conjunction;	reference_attested_unreviewed			functional_reference
sa_Conj	Conj	sa			UT Austin Tosk Glossary	conjunction;	reference_attested_unreviewed			functional_reference
se_Conj	Conj	se			UT Austin Tosk Glossary	conjunction;	reference_attested_unreviewed			functional_reference
sepse_Conj	Conj	sepse			UT Austin Tosk Glossary	conjunction;	reference_attested_unreviewed			functional_reference
si_Conj	Conj	si			UT Austin Tosk Glossary	conjunction;	reference_attested_unreviewed			functional_reference
sikur_Conj	Conj	sikur			UT Austin Tosk Glossary	conjunction;	reference_attested_unreviewed			functional_reference
t_i_Conj	Conj	t'i			UT Austin Tosk Glossary	"conjunction;
            contraction of"	reference_attested_unreviewed			functional_reference
t_ia_Conj	Conj	t'ia			UT Austin Tosk Glossary	"conjunction;
            contraction of"	reference_attested_unreviewed			functional_reference
t_ju_Conj	Conj	t'ju			UT Austin Tosk Glossary	"conjunction;
            contraction of"	reference_attested_unreviewed			functional_reference
ta_Conj	Conj	ta			UT Austin Tosk Glossary	"conjunction;
            contraction of"	reference_attested_unreviewed			functional_reference
te_Conj	Conj	të			UT Austin Tosk Glossary	conjunction;	reference_attested_unreviewed			functional_reference
medet_Interj	Interj	medet			Baseline LexiconSqi	alas_Interj	baseline_lexicon_exact	alas_Interj		lexicon_sqi_exact
o_Interj	Interj	o			UT Austin Tosk Glossary	interjection;	reference_attested_unreviewed			functional_reference
w_24ore_N	N	24orë		15155220-n	Albanet/OMW	wns/als/wn-data-als.tab	imported_unreviewed			pos_from_wordnet
w_60_minuta_N	N	60 minuta		15227846-n	Albanet/OMW	wns/als/wn-data-als.tab	imported_unreviewed			multiword,pos_from_wordnet
abazhure_N	N	abazhurë		03636649-n	Albanet/OMW	wns/als/wn-data-als.tab	imported_unreviewed			pos_from_wordnet
abonim_N	N	abonim		06582403-n	Albanet/OMW	wns/als/wn-data-als.tab	imported_unreviewed			pos_from_wordnet
abstraksion_N	N	abstraksion		00002137-n	Albanet/OMW	wns/als/wn-data-als.tab	imported_unreviewed			pos_from_wordnet
abstrakt_N	N	abstrakt		05854150-n	Albanet/OMW	wns/als/wn-data-als.tab	imported_unreviewed			pos_from_wordnet
absurditet_N	N	absurditet		04891683-n	Albanet/OMW	wns/als/wn-data-als.tab	imported_unreviewed			pos_from_wordnet
abuzim_N	N	abuzim		00419908-n	Albanet/OMW	wns/als/wn-data-als.tab	imported_unreviewed			pos_from_wordnet
acid_N	N	acid		14607521-n	Albanet/OMW	wns/als/wn-data-als.tab	imported_unreviewed			pos_from_wordnet
adapt_N	N	adapt		09762509-n	Albanet/OMW	wns/als/wn-data-als.tab	imported_unreviewed			pos_from_wordnet
adet_N	N	adet		00413239-n	Albanet/OMW	wns/als/wn-data-als.tab	imported_unreviewed			pos_from_wordnet
administrator_N	N	administrator		09770949-n	Albanet/OMW	wns/als/wn-data-als.tab	imported_unreviewed			pos_from_wordnet
administrator_akademik_N	N	administrator akademik		09758885-n	Albanet/OMW	wns/als/wn-data-als.tab	imported_unreviewed			multiword,pos_from_wordnet
administrim_N	N	administrim		08164585-n	Albanet/OMW	wns/als/wn-data-als.tab	imported_unreviewed			pos_from_wordnet
admirim_N	N	admirim		07491038-n	Albanet/OMW	wns/als/wn-data-als.tab	imported_unreviewed			pos_from_wordnet
adrese_N	N	adresë		07238694-n	Albanet/OMW	wns/als/wn-data-als.tab	imported_unreviewed			pos_from_wordnet
aerodrom_N	N	aerodrom		02692232-n	Albanet/OMW	wns/als/wn-data-als.tab	imported_unreviewed			pos_from_wordnet
aerodrom_i_vogel_N	N	aerodrom i vogël		02687992-n	Albanet/OMW	wns/als/wn-data-als.tab	imported_unreviewed			multiword,pos_from_wordnet
aerofit_N	N	aerofit		13122985-n	Albanet/OMW	wns/als/wn-data-als.tab	imported_unreviewed			pos_from_wordnet
aeroplan_N	N	aeroplan		02691156-n	Albanet/OMW | Baseline LexiconSqi	wns/als/wn-data-als.tab | airplane_N	baseline_lexicon_exact	airplane_N		lexicon_sqi_exact,pos_from_wordnet
aeroport_N	N	aeroport		02692232-n	Albanet/OMW	wns/als/wn-data-als.tab	imported_unreviewed			pos_from_wordnet
afat_N	N	afat		15224486-n	Albanet/OMW	wns/als/wn-data-als.tab	imported_unreviewed			pos_from_wordnet
afat_i_fundit_N	N	afat i fundit		15180082-n	Albanet/OMW	wns/als/wn-data-als.tab	imported_unreviewed			multiword,pos_from_wordnet
afeksion_N	N	afeksion		07544647-n	Albanet/OMW	wns/als/wn-data-als.tab	imported_unreviewed			pos_from_wordnet
afishe_N	N	afishe		06793426-n	Albanet/OMW	wns/als/wn-data-als.tab	imported_unreviewed			pos_from_wordnet
aftesi_N	N	aftësi		05200169-n	Albanet/OMW	wns/als/wn-data-als.tab	imported_unreviewed			pos_from_wordnet
aftesi_drejtimi_N	N	aftësi drejtimi		00815320-n	Albanet/OMW	wns/als/wn-data-als.tab	imported_unreviewed			multiword,pos_from_wordnet
aftesi_mendore_N	N	aftësi mendore		05618056-n	Albanet/OMW	wns/als/wn-data-als.tab	imported_unreviewed			multiword,pos_from_wordnet
aftesi_ndijor_N	N	aftësi ndijor		05651971-n	Albanet/OMW	wns/als/wn-data-als.tab	imported_unreviewed			multiword,pos_from_wordnet
aftesi_njohese_N	N	aftësi njohëse		00023271-n	Albanet/OMW	wns/als/wn-data-als.tab	imported_unreviewed			multiword,pos_from_wordnet
afersi_N	N	afërsi		08641113-n	Albanet/OMW	wns/als/wn-data-als.tab	imported_unreviewed			pos_from_wordnet
agate_line_N	N	agate line		13713003-n	Albanet/OMW	wns/als/wn-data-als.tab	imported_unreviewed			multiword,pos_from_wordnet
agim_N	N	agim		07326108-n	Albanet/OMW	wns/als/wn-data-als.tab	imported_unreviewed			pos_from_wordnet
agjenci_N	N	agjenci		08337324-n	Albanet/OMW	wns/als/wn-data-als.tab	imported_unreviewed			pos_from_wordnet
agjenci_federale_N	N	agjenci federale		08337324-n	Albanet/OMW	wns/als/wn-data-als.tab	imported_unreviewed			multiword,pos_from_wordnet
agjenci_shteterore_N	N	agjenci shtetërore		08337324-n	Albanet/OMW	wns/als/wn-data-als.tab	imported_unreviewed			multiword,pos_from_wordnet
agjensi_N	N	agjensi		08057206-n	Albanet/OMW	wns/als/wn-data-als.tab	imported_unreviewed			pos_from_wordnet
agjent_N	N	agjent		09777012-n	Albanet/OMW	wns/als/wn-data-als.tab	imported_unreviewed			pos_from_wordnet
agjent_bastesh_N	N	agjent bastesh		09865954-n	Albanet/OMW	wns/als/wn-data-als.tab	imported_unreviewed			multiword,pos_from_wordnet
agjent_i_ceshtjeve_gjyqesore_N	N	agjent i çështjeve gjyqësorë		00007347-n	Albanet/OMW	wns/als/wn-data-als.tab	imported_unreviewed			multiword,pos_from_wordnet
agjent_policor_N	N	agjent policor		10373801-n	Albanet/OMW	wns/als/wn-data-als.tab	imported_unreviewed			multiword,pos_from_wordnet
agjent_sekret_N	N	agjent sekret		10641755-n	Albanet/OMW	wns/als/wn-data-als.tab	imported_unreviewed			multiword,pos_from_wordnet
agresiv_N	N	agresiv		00964569-n	Albanet/OMW	wns/als/wn-data-als.tab	imported_unreviewed			pos_from_wordnet
agrikulrure_N	N	agrikulrurë		00916464-n	Albanet/OMW	wns/als/wn-data-als.tab	imported_unreviewed			pos_from_wordnet
ajer_N	N	ajër		14842703-n	Albanet/OMW	wns/als/wn-data-als.tab	imported_unreviewed			pos_from_wordnet
akademik_N	N	akademik		09759069-n	Albanet/OMW	wns/als/wn-data-als.tab	imported_unreviewed			pos_from_wordnet
akord_N	N	akord		13969243-n	Albanet/OMW	wns/als/wn-data-als.tab	imported_unreviewed			pos_from_wordnet
aksident_N	N	aksident		07300960-n	Albanet/OMW	wns/als/wn-data-als.tab	imported_unreviewed			pos_from_wordnet
aksident_i_pashmangshem_N	N	aksident i pashmangshëm		07315350-n	Albanet/OMW	wns/als/wn-data-als.tab	imported_unreviewed			multiword,pos_from_wordnet
aksion_N	N	aksion		00037396-n	Albanet/OMW	wns/als/wn-data-als.tab	imported_unreviewed			pos_from_wordnet
aksion_ne_grup_N	N	aksion në grup		01080366-n	Albanet/OMW	wns/als/wn-data-als.tab	imported_unreviewed			multiword,pos_from_wordnet
aksion_ushtarak_N	N	aksion ushtarak		00952963-n	Albanet/OMW	wns/als/wn-data-als.tab	imported_unreviewed			multiword,pos_from_wordnet
akt_N	N	akt		00037396-n	Albanet/OMW	wns/als/wn-data-als.tab	imported_unreviewed			pos_from_wordnet
akt_heroik_N	N	akt heroik		00036762-n	Albanet/OMW	wns/als/wn-data-als.tab	imported_unreviewed			multiword,pos_from_wordnet
akt_i_nje_hyjnie_N	N	akt i një hyjnie		07315350-n	Albanet/OMW	wns/als/wn-data-als.tab	imported_unreviewed			multiword,pos_from_wordnet
akti_i_te_folurit_N	N	akti i te folurit		07160883-n	Albanet/OMW	wns/als/wn-data-als.tab	imported_unreviewed			multiword,pos_from_wordnet
aktivist_N	N	aktivist		14006945-n	Albanet/OMW	wns/als/wn-data-als.tab	imported_unreviewed			pos_from_wordnet
aktivitet_N	N	aktivitet		00407535-n	Albanet/OMW	wns/als/wn-data-als.tab	imported_unreviewed			pos_from_wordnet
aktivitet_biznesi_N	N	aktivitet biznesi		01095753-n	Albanet/OMW	wns/als/wn-data-als.tab	imported_unreviewed			multiword,pos_from_wordnet
aktivitet_i_trurit_N	N	aktivitet i trurit		05770926-n	Albanet/OMW	wns/als/wn-data-als.tab	imported_unreviewed			multiword,pos_from_wordnet
aktivitet_ndijor_N	N	aktivitet ndijor		00876737-n	Albanet/OMW	wns/als/wn-data-als.tab	imported_unreviewed			multiword,pos_from_wordnet
aktivitet_seksual_N	N	aktivitet seksual		00844254-n	Albanet/OMW	wns/als/wn-data-als.tab	imported_unreviewed			multiword,pos_from_wordnet
aktiviteti_njerezor_N	N	aktiviteti njerëzor		00030358-n	Albanet/OMW	wns/als/wn-data-als.tab	imported_unreviewed			multiword,pos_from_wordnet
aktor_N	N	aktor		09765278-n	Albanet/OMW	wns/als/wn-data-als.tab	imported_unreviewed			pos_from_wordnet
aktor_spontan_N	N	aktor spontan		10438470-n	Albanet/OMW	wns/als/wn-data-als.tab	imported_unreviewed			multiword,pos_from_wordnet
aktrim_N	N	aktrim		00548326-n	Albanet/OMW	wns/als/wn-data-als.tab	imported_unreviewed			pos_from_wordnet
aktualisht_N	N	aktualisht		15119536-n	Albanet/OMW	wns/als/wn-data-als.tab	imported_unreviewed			pos_from_wordnet
aktualizim_N	N	aktualizim		00931847-n	Albanet/OMW	wns/als/wn-data-als.tab	imported_unreviewed			pos_from_wordnet
akull_N	N	akull			Baseline LexiconSqi	ice_N	baseline_lexicon_exact	ice_N		lexicon_sqi_exact
akumulim_N	N	akumulim		00372013-n	Albanet/OMW	wns/als/wn-data-als.tab	imported_unreviewed			pos_from_wordnet
akuzim_N	N	akuzim		00042311-n	Albanet/OMW	wns/als/wn-data-als.tab	imported_unreviewed			pos_from_wordnet
aleance_N	N	aleancë		08293982-n	Albanet/OMW	wns/als/wn-data-als.tab	imported_unreviewed			pos_from_wordnet
alegori_N	N	alegori		06880664-n	Albanet/OMW	wns/als/wn-data-als.tab	imported_unreviewed			pos_from_wordnet
alge_N	N	algë		01397114-n	Albanet/OMW	wns/als/wn-data-als.tab	imported_unreviewed			pos_from_wordnet
alge_leshterik_N	N	algë leshterik		01397114-n	Albanet/OMW	wns/als/wn-data-als.tab	imported_unreviewed			multiword,pos_from_wordnet
aliazh_N	N	aliazh		14586769-n	Albanet/OMW	wns/als/wn-data-als.tab	imported_unreviewed			pos_from_wordnet
alkal_N	N	alkal		14618253-n	Albanet/OMW	wns/als/wn-data-als.tab	imported_unreviewed			pos_from_wordnet
alkane_N	N	alkanë		14951377-n	Albanet/OMW	wns/als/wn-data-als.tab	imported_unreviewed			pos_from_wordnet
alkool_N	N	alkool		07885223-n	Albanet/OMW	wns/als/wn-data-als.tab	imported_unreviewed			pos_from_wordnet
allci_N	N	allçi		03779370-n	Albanet/OMW	wns/als/wn-data-als.tab	imported_unreviewed			pos_from_wordnet
alternative_N	N	alternativë		05790944-n	Albanet/OMW	wns/als/wn-data-als.tab	imported_unreviewed			pos_from_wordnet
alternim_N	N	alternim		07296428-n	Albanet/OMW	wns/als/wn-data-als.tab	imported_unreviewed			pos_from_wordnet
ambalazh_N	N	ambalazh		03050026-n	Albanet/OMW	wns/als/wn-data-als.tab	imported_unreviewed			pos_from_wordnet
ambicie_N	N	ambicie		04836268-n	Albanet/OMW	wns/als/wn-data-als.tab	imported_unreviewed			pos_from_wordnet
ambicion_N	N	ambicion		07484547-n	Albanet/OMW	wns/als/wn-data-als.tab	imported_unreviewed			pos_from_wordnet
ambicioz_N	N	ambicioz		04836268-n	Albanet/OMW	wns/als/wn-data-als.tab	imported_unreviewed			pos_from_wordnet
ambient_N	N	ambient		08567235-n	Albanet/OMW	wns/als/wn-data-als.tab	imported_unreviewed			pos_from_wordnet
ambjent_N	N	ambjent		14513259-n	Albanet/OMW	wns/als/wn-data-als.tab	imported_unreviewed			pos_from_wordnet
ambulance_N	N	ambulancë		02701002-n	Albanet/OMW	wns/als/wn-data-als.tab	imported_unreviewed			pos_from_wordnet
amfib_N	N	amfib		01627424-n	Albanet/OMW	wns/als/wn-data-als.tab	imported_unreviewed			pos_from_wordnet
amfiteater_N	N	amfiteatër		04417809-n	Albanet/OMW	wns/als/wn-data-als.tab	imported_unreviewed			pos_from_wordnet
amvise_N	N	amvise		10189776-n	Albanet/OMW	wns/als/wn-data-als.tab	imported_unreviewed			pos_from_wordnet
amesim_N	N	amësim		04980008-n	Albanet/OMW	wns/als/wn-data-als.tab	imported_unreviewed			pos_from_wordnet
analgjezik_N	N	analgjezik		02707683-n	Albanet/OMW	wns/als/wn-data-als.tab	imported_unreviewed			pos_from_wordnet
ane_N	N	ane		08510666-n	Albanet/OMW	wns/als/wn-data-als.tab	imported_unreviewed			pos_from_wordnet
anekdote_N	N	anekdotë		07220586-n	Albanet/OMW	wns/als/wn-data-als.tab	imported_unreviewed			pos_from_wordnet
aneksoj_N	N	aneksoj		02713594-n	Albanet/OMW	wns/als/wn-data-als.tab	imported_unreviewed			pos_from_wordnet
angazhim_N	N	angazhim		01239064-n	Albanet/OMW	wns/als/wn-data-als.tab	imported_unreviewed			pos_from_wordnet
anije_N	N	anije		04194289-n	Albanet/OMW | Baseline LexiconSqi	wns/als/wn-data-als.tab | ship_N	baseline_lexicon_exact	ship_N		lexicon_sqi_exact,pos_from_wordnet
anije_luftarake_N	N	anije luftarake		04552696-n	Albanet/OMW	wns/als/wn-data-als.tab	imported_unreviewed			multiword,pos_from_wordnet
anije_trap_N	N	anije trap		03329663-n	Albanet/OMW	wns/als/wn-data-als.tab	imported_unreviewed			multiword,pos_from_wordnet
ankand_N	N	ankand		01117541-n	Albanet/OMW	wns/als/wn-data-als.tab	imported_unreviewed			pos_from_wordnet
anketim_N	N	anketim		14513489-n	Albanet/OMW	wns/als/wn-data-als.tab	imported_unreviewed			pos_from_wordnet
ankim_N	N	ankim		07208708-n	Albanet/OMW	wns/als/wn-data-als.tab	imported_unreviewed			pos_from_wordnet
anomali_N	N	anomali		09606527-n	Albanet/OMW	wns/als/wn-data-als.tab	imported_unreviewed			pos_from_wordnet
anoreksi_N	N	anoreksi		14055796-n	Albanet/OMW	wns/als/wn-data-als.tab	imported_unreviewed			pos_from_wordnet
anormalitet_N	N	anormalitet		14501726-n	Albanet/OMW	wns/als/wn-data-als.tab	imported_unreviewed			pos_from_wordnet
ansambel_N	N	ansambël		08188235-n	Albanet/OMW	wns/als/wn-data-als.tab	imported_unreviewed			pos_from_wordnet
antagonizem_N	N	antagonizëm		13980288-n	Albanet/OMW	wns/als/wn-data-als.tab	imported_unreviewed			pos_from_wordnet
anullim_N	N	anullim		00231567-n	Albanet/OMW	wns/als/wn-data-als.tab	imported_unreviewed			pos_from_wordnet
ane_buze_N	N	anë , buzë		03264136-n	Albanet/OMW	wns/als/wn-data-als.tab	imported_unreviewed			multiword,pos_from_wordnet,punctuation
anetaresim_N	N	anëtarësim		00049003-n	Albanet/OMW	wns/als/wn-data-als.tab	imported_unreviewed			pos_from_wordnet
aparat_N	N	aparat		00098385-n	Albanet/OMW	wns/als/wn-data-als.tab	imported_unreviewed			pos_from_wordnet
aparat_akumulimi_N	N	aparat akumulimi		03744840-n	Albanet/OMW	wns/als/wn-data-als.tab	imported_unreviewed			multiword,pos_from_wordnet
aparat_elektrik_N	N	aparat elektrik		03277771-n	Albanet/OMW	wns/als/wn-data-als.tab	imported_unreviewed			multiword,pos_from_wordnet
aparat_ngrohes_N	N	aparat ngrohës		03508101-n	Albanet/OMW	wns/als/wn-data-als.tab	imported_unreviewed			multiword,pos_from_wordnet
aparat_pajisje_N	N	aparat,pajisje		02727825-n	Albanet/OMW	wns/als/wn-data-als.tab	imported_unreviewed			pos_from_wordnet,punctuation
aparature_gjimnastikore_N	N	aparaturë gjimnastikore		03472232-n	Albanet/OMW	wns/als/wn-data-als.tab	imported_unreviewed			multiword,pos_from_wordnet
apartament_N	N	apartament		02726305-n	Albanet/OMW | Baseline LexiconSqi	wns/als/wn-data-als.tab | apartment_N	baseline_lexicon_exact	apartment_N		lexicon_sqi_exact,pos_from_wordnet
apel_N	N	apel		07186828-n	Albanet/OMW	wns/als/wn-data-als.tab	imported_unreviewed			pos_from_wordnet
aplikim_N	N	aplikim		00949134-n	Albanet/OMW	wns/als/wn-data-als.tab	imported_unreviewed			pos_from_wordnet
aplikim_praktik_N	N	aplikim praktik		00949134-n	Albanet/OMW	wns/als/wn-data-als.tab	imported_unreviewed			multiword,pos_from_wordnet
aprovim_N	N	aprovim		06686736-n	Albanet/OMW	wns/als/wn-data-als.tab	imported_unreviewed			pos_from_wordnet
aquatic_vertebrate_N	N	aquatic vertebrate		01473806-n	Albanet/OMW	wns/als/wn-data-als.tab	imported_unreviewed			multiword,pos_from_wordnet
ar_N	N	ar		14638799-n	Albanet/OMW | Baseline LexiconSqi	wns/als/wn-data-als.tab | gold_N	baseline_lexicon_exact	gold_N		lexicon_sqi_exact,pos_from_wordnet
arachnid_N	N	arachnid		01769347-n	Albanet/OMW	wns/als/wn-data-als.tab	imported_unreviewed			pos_from_wordnet
arachnoid_N	N	arachnoid		01769347-n	Albanet/OMW	wns/als/wn-data-als.tab	imported_unreviewed			pos_from_wordnet
ardhje_N	N	ardhje		00048225-n	Albanet/OMW	wns/als/wn-data-als.tab	imported_unreviewed			pos_from_wordnet
ardhme_N	N	ardhme		15121625-n	Albanet/OMW	wns/als/wn-data-als.tab	imported_unreviewed			pos_from_wordnet
arene_N	N	arenë		04417809-n	Albanet/OMW	wns/als/wn-data-als.tab	imported_unreviewed			pos_from_wordnet
argjend_N	N	argjend			Baseline LexiconSqi	silver_N	baseline_lexicon_exact	silver_N		lexicon_sqi_exact
argjendari_N	N	argjendari		03597469-n	Albanet/OMW	wns/als/wn-data-als.tab	imported_unreviewed			pos_from_wordnet
argument_N	N	argument		07140978-n	Albanet/OMW	wns/als/wn-data-als.tab	imported_unreviewed			pos_from_wordnet
argument_logjik_N	N	argument logjik		05773049-n	Albanet/OMW	wns/als/wn-data-als.tab	imported_unreviewed			multiword,pos_from_wordnet
argumentim_N	N	argumentim		05773049-n	Albanet/OMW	wns/als/wn-data-als.tab	imported_unreviewed			pos_from_wordnet
argetim_N	N	argëtim		00426928-n	Albanet/OMW	wns/als/wn-data-als.tab	imported_unreviewed			pos_from_wordnet
arikull_i_forte_N	N	arikull i fortë		03257877-n	Albanet/OMW	wns/als/wn-data-als.tab	imported_unreviewed			multiword,pos_from_wordnet
aritmetike_N	N	aritmetikë		06000644-n	Albanet/OMW	wns/als/wn-data-als.tab	imported_unreviewed			pos_from_wordnet
armatime_N	N	armatime		04565375-n	Albanet/OMW	wns/als/wn-data-als.tab	imported_unreviewed			pos_from_wordnet
armatime_tanku_N	N	armatime tanku		04389033-n	Albanet/OMW	wns/als/wn-data-als.tab	imported_unreviewed			multiword,pos_from_wordnet
arme_N	N	arme		07246932-n	Albanet/OMW	wns/als/wn-data-als.tab	imported_unreviewed			pos_from_wordnet
armik_N	N	armik			Baseline LexiconSqi	enemy_N	baseline_lexicon_exact	enemy_N		lexicon_sqi_exact
armiqesi_N	N	armiqësi		07547805-n	Albanet/OMW	wns/als/wn-data-als.tab	imported_unreviewed			pos_from_wordnet
armiqesor_N	N	armiqësor		00964569-n	Albanet/OMW	wns/als/wn-data-als.tab	imported_unreviewed			pos_from_wordnet
arme_N__2	N	armë		04565375-n	Albanet/OMW	wns/als/wn-data-als.tab	imported_unreviewed			pos_from_wordnet
arnoj_N	N	arnoj		03309356-n	Albanet/OMW	wns/als/wn-data-als.tab	imported_unreviewed			pos_from_wordnet
arne_N	N	arnë		03309356-n	Albanet/OMW	wns/als/wn-data-als.tab	imported_unreviewed			pos_from_wordnet
aromatik_N	N	aromatik		07809368-n	Albanet/OMW	wns/als/wn-data-als.tab	imported_unreviewed			pos_from_wordnet
aromatizues_N	N	aromatizues		07809368-n	Albanet/OMW	wns/als/wn-data-als.tab	imported_unreviewed			pos_from_wordnet
arome_N	N	aromë		04980008-n	Albanet/OMW	wns/als/wn-data-als.tab	imported_unreviewed			pos_from_wordnet
arrati_N	N	arrati		00796315-n	Albanet/OMW	wns/als/wn-data-als.tab	imported_unreviewed			pos_from_wordnet
arratisem_N	N	arratisem		00429440-n	Albanet/OMW	wns/als/wn-data-als.tab	imported_unreviewed			pos_from_wordnet
arratisje_N	N	arratisje		00058743-n	Albanet/OMW	wns/als/wn-data-als.tab	imported_unreviewed			pos_from_wordnet
arrest_N	N	arrest		13999663-n	Albanet/OMW	wns/als/wn-data-als.tab	imported_unreviewed			pos_from_wordnet
arrestim_N	N	arrestim		13999663-n	Albanet/OMW	wns/als/wn-data-als.tab	imported_unreviewed			pos_from_wordnet
arritje_N	N	arritje		00035189-n	Albanet/OMW	wns/als/wn-data-als.tab	imported_unreviewed			pos_from_wordnet
arrogance_N	N	arrogancë		04887912-n	Albanet/OMW	wns/als/wn-data-als.tab	imported_unreviewed			pos_from_wordnet
arsim_N	N	arsim		05984287-n	Albanet/OMW	wns/als/wn-data-als.tab	imported_unreviewed			pos_from_wordnet
arsye_N	N	arsye		05688397-n	Albanet/OMW | Baseline LexiconSqi	wns/als/wn-data-als.tab | reason_N	baseline_lexicon_exact	reason_N		lexicon_sqi_exact,pos_from_wordnet
arsyetim_N	N	arsyetim		05651680-n	Albanet/OMW	wns/als/wn-data-als.tab	imported_unreviewed			pos_from_wordnet
art_N	N	art		00933420-n	Albanet/OMW | Baseline LexiconSqi	wns/als/wn-data-als.tab | art_N	baseline_lexicon_exact	art_N		lexicon_sqi_exact,pos_from_wordnet
art_dramatik_N	N	art dramatik		07006119-n	Albanet/OMW	wns/als/wn-data-als.tab	imported_unreviewed			multiword,pos_from_wordnet
art_gatimi_N	N	art gatimi		07571324-n	Albanet/OMW	wns/als/wn-data-als.tab	imported_unreviewed			multiword,pos_from_wordnet
art_levizes_N	N	art lëvizës		08466643-n	Albanet/OMW	wns/als/wn-data-als.tab	imported_unreviewed			multiword,pos_from_wordnet
arte_figurative_N	N	arte figurative		02743547-n	Albanet/OMW	wns/als/wn-data-als.tab	imported_unreviewed			multiword,pos_from_wordnet
arterie_N	N	arterie		05333777-n	Albanet/OMW	wns/als/wn-data-als.tab	imported_unreviewed			pos_from_wordnet
arthropod_N	N	arthropod		01767661-n	Albanet/OMW	wns/als/wn-data-als.tab	imported_unreviewed			pos_from_wordnet
arti_grafik_N	N	arti grafik		03453809-n	Albanet/OMW	wns/als/wn-data-als.tab	imported_unreviewed			multiword,pos_from_wordnet
artikuj_argjendarie_N	N	artikuj argjendarie		03597469-n	Albanet/OMW	wns/als/wn-data-als.tab	imported_unreviewed			multiword,pos_from_wordnet
artikuj_prej_qelqi_N	N	artikuj prej qelqi		03439064-n	Albanet/OMW	wns/als/wn-data-als.tab	imported_unreviewed			multiword,pos_from_wordnet
artikuj_per_tualet_N	N	artikuj për tualet		04447443-n	Albanet/OMW	wns/als/wn-data-als.tab	imported_unreviewed			multiword,pos_from_wordnet
artikuj_te_cilesise_se_pare_N	N	artikuj të cilësisë së parë		03257877-n	Albanet/OMW	wns/als/wn-data-als.tab	imported_unreviewed			multiword,pos_from_wordnet
artikuj_veshjesh_N	N	artikuj veshjesh		03051540-n	Albanet/OMW	wns/als/wn-data-als.tab	imported_unreviewed			multiword,pos_from_wordnet
artikull_N	N	artikull		00021939-n	Albanet/OMW	wns/als/wn-data-als.tab	imported_unreviewed			pos_from_wordnet
artikull_gazete_N	N	artikull gazetë		06269130-n	Albanet/OMW	wns/als/wn-data-als.tab	imported_unreviewed			multiword,pos_from_wordnet
artikull_i_forte_N	N	artikull i fortë		03257877-n	Albanet/OMW	wns/als/wn-data-als.tab	imported_unreviewed			multiword,pos_from_wordnet
artikull_lajmesh_N	N	artikull lajmesh		06269130-n	Albanet/OMW	wns/als/wn-data-als.tab	imported_unreviewed			multiword,pos_from_wordnet
artileri_N	N	artileri		07246932-n	Albanet/OMW	wns/als/wn-data-als.tab	imported_unreviewed			pos_from_wordnet
artiodactyl_N	N	artiodactyl		02394477-n	Albanet/OMW	wns/als/wn-data-als.tab	imported_unreviewed			pos_from_wordnet
artiodactyl_mammal_N	N	artiodactyl mammal		02394477-n	Albanet/OMW	wns/als/wn-data-als.tab	imported_unreviewed			multiword,pos_from_wordnet
artist_N	N	artist		09812338-n	Albanet/OMW	wns/als/wn-data-als.tab	imported_unreviewed			pos_from_wordnet
artistik_N	N	artistik		02743547-n	Albanet/OMW	wns/als/wn-data-als.tab	imported_unreviewed			pos_from_wordnet
arush_pelushi_N	N	arush pelushi		04399382-n	Albanet/OMW	wns/als/wn-data-als.tab	imported_unreviewed			multiword,pos_from_wordnet
as_N	N	as		09762509-n	Albanet/OMW	wns/als/wn-data-als.tab	imported_unreviewed			pos_from_wordnet
asgjesoj_N	N	asgjesoj		00403092-n	Albanet/OMW	wns/als/wn-data-als.tab	imported_unreviewed			pos_from_wordnet
asgje_N	N	asgjë		13740168-n	Albanet/OMW	wns/als/wn-data-als.tab	imported_unreviewed			pos_from_wordnet
ashpersi_N	N	ashpërsi		04710127-n	Albanet/OMW	wns/als/wn-data-als.tab	imported_unreviewed			pos_from_wordnet
asimetri_N	N	asimetri		05065717-n	Albanet/OMW	wns/als/wn-data-als.tab	imported_unreviewed			pos_from_wordnet
asimetrik_N	N	asimetrik		05065717-n	Albanet/OMW	wns/als/wn-data-als.tab	imported_unreviewed			pos_from_wordnet
asistent_sekretar_N	N	asistent sekretar		10569744-n	Albanet/OMW	wns/als/wn-data-als.tab	imported_unreviewed			multiword,pos_from_wordnet
asistentt_N	N	asistentt		09815790-n	Albanet/OMW	wns/als/wn-data-als.tab	imported_unreviewed			pos_from_wordnet
asociacion_N	N	asociacion		05763916-n	Albanet/OMW	wns/als/wn-data-als.tab	imported_unreviewed			pos_from_wordnet
asortiment_N	N	asortiment		08398773-n	Albanet/OMW	wns/als/wn-data-als.tab	imported_unreviewed			pos_from_wordnet
aspekt_N	N	aspekt		05850624-n	Albanet/OMW	wns/als/wn-data-als.tab	imported_unreviewed			pos_from_wordnet
aspirim_N	N	aspirim		07484547-n	Albanet/OMW	wns/als/wn-data-als.tab	imported_unreviewed			pos_from_wordnet
aspirin_N	N	aspirin		02748618-n	Albanet/OMW	wns/als/wn-data-als.tab	imported_unreviewed			pos_from_wordnet
aspiroj_N	N	aspiroj		00815644-n	Albanet/OMW	wns/als/wn-data-als.tab	imported_unreviewed			pos_from_wordnet
atletike_N	N	atletike		09820263-n	Albanet/OMW	wns/als/wn-data-als.tab	imported_unreviewed			pos_from_wordnet
atletike_N__2	N	atletikë		00523513-n	Albanet/OMW	wns/als/wn-data-als.tab	imported_unreviewed			pos_from_wordnet
atmosfere_N	N	atmosferë		08567235-n	Albanet/OMW	wns/als/wn-data-als.tab	imported_unreviewed			pos_from_wordnet
atom_N	N	atom		14585519-n	Albanet/OMW	wns/als/wn-data-als.tab	imported_unreviewed			pos_from_wordnet
atribut_N	N	atribut		00024264-n	Albanet/OMW	wns/als/wn-data-als.tab	imported_unreviewed			pos_from_wordnet
atesi_N	N	atësi		13813765-n	Albanet/OMW	wns/als/wn-data-als.tab	imported_unreviewed			pos_from_wordnet
au_N	N	Au		14638799-n	Albanet/OMW	wns/als/wn-data-als.tab	imported_unreviewed			case_marked,pos_from_wordnet
audience_N	N	audiencë		08221897-n	Albanet/OMW	wns/als/wn-data-als.tab	imported_unreviewed			pos_from_wordnet
autobus_kampimi_N	N	autobus kampimi		02946348-n	Albanet/OMW	wns/als/wn-data-als.tab	imported_unreviewed			multiword,pos_from_wordnet
autokamp_N	N	autokamp		02946348-n	Albanet/OMW	wns/als/wn-data-als.tab	imported_unreviewed			pos_from_wordnet
autokton_N	N	autokton		09620794-n	Albanet/OMW	wns/als/wn-data-als.tab	imported_unreviewed			pos_from_wordnet
automjet_N	N	automjet		04524313-n	Albanet/OMW	wns/als/wn-data-als.tab	imported_unreviewed			pos_from_wordnet
automobil_N	N	automobil		02958343-n	Albanet/OMW	wns/als/wn-data-als.tab	imported_unreviewed			pos_from_wordnet
autonomi_N	N	autonomi		13992514-n	Albanet/OMW	wns/als/wn-data-als.tab	imported_unreviewed			pos_from_wordnet
autor_N	N	autor		10794014-n	Albanet/OMW	wns/als/wn-data-als.tab	imported_unreviewed			pos_from_wordnet
autoritet_N	N	autoritet		09824361-n	Albanet/OMW	wns/als/wn-data-als.tab	imported_unreviewed			pos_from_wordnet
autoritet_suprem_N	N	autoritet suprem		08552138-n	Albanet/OMW	wns/als/wn-data-als.tab	imported_unreviewed			multiword,pos_from_wordnet
autoritetet_N	N	autoritetet		08337324-n	Albanet/OMW	wns/als/wn-data-als.tab	imported_unreviewed			pos_from_wordnet
autorizim_N	N	autorizim		01138670-n	Albanet/OMW	wns/als/wn-data-als.tab	imported_unreviewed			pos_from_wordnet
autorizues_N	N	autorizues		01138670-n	Albanet/OMW	wns/als/wn-data-als.tab	imported_unreviewed			pos_from_wordnet
autoresi_N	N	autorësi		06411592-n	Albanet/OMW	wns/als/wn-data-als.tab	imported_unreviewed			pos_from_wordnet
avancim_N	N	avancim		00282050-n	Albanet/OMW	wns/als/wn-data-als.tab	imported_unreviewed			pos_from_wordnet
avantazh_N	N	avantazh		05155821-n	Albanet/OMW	wns/als/wn-data-als.tab	imported_unreviewed			pos_from_wordnet
aventure_N	N	aventurë		00796315-n	Albanet/OMW	wns/als/wn-data-als.tab	imported_unreviewed			pos_from_wordnet
avion_N	N	avion		02686568-n	Albanet/OMW	wns/als/wn-data-als.tab	imported_unreviewed			pos_from_wordnet
avion_pa_motor_N	N	avion pa motor		03439814-n	Albanet/OMW	wns/als/wn-data-als.tab	imported_unreviewed			multiword,pos_from_wordnet
avokat_N	N	avokat		09774783-n	Albanet/OMW	wns/als/wn-data-als.tab	imported_unreviewed			pos_from_wordnet
avull_N	N	avull		15055633-n	Albanet/OMW	wns/als/wn-data-als.tab	imported_unreviewed			pos_from_wordnet
avullore_N	N	avullore		04309348-n	Albanet/OMW	wns/als/wn-data-als.tab	imported_unreviewed			pos_from_wordnet
baba_N	N	baba		10080869-n	Albanet/OMW	wns/als/wn-data-als.tab	imported_unreviewed			pos_from_wordnet
baba_i_madh_N	N	baba i madh		10142391-n	Albanet/OMW	wns/als/wn-data-als.tab	imported_unreviewed			multiword,pos_from_wordnet
babagjysh_N	N	babagjysh		10142391-n	Albanet/OMW	wns/als/wn-data-als.tab	imported_unreviewed			pos_from_wordnet
babe_N	N	babe		09827683-n	Albanet/OMW	wns/als/wn-data-als.tab	imported_unreviewed			pos_from_wordnet
baker_N	N	bakër		14635722-n	Albanet/OMW	wns/als/wn-data-als.tab	imported_unreviewed			pos_from_wordnet
balance_N	N	balancë		13897996-n	Albanet/OMW	wns/als/wn-data-als.tab	imported_unreviewed			pos_from_wordnet
balle_N	N	balle		08573472-n	Albanet/OMW	wns/als/wn-data-als.tab	imported_unreviewed			pos_from_wordnet
balle_lufte_N	N	balle lufte		08573674-n	Albanet/OMW	wns/als/wn-data-als.tab	imported_unreviewed			multiword,pos_from_wordnet
ballkon_N	N	ballkon		02777734-n	Albanet/OMW	wns/als/wn-data-als.tab	imported_unreviewed			pos_from_wordnet
ballore_N	N	ballore		08573674-n	Albanet/OMW	wns/als/wn-data-als.tab	imported_unreviewed			pos_from_wordnet
balle_N__2	N	ballë		05602548-n	Albanet/OMW	wns/als/wn-data-als.tab	imported_unreviewed			pos_from_wordnet
band_N	N	band		08249038-n	Albanet/OMW	wns/als/wn-data-als.tab	imported_unreviewed			pos_from_wordnet
bandvale_N	N	bandvale		06260628-n	Albanet/OMW	wns/als/wn-data-als.tab	imported_unreviewed			pos_from_wordnet
bande_e_frekuences_N	N	bandë e frekuences		06260628-n	Albanet/OMW	wns/als/wn-data-als.tab	imported_unreviewed			multiword,pos_from_wordnet
bande_kercimi_N	N	bandë kërcimi		08249960-n	Albanet/OMW	wns/als/wn-data-als.tab	imported_unreviewed			multiword,pos_from_wordnet
banese_N	N	banesë		03259505-n	Albanet/OMW	wns/als/wn-data-als.tab	imported_unreviewed			pos_from_wordnet
banim_N	N	banim		01053920-n	Albanet/OMW	wns/als/wn-data-als.tab	imported_unreviewed			pos_from_wordnet
banje_N	N	banjë		02807731-n	Albanet/OMW	wns/als/wn-data-als.tab	imported_unreviewed			pos_from_wordnet
banke_N	N	bankë			Baseline LexiconSqi	bank_N	baseline_lexicon_exact	bank_N		lexicon_sqi_exact
banor_N	N	banor		09620078-n	Albanet/OMW	wns/als/wn-data-als.tab	imported_unreviewed			pos_from_wordnet
banues_N	N	banues		09620078-n	Albanet/OMW	wns/als/wn-data-als.tab	imported_unreviewed			pos_from_wordnet
bar_N	N	bar		02796995-n	Albanet/OMW | Baseline LexiconSqi	wns/als/wn-data-als.tab | grass_N	baseline_lexicon_exact	grass_N		lexicon_sqi_exact,pos_from_wordnet
bar_i_keq_N	N	bar i keq		13085113-n	Albanet/OMW	wns/als/wn-data-als.tab	imported_unreviewed			multiword,pos_from_wordnet
bar_mjekesor_N	N	bar mjekësor		12205694-n	Albanet/OMW	wns/als/wn-data-als.tab	imported_unreviewed			multiword,pos_from_wordnet
barishte_N	N	barishte		07811416-n	Albanet/OMW	wns/als/wn-data-als.tab	imported_unreviewed			pos_from_wordnet
bark_N	N	bark		05556943-n	Albanet/OMW | Baseline LexiconSqi	wns/als/wn-data-als.tab | belly_N	baseline_lexicon_exact	belly_N		lexicon_sqi_exact,pos_from_wordnet
barke_N	N	barkë		04244997-n	Albanet/OMW	wns/als/wn-data-als.tab	imported_unreviewed			pos_from_wordnet
barna_N	N	barna		03740161-n	Albanet/OMW	wns/als/wn-data-als.tab	imported_unreviewed			pos_from_wordnet
barna_qetesuese_N	N	barna qetësuese		04166553-n	Albanet/OMW	wns/als/wn-data-als.tab	imported_unreviewed			multiword,pos_from_wordnet
barnatore_N	N	barnatore		03249342-n	Albanet/OMW	wns/als/wn-data-als.tab	imported_unreviewed			pos_from_wordnet
barngrenes_N	N	barngrënës		01324610-n	Albanet/OMW	wns/als/wn-data-als.tab	imported_unreviewed			pos_from_wordnet
barre_N	N	barrë		14046202-n	Albanet/OMW	wns/als/wn-data-als.tab	imported_unreviewed			pos_from_wordnet
bartje_N	N	bartje		00283127-n	Albanet/OMW	wns/als/wn-data-als.tab	imported_unreviewed			pos_from_wordnet
bartes_N	N	bartës		01385527-n	Albanet/OMW	wns/als/wn-data-als.tab	imported_unreviewed			pos_from_wordnet
base_on_balls_N	N	base on balls		00127286-n	Albanet/OMW	wns/als/wn-data-als.tab	imported_unreviewed			multiword,pos_from_wordnet
bashkiak_N	N	bashkiak		10303814-n	Albanet/OMW	wns/als/wn-data-als.tab	imported_unreviewed			pos_from_wordnet
bashkim_N	N	bashkim		00381680-n	Albanet/OMW	wns/als/wn-data-als.tab	imported_unreviewed			pos_from_wordnet
bashkoj_N	N	bashkoj		00381680-n	Albanet/OMW	wns/als/wn-data-als.tab	imported_unreviewed			pos_from_wordnet
bashkues_N	N	bashkues		03091374-n	Albanet/OMW	wns/als/wn-data-als.tab	imported_unreviewed			pos_from_wordnet
bashkepunim_N	N	bashkëpunim		01202904-n	Albanet/OMW	wns/als/wn-data-als.tab	imported_unreviewed			pos_from_wordnet
bashkeshort_N	N	bashkëshort		10640620-n	Albanet/OMW	wns/als/wn-data-als.tab	imported_unreviewed			pos_from_wordnet
bashkeshorte_N	N	bashkëshorte		10780632-n	Albanet/OMW	wns/als/wn-data-als.tab	imported_unreviewed			pos_from_wordnet
bashkeveprim_N	N	bashkëveprim		00039021-n	Albanet/OMW	wns/als/wn-data-als.tab	imported_unreviewed			pos_from_wordnet
bastvenes_N	N	bastvenes		09865954-n	Albanet/OMW	wns/als/wn-data-als.tab	imported_unreviewed			pos_from_wordnet
bazament_N	N	bazament		02797692-n	Albanet/OMW	wns/als/wn-data-als.tab	imported_unreviewed			pos_from_wordnet
baze_N	N	baze		08191230-n	Albanet/OMW	wns/als/wn-data-als.tab	imported_unreviewed			pos_from_wordnet
baze_force_N	N	baze force		08191230-n	Albanet/OMW	wns/als/wn-data-als.tab	imported_unreviewed			multiword,pos_from_wordnet
baze_te_dhenash_N	N	baze te dhenash		06637824-n	Albanet/OMW	wns/als/wn-data-als.tab	imported_unreviewed			multiword,pos_from_wordnet
baze_N__2	N	bazë		03387016-n	Albanet/OMW	wns/als/wn-data-als.tab	imported_unreviewed			pos_from_wordnet
baze_e_protezes_dentare_N	N	bazë e protezës dentare		05581349-n	Albanet/OMW	wns/als/wn-data-als.tab	imported_unreviewed			multiword,pos_from_wordnet
baze_ushtarake_N	N	bazë ushtarake		02798290-n	Albanet/OMW	wns/als/wn-data-als.tab	imported_unreviewed			multiword,pos_from_wordnet
beard_N	N	beard		01955318-n	Albanet/OMW	wns/als/wn-data-als.tab	imported_unreviewed			pos_from_wordnet
bekim_N	N	bekim		07189411-n	Albanet/OMW	wns/als/wn-data-als.tab	imported_unreviewed			pos_from_wordnet
benzine_N	N	benzinë		14686913-n	Albanet/OMW	wns/als/wn-data-als.tab	imported_unreviewed			pos_from_wordnet
besim_N	N	besim		05943066-n	Albanet/OMW	wns/als/wn-data-als.tab	imported_unreviewed			pos_from_wordnet
besim_fetar_N	N	besim fetar		05946687-n	Albanet/OMW	wns/als/wn-data-als.tab	imported_unreviewed			multiword,pos_from_wordnet
besim_i_forte_N	N	besim i fortë		05942888-n	Albanet/OMW	wns/als/wn-data-als.tab	imported_unreviewed			multiword,pos_from_wordnet
besimtar_N	N	besimtar		09628382-n	Albanet/OMW	wns/als/wn-data-als.tab	imported_unreviewed			pos_from_wordnet
besnikeri_N	N	besnikeri		01212882-n	Albanet/OMW	wns/als/wn-data-als.tab	imported_unreviewed			pos_from_wordnet
bese_N	N	besë		05942888-n	Albanet/OMW	wns/als/wn-data-als.tab	imported_unreviewed			pos_from_wordnet
beteje_N	N	betejë		00788973-n	Albanet/OMW	wns/als/wn-data-als.tab	imported_unreviewed			pos_from_wordnet
betim_N	N	betim		00516086-n	Albanet/OMW	wns/als/wn-data-als.tab	imported_unreviewed			pos_from_wordnet
bezdisje_N	N	bezdisje		00420477-n	Albanet/OMW	wns/als/wn-data-als.tab	imported_unreviewed			pos_from_wordnet
beze_N	N	beze		03309808-n	Albanet/OMW	wns/als/wn-data-als.tab	imported_unreviewed			pos_from_wordnet
biblioteke_N	N	bibliotekë		03660909-n	Albanet/OMW	wns/als/wn-data-als.tab	imported_unreviewed			pos_from_wordnet
bije_N	N	bije		09992837-n	Albanet/OMW	wns/als/wn-data-als.tab	imported_unreviewed			pos_from_wordnet
bima_e_pambukut_N	N	bima e pambukut		12175949-n	Albanet/OMW	wns/als/wn-data-als.tab	imported_unreviewed			multiword,pos_from_wordnet
bime_N	N	bimë		00017222-n	Albanet/OMW	wns/als/wn-data-als.tab	imported_unreviewed			pos_from_wordnet
bime_ajri_N	N	bimë ajri		13122985-n	Albanet/OMW	wns/als/wn-data-als.tab	imported_unreviewed			multiword,pos_from_wordnet
bime_bulbezore_N	N	bimë bulbëzore		13134302-n	Albanet/OMW	wns/als/wn-data-als.tab	imported_unreviewed			multiword,pos_from_wordnet
bime_drunore_N	N	bimë drunore		13103136-n	Albanet/OMW	wns/als/wn-data-als.tab	imported_unreviewed			multiword,pos_from_wordnet
bime_helmuese_N	N	bimë helmuese		13100156-n	Albanet/OMW	wns/als/wn-data-als.tab	imported_unreviewed			multiword,pos_from_wordnet
bime_kacavjerrese_N	N	bimë kacavjerrëse		13100677-n	Albanet/OMW	wns/als/wn-data-als.tab	imported_unreviewed			multiword,pos_from_wordnet
bime_per_kopshte_N	N	bimë për kopshte		13083306-n	Albanet/OMW	wns/als/wn-data-als.tab	imported_unreviewed			multiword,pos_from_wordnet
bime_riprodhuese_N	N	bimë riprodhuese		13083586-n	Albanet/OMW	wns/als/wn-data-als.tab	imported_unreviewed			multiword,pos_from_wordnet
bime_shkembore_N	N	bimë shkëmbore		13123681-n	Albanet/OMW	wns/als/wn-data-als.tab	imported_unreviewed			multiword,pos_from_wordnet
bime_shtepiake_N	N	bimë shtëpiake		13083023-n	Albanet/OMW	wns/als/wn-data-als.tab	imported_unreviewed			multiword,pos_from_wordnet
bime_ujore_N	N	bimë ujore		13121544-n	Albanet/OMW	wns/als/wn-data-als.tab	imported_unreviewed			multiword,pos_from_wordnet
bimesi_N	N	bimësi		08436759-n	Albanet/OMW	wns/als/wn-data-als.tab	imported_unreviewed			pos_from_wordnet
bindje_N	N	bindje		05697363-n	Albanet/OMW	wns/als/wn-data-als.tab	imported_unreviewed			pos_from_wordnet
biografi_N	N	biografi		06515827-n	Albanet/OMW	wns/als/wn-data-als.tab	imported_unreviewed			pos_from_wordnet
biologji_N	N	biologji		06037298-n	Albanet/OMW	wns/als/wn-data-als.tab	imported_unreviewed			pos_from_wordnet
bir_N	N	bir		10624074-n	Albanet/OMW	wns/als/wn-data-als.tab	imported_unreviewed			pos_from_wordnet
birrari_N	N	birrari		02796995-n	Albanet/OMW	wns/als/wn-data-als.tab	imported_unreviewed			pos_from_wordnet
birre_N	N	birrë		07886572-n	Albanet/OMW | Baseline LexiconSqi	wns/als/wn-data-als.tab | beer_N	baseline_lexicon_exact	beer_N		lexicon_sqi_exact,pos_from_wordnet
bisedim_N	N	bisedim		07148192-n	Albanet/OMW	wns/als/wn-data-als.tab	imported_unreviewed			pos_from_wordnet
bisede_N	N	bisedë		07133701-n	Albanet/OMW	wns/als/wn-data-als.tab	imported_unreviewed			pos_from_wordnet
bisht_N	N	bisht		02157557-n	Albanet/OMW | Baseline LexiconSqi	wns/als/wn-data-als.tab | tail_N	baseline_lexicon_exact	tail_N		lexicon_sqi_exact,pos_from_wordnet
bishe_N	N	bishë		00015388-n	Albanet/OMW	wns/als/wn-data-als.tab	imported_unreviewed			pos_from_wordnet
biznes_N	N	biznes		01094725-n	Albanet/OMW	wns/als/wn-data-als.tab	imported_unreviewed			pos_from_wordnet
biznes_qeveritar_N	N	biznes qeveritar		09966255-n	Albanet/OMW	wns/als/wn-data-als.tab	imported_unreviewed			multiword,pos_from_wordnet
biznesmen_N	N	biznesmen		09882007-n	Albanet/OMW	wns/als/wn-data-als.tab	imported_unreviewed			pos_from_wordnet
biciklete_N	N	biçikletë		02834778-n	Albanet/OMW | Baseline LexiconSqi	wns/als/wn-data-als.tab | bike_N	baseline_lexicon_exact	bike_N		lexicon_sqi_exact,pos_from_wordnet
biciklete_me_motorr_N	N	biçikletë me motorr		03785016-n	Albanet/OMW	wns/als/wn-data-als.tab	imported_unreviewed			multiword,pos_from_wordnet
blerje_N	N	blerje		13563522-n	Albanet/OMW	wns/als/wn-data-als.tab	imported_unreviewed			pos_from_wordnet
blete_N	N	bletë		02206856-n	Albanet/OMW	wns/als/wn-data-als.tab	imported_unreviewed			pos_from_wordnet
bllok_N	N	bllok		02852523-n	Albanet/OMW	wns/als/wn-data-als.tab	imported_unreviewed			pos_from_wordnet
bllok_godinash_N	N	bllok godinash		02853016-n	Albanet/OMW	wns/als/wn-data-als.tab	imported_unreviewed			multiword,pos_from_wordnet
bllok_katror_N	N	bllok katror		03144592-n	Albanet/OMW	wns/als/wn-data-als.tab	imported_unreviewed			multiword,pos_from_wordnet
bllok_ndertimi_N	N	bllok ndertimi		09465459-n	Albanet/OMW	wns/als/wn-data-als.tab	imported_unreviewed			multiword,pos_from_wordnet
bllok_qyteti_N	N	bllok qyteti		08642145-n	Albanet/OMW	wns/als/wn-data-als.tab	imported_unreviewed			multiword,pos_from_wordnet
bllokade_N	N	bllokadë		02853218-n	Albanet/OMW	wns/als/wn-data-als.tab	imported_unreviewed			pos_from_wordnet
bllokim_N	N	bllokim		02853449-n	Albanet/OMW	wns/als/wn-data-als.tab	imported_unreviewed			pos_from_wordnet
bllokim_truri_N	N	bllokim truri		05645199-n	Albanet/OMW	wns/als/wn-data-als.tab	imported_unreviewed			multiword,pos_from_wordnet
bllokohem_N	N	bllokohem		05645199-n	Albanet/OMW	wns/als/wn-data-als.tab	imported_unreviewed			pos_from_wordnet
bllokoj_N	N	bllokoj		02853449-n	Albanet/OMW	wns/als/wn-data-als.tab	imported_unreviewed			pos_from_wordnet
bluaj_N	N	bluaj		00358290-n	Albanet/OMW	wns/als/wn-data-als.tab	imported_unreviewed			pos_from_wordnet
bodrum_N	N	bodrum		02800497-n	Albanet/OMW	wns/als/wn-data-als.tab	imported_unreviewed			pos_from_wordnet
bojaxhi_N	N	bojaxhi		00609236-n	Albanet/OMW	wns/als/wn-data-als.tab	imported_unreviewed			pos_from_wordnet
boje_N	N	bojë		03875218-n	Albanet/OMW	wns/als/wn-data-als.tab	imported_unreviewed			pos_from_wordnet
boks_N	N	boks		00445802-n	Albanet/OMW	wns/als/wn-data-als.tab	imported_unreviewed			pos_from_wordnet
bombardim_N	N	bombardim		00978413-n	Albanet/OMW	wns/als/wn-data-als.tab	imported_unreviewed			pos_from_wordnet
bombardoj_N	N	bombardoj		00978413-n	Albanet/OMW	wns/als/wn-data-als.tab	imported_unreviewed			pos_from_wordnet
bombe_N	N	bombë		02866578-n	Albanet/OMW	wns/als/wn-data-als.tab	imported_unreviewed			pos_from_wordnet
bonbone_N	N	bonbone		07597365-n	Albanet/OMW	wns/als/wn-data-als.tab	imported_unreviewed			pos_from_wordnet
bonifikim_N	N	bonifikim		07357388-n	Albanet/OMW	wns/als/wn-data-als.tab	imported_unreviewed			pos_from_wordnet
bonifikoj_N	N	bonifikoj		02679415-n	Albanet/OMW	wns/als/wn-data-als.tab	imported_unreviewed			pos_from_wordnet
bord_i_majte_N	N	bord i majtë		03642928-n	Albanet/OMW	wns/als/wn-data-als.tab	imported_unreviewed			multiword,pos_from_wordnet
borgjezi_N	N	borgjezi		08181658-n	Albanet/OMW	wns/als/wn-data-als.tab	imported_unreviewed			pos_from_wordnet
borxh_N	N	borxh		13397174-n	Albanet/OMW	wns/als/wn-data-als.tab	imported_unreviewed			pos_from_wordnet
bore_N	N	borë			Baseline LexiconSqi	snow_N	baseline_lexicon_exact	snow_N		lexicon_sqi_exact
boshllek_N	N	boshllëk		09379111-n	Albanet/OMW	wns/als/wn-data-als.tab	imported_unreviewed			pos_from_wordnet
bota_N	N	bota		05670972-n	Albanet/OMW	wns/als/wn-data-als.tab	imported_unreviewed			pos_from_wordnet
bote_N	N	bote		02472987-n	Albanet/OMW	wns/als/wn-data-als.tab	imported_unreviewed			pos_from_wordnet
botim_N	N	botim		06596978-n	Albanet/OMW	wns/als/wn-data-als.tab	imported_unreviewed			pos_from_wordnet
brave_N	N	bravë		03682487-n	Albanet/OMW	wns/als/wn-data-als.tab	imported_unreviewed			pos_from_wordnet
breg_N	N	breg		09428293-n	Albanet/OMW	wns/als/wn-data-als.tab	imported_unreviewed			pos_from_wordnet
breg_kodrine_N	N	breg kodrine		03792048-n	Albanet/OMW	wns/als/wn-data-als.tab	imported_unreviewed			multiword,pos_from_wordnet
bregdet_N	N	bregdet		09428293-n	Albanet/OMW	wns/als/wn-data-als.tab	imported_unreviewed			pos_from_wordnet
brejtes_N	N	brejtës		02329401-n	Albanet/OMW	wns/als/wn-data-als.tab	imported_unreviewed			pos_from_wordnet
brendesi_N	N	brendesi		08588294-n	Albanet/OMW	wns/als/wn-data-als.tab	imported_unreviewed			pos_from_wordnet
brenge_N	N	brenge		07532440-n	Albanet/OMW	wns/als/wn-data-als.tab	imported_unreviewed			pos_from_wordnet
brez_i_kositur_N	N	brez i kositur		09452653-n	Albanet/OMW	wns/als/wn-data-als.tab	imported_unreviewed			multiword,pos_from_wordnet
bri_N	N	bri		01325417-n	Albanet/OMW | Baseline LexiconSqi	wns/als/wn-data-als.tab | horn_N	baseline_lexicon_exact	horn_N		lexicon_sqi_exact,pos_from_wordnet
brigade_N	N	brigadë		08242799-n	Albanet/OMW	wns/als/wn-data-als.tab	imported_unreviewed			pos_from_wordnet
brilante_N	N	brilante		04814238-n	Albanet/OMW	wns/als/wn-data-als.tab	imported_unreviewed			pos_from_wordnet
brinje_N	N	brinjë		05235879-n	Albanet/OMW	wns/als/wn-data-als.tab	imported_unreviewed			pos_from_wordnet
britme_N	N	britmë		07190693-n	Albanet/OMW	wns/als/wn-data-als.tab	imported_unreviewed			pos_from_wordnet
brixh_N	N	brixh		13793330-n	Albanet/OMW	wns/als/wn-data-als.tab	imported_unreviewed			pos_from_wordnet
budallallek_N	N	budallallëk		04891333-n	Albanet/OMW	wns/als/wn-data-als.tab	imported_unreviewed			pos_from_wordnet
bujari_N	N	bujari		14432032-n	Albanet/OMW	wns/als/wn-data-als.tab	imported_unreviewed			pos_from_wordnet
bujqesi_N	N	bujqësi		00916464-n	Albanet/OMW	wns/als/wn-data-als.tab	imported_unreviewed			pos_from_wordnet
bujtine_N	N	bujtinë		03541537-n	Albanet/OMW	wns/als/wn-data-als.tab	imported_unreviewed			pos_from_wordnet
buke_N	N	buke		07679356-n	Albanet/OMW	wns/als/wn-data-als.tab	imported_unreviewed			pos_from_wordnet
bukuri_N	N	bukuri		04683814-n	Albanet/OMW	wns/als/wn-data-als.tab	imported_unreviewed			pos_from_wordnet
buke_N__2	N	bukë			Baseline LexiconSqi	bread_N	baseline_lexicon_exact	bread_N		lexicon_sqi_exact
burg_N	N	burg		13937284-n	Albanet/OMW	wns/als/wn-data-als.tab	imported_unreviewed			pos_from_wordnet
burim_N	N	burim		04263614-n	Albanet/OMW	wns/als/wn-data-als.tab	imported_unreviewed			pos_from_wordnet
burim_drite_N	N	burim drite		04263760-n	Albanet/OMW	wns/als/wn-data-als.tab	imported_unreviewed			multiword,pos_from_wordnet
burim_natyror_N	N	burim natyror		09443453-n	Albanet/OMW	wns/als/wn-data-als.tab	imported_unreviewed			multiword,pos_from_wordnet
burim_parash_N	N	burim parash		13356112-n	Albanet/OMW	wns/als/wn-data-als.tab	imported_unreviewed			multiword,pos_from_wordnet
burim_uji_N	N	burim uji		08678615-n	Albanet/OMW	wns/als/wn-data-als.tab	imported_unreviewed			multiword,pos_from_wordnet
burime_materiale_N	N	burime materiale		13353156-n	Albanet/OMW	wns/als/wn-data-als.tab	imported_unreviewed			multiword,pos_from_wordnet
burime_monetare_N	N	burime monetare		13356112-n	Albanet/OMW	wns/als/wn-data-als.tab	imported_unreviewed			multiword,pos_from_wordnet
burre_N	N	burrë		09624168-n	Albanet/OMW | Baseline LexiconSqi	wns/als/wn-data-als.tab | husband_N | man_N	baseline_lexicon_exact	husband_N	man_N	lexicon_sqi_exact,pos_from_wordnet
burre_afaresh_N	N	burrë afaresh		09882007-n	Albanet/OMW	wns/als/wn-data-als.tab	imported_unreviewed			multiword,pos_from_wordnet
burre_e_grua_N	N	burrë e grua		07989373-n	Albanet/OMW	wns/als/wn-data-als.tab	imported_unreviewed			multiword,pos_from_wordnet
butak_N	N	butak		01940736-n	Albanet/OMW	wns/als/wn-data-als.tab	imported_unreviewed			pos_from_wordnet
buze_N	N	buze		08565701-n	Albanet/OMW	wns/als/wn-data-als.tab	imported_unreviewed			pos_from_wordnet
buze_N__2	N	buzë		05301908-n	Albanet/OMW	wns/als/wn-data-als.tab	imported_unreviewed			pos_from_wordnet
byssus_N	N	byssus		01955318-n	Albanet/OMW	wns/als/wn-data-als.tab	imported_unreviewed			pos_from_wordnet
bythe_N	N	bythë		05559256-n	Albanet/OMW	wns/als/wn-data-als.tab	imported_unreviewed			pos_from_wordnet
bej_shaka_N	N	bëj shaka		00431005-n	Albanet/OMW	wns/als/wn-data-als.tab	imported_unreviewed			multiword,pos_from_wordnet
bej_shkel_e_shko_N	N	bëj shkel e shko		00074790-n	Albanet/OMW	wns/als/wn-data-als.tab	imported_unreviewed			multiword,pos_from_wordnet
cak_N	N	cak		03264542-n	Albanet/OMW	wns/als/wn-data-als.tab	imported_unreviewed			pos_from_wordnet
caktim_N	N	caktim		00163779-n	Albanet/OMW	wns/als/wn-data-als.tab	imported_unreviewed			pos_from_wordnet
caktim_detyre_N	N	caktim detyre		00730247-n	Albanet/OMW	wns/als/wn-data-als.tab	imported_unreviewed			multiword,pos_from_wordnet
camarok_N	N	camarok		09917593-n	Albanet/OMW	wns/als/wn-data-als.tab	imported_unreviewed			pos_from_wordnet
cap_N	N	cap		02956247-n	Albanet/OMW	wns/als/wn-data-als.tab	imported_unreviewed			pos_from_wordnet
capital_N	N	capital		02956247-n	Albanet/OMW	wns/als/wn-data-als.tab	imported_unreviewed			pos_from_wordnet
celebrim_N	N	celebrim		00516086-n	Albanet/OMW	wns/als/wn-data-als.tab	imported_unreviewed			pos_from_wordnet
central_N	N	central		02994858-n	Albanet/OMW	wns/als/wn-data-als.tab	imported_unreviewed			pos_from_wordnet
central_telefonik_N	N	central telefonik		02994858-n	Albanet/OMW	wns/als/wn-data-als.tab	imported_unreviewed			multiword,pos_from_wordnet
cep_N	N	cep		03109881-n	Albanet/OMW	wns/als/wn-data-als.tab	imported_unreviewed			pos_from_wordnet
ceremoni_N	N	ceremoni		01027379-n	Albanet/OMW	wns/als/wn-data-als.tab	imported_unreviewed			pos_from_wordnet
ceremoni_fetare_N	N	ceremoni fetare		01028082-n	Albanet/OMW	wns/als/wn-data-als.tab	imported_unreviewed			multiword,pos_from_wordnet
ceremoni_martese_N	N	ceremoni martesë		07452074-n	Albanet/OMW	wns/als/wn-data-als.tab	imported_unreviewed			multiword,pos_from_wordnet
ceremoni_martesore_N	N	ceremoni martësore		01036996-n	Albanet/OMW	wns/als/wn-data-als.tab	imported_unreviewed			multiword,pos_from_wordnet
chapiter_N	N	chapiter		02956247-n	Albanet/OMW	wns/als/wn-data-als.tab	imported_unreviewed			pos_from_wordnet
cicerime_N	N	cicërimë		07379409-n	Albanet/OMW	wns/als/wn-data-als.tab	imported_unreviewed			pos_from_wordnet
cigare_N	N	cigare		03030663-n	Albanet/OMW	wns/als/wn-data-als.tab	imported_unreviewed			pos_from_wordnet
cikerrime_N	N	cikerrime		13771404-n	Albanet/OMW	wns/als/wn-data-als.tab	imported_unreviewed			pos_from_wordnet
cikel_N	N	cikël		15256714-n	Albanet/OMW	wns/als/wn-data-als.tab	imported_unreviewed			pos_from_wordnet
cilinder_N	N	cilindër		07349532-n	Albanet/OMW	wns/als/wn-data-als.tab	imported_unreviewed			pos_from_wordnet
cilesi_N	N	cilësi		04723816-n	Albanet/OMW	wns/als/wn-data-als.tab	imported_unreviewed			pos_from_wordnet
cilesi_e_percaktuar_N	N	cilësi e përcaktuar		13576101-n	Albanet/OMW	wns/als/wn-data-als.tab	imported_unreviewed			multiword,pos_from_wordnet
cipe_N	N	cipë		05238282-n	Albanet/OMW	wns/als/wn-data-als.tab	imported_unreviewed			pos_from_wordnet
cnidarian_N	N	cnidarian		01909422-n	Albanet/OMW	wns/als/wn-data-als.tab	imported_unreviewed			pos_from_wordnet
coelenterate_N	N	coelenterate		01909422-n	Albanet/OMW	wns/als/wn-data-als.tab	imported_unreviewed			pos_from_wordnet
cohe_N	N	cohë		03309808-n	Albanet/OMW	wns/als/wn-data-als.tab	imported_unreviewed			pos_from_wordnet
cokollate_N	N	cokollate		07601999-n	Albanet/OMW	wns/als/wn-data-als.tab	imported_unreviewed			pos_from_wordnet
constituent_N	N	constituent		05868954-n	Albanet/OMW	wns/als/wn-data-als.tab	imported_unreviewed			pos_from_wordnet
containerful_N	N	containerful		13756125-n	Albanet/OMW	wns/als/wn-data-als.tab	imported_unreviewed			pos_from_wordnet
cope_N	N	copë		03932203-n	Albanet/OMW	wns/als/wn-data-als.tab	imported_unreviewed			pos_from_wordnet
cope_toke_N	N	copë toke		08674739-n	Albanet/OMW	wns/als/wn-data-als.tab	imported_unreviewed			multiword,pos_from_wordnet
cope_veshjesh_N	N	copë veshjesh		03932670-n	Albanet/OMW	wns/als/wn-data-als.tab	imported_unreviewed			multiword,pos_from_wordnet
copetim_N	N	copëtim		09258715-n	Albanet/OMW	wns/als/wn-data-als.tab	imported_unreviewed			pos_from_wordnet
copez_N	N	copëz		06892016-n	Albanet/OMW	wns/als/wn-data-als.tab	imported_unreviewed			pos_from_wordnet
copezim_N	N	copëzim		00397953-n	Albanet/OMW	wns/als/wn-data-als.tab	imported_unreviewed			pos_from_wordnet
crack_N	N	crack		14485673-n	Albanet/OMW	wns/als/wn-data-als.tab	imported_unreviewed			pos_from_wordnet
crustacean_N	N	crustacean		01974773-n	Albanet/OMW	wns/als/wn-data-als.tab	imported_unreviewed			pos_from_wordnet
cupeline_N	N	cupeline		09917593-n	Albanet/OMW	wns/als/wn-data-als.tab	imported_unreviewed			pos_from_wordnet
dada_N	N	dada		08466412-n	Albanet/OMW	wns/als/wn-data-als.tab	imported_unreviewed			pos_from_wordnet
dadaism_N	N	dadaism		08466412-n	Albanet/OMW	wns/als/wn-data-als.tab	imported_unreviewed			pos_from_wordnet
daje_N	N	dajë		10736091-n	Albanet/OMW	wns/als/wn-data-als.tab	imported_unreviewed			pos_from_wordnet
dalje_N	N	dalje		00058519-n	Albanet/OMW	wns/als/wn-data-als.tab	imported_unreviewed			pos_from_wordnet
dallgezim_N	N	dallgëzim		07345593-n	Albanet/OMW	wns/als/wn-data-als.tab	imported_unreviewed			pos_from_wordnet
dallim_N	N	dallim		04749572-n	Albanet/OMW	wns/als/wn-data-als.tab	imported_unreviewed			pos_from_wordnet
damke_hekuri_N	N	damkë hekuri		03585337-n	Albanet/OMW	wns/als/wn-data-als.tab	imported_unreviewed			multiword,pos_from_wordnet
dame_N	N	damë		00502952-n	Albanet/OMW	wns/als/wn-data-als.tab	imported_unreviewed			pos_from_wordnet
dashamiresi_N	N	dashamirësi		00034574-n	Albanet/OMW	wns/als/wn-data-als.tab	imported_unreviewed			pos_from_wordnet
dashuri_N	N	dashuri		01212882-n	Albanet/OMW | Baseline LexiconSqi	wns/als/wn-data-als.tab | love_N	baseline_lexicon_exact	love_N		lexicon_sqi_exact,pos_from_wordnet
dasme_N	N	dasmë		07452074-n	Albanet/OMW	wns/als/wn-data-als.tab	imported_unreviewed			pos_from_wordnet
date_N	N	datë		15159583-n	Albanet/OMW	wns/als/wn-data-als.tab	imported_unreviewed			pos_from_wordnet
debat_N	N	debat		07181935-n	Albanet/OMW	wns/als/wn-data-als.tab	imported_unreviewed			pos_from_wordnet
debate_N	N	debate		07140978-n	Albanet/OMW	wns/als/wn-data-als.tab	imported_unreviewed			pos_from_wordnet
dedikim_N	N	dedikim		06684383-n	Albanet/OMW	wns/als/wn-data-als.tab	imported_unreviewed			pos_from_wordnet
defekt_N	N	defekt		00070965-n	Albanet/OMW	wns/als/wn-data-als.tab	imported_unreviewed			pos_from_wordnet
deficit_N	N	defiçit		14449405-n	Albanet/OMW	wns/als/wn-data-als.tab	imported_unreviewed			pos_from_wordnet
dega_e_studimit_N	N	dega e studimit		05996646-n	Albanet/OMW	wns/als/wn-data-als.tab	imported_unreviewed			multiword,pos_from_wordnet
dege_N	N	dege		08401248-n	Albanet/OMW	wns/als/wn-data-als.tab	imported_unreviewed			pos_from_wordnet
degjenerim_N	N	degjenerim		00271263-n	Albanet/OMW	wns/als/wn-data-als.tab	imported_unreviewed			pos_from_wordnet
dege_N__2	N	degë		13163250-n	Albanet/OMW	wns/als/wn-data-als.tab	imported_unreviewed			pos_from_wordnet
dekade_N	N	dekadë		15204983-n	Albanet/OMW	wns/als/wn-data-als.tab	imported_unreviewed			pos_from_wordnet
deklarate_N	N	deklarate		06725877-n	Albanet/OMW	wns/als/wn-data-als.tab	imported_unreviewed			pos_from_wordnet
dekor_N	N	dekor		03169390-n	Albanet/OMW	wns/als/wn-data-als.tab	imported_unreviewed			pos_from_wordnet
dekrementoj_N	N	dekrementoj		13458571-n	Albanet/OMW	wns/als/wn-data-als.tab	imported_unreviewed			pos_from_wordnet
dekret_N	N	dekret		06532095-n	Albanet/OMW	wns/als/wn-data-als.tab	imported_unreviewed			pos_from_wordnet
dekret_ligji_N	N	dekret ligji		06535222-n	Albanet/OMW	wns/als/wn-data-als.tab	imported_unreviewed			multiword,pos_from_wordnet
dele_N	N	dele			Baseline LexiconSqi	sheep_N	baseline_lexicon_exact	sheep_N		lexicon_sqi_exact
delegacion_N	N	delegacion		08402442-n	Albanet/OMW	wns/als/wn-data-als.tab	imported_unreviewed			pos_from_wordnet
delegim_N	N	delegim		08402442-n	Albanet/OMW	wns/als/wn-data-als.tab	imported_unreviewed			pos_from_wordnet
delikatese_N	N	delikatesë		07557165-n	Albanet/OMW	wns/als/wn-data-als.tab	imported_unreviewed			pos_from_wordnet
dem_N	N	dem		07420770-n	Albanet/OMW	wns/als/wn-data-als.tab	imported_unreviewed			pos_from_wordnet
demaskim_N	N	demaskim		07213395-n	Albanet/OMW	wns/als/wn-data-als.tab	imported_unreviewed			pos_from_wordnet
demokraci_N	N	demokraci		08361329-n	Albanet/OMW	wns/als/wn-data-als.tab	imported_unreviewed			pos_from_wordnet
demoralizim_N	N	demoralizim		00272713-n	Albanet/OMW	wns/als/wn-data-als.tab	imported_unreviewed			pos_from_wordnet
demostrim_N	N	demostrim		06879180-n	Albanet/OMW	wns/als/wn-data-als.tab	imported_unreviewed			pos_from_wordnet
dentist_N	N	dentist		10004282-n	Albanet/OMW	wns/als/wn-data-als.tab	imported_unreviewed			pos_from_wordnet
departament_N	N	departament		08114861-n	Albanet/OMW	wns/als/wn-data-als.tab	imported_unreviewed			pos_from_wordnet
depo_N	N	depo		03177349-n	Albanet/OMW	wns/als/wn-data-als.tab	imported_unreviewed			pos_from_wordnet
depo_hekurudhor_N	N	depo hekurudhor		04611154-n	Albanet/OMW	wns/als/wn-data-als.tab	imported_unreviewed			multiword,pos_from_wordnet
depo_makinash_N	N	depo makinash		04611154-n	Albanet/OMW	wns/als/wn-data-als.tab	imported_unreviewed			multiword,pos_from_wordnet
depozit_N	N	depozit		13349662-n	Albanet/OMW	wns/als/wn-data-als.tab	imported_unreviewed			pos_from_wordnet
depozitim_N	N	depozitim		09428967-n	Albanet/OMW	wns/als/wn-data-als.tab	imported_unreviewed			pos_from_wordnet
depozitoj_N	N	depozitoj		00372448-n	Albanet/OMW	wns/als/wn-data-als.tab	imported_unreviewed			pos_from_wordnet
depozite_N	N	depozitë		00372448-n	Albanet/OMW	wns/als/wn-data-als.tab	imported_unreviewed			pos_from_wordnet
derdhet_N	N	derdhet		00329227-n	Albanet/OMW	wns/als/wn-data-als.tab	imported_unreviewed			pos_from_wordnet
derdhje_N	N	derdhje		00329819-n	Albanet/OMW	wns/als/wn-data-als.tab	imported_unreviewed			pos_from_wordnet
derrkuc_N	N	derrkuc		02395694-n	Albanet/OMW	wns/als/wn-data-als.tab	imported_unreviewed			pos_from_wordnet
dere_N	N	derë			Baseline LexiconSqi	door_N	baseline_lexicon_exact	door_N		lexicon_sqi_exact
desert_N	N	desert		07609840-n	Albanet/OMW	wns/als/wn-data-als.tab	imported_unreviewed			pos_from_wordnet
destinacion_N	N	destinacion		07330007-n	Albanet/OMW	wns/als/wn-data-als.tab	imported_unreviewed			pos_from_wordnet
det_N	N	det		09426788-n	Albanet/OMW | Baseline LexiconSqi	wns/als/wn-data-als.tab | sea_N	baseline_lexicon_exact	sea_N		lexicon_sqi_exact,pos_from_wordnet
detaj_N	N	detaj		05817845-n	Albanet/OMW	wns/als/wn-data-als.tab	imported_unreviewed			pos_from_wordnet
detyrim_N	N	detyrim		05161436-n	Albanet/OMW	wns/als/wn-data-als.tab	imported_unreviewed			pos_from_wordnet
detyre_N	N	detyrë		00586262-n	Albanet/OMW	wns/als/wn-data-als.tab	imported_unreviewed			pos_from_wordnet
detyre_mbeshtetese_N	N	detyrë mbeshtetese		08352303-n	Albanet/OMW	wns/als/wn-data-als.tab	imported_unreviewed			multiword,pos_from_wordnet
detyre_mbrojtese_N	N	detyrë mbrojtëse		00730538-n	Albanet/OMW	wns/als/wn-data-als.tab	imported_unreviewed			multiword,pos_from_wordnet
devijim_N	N	devijim		07366289-n	Albanet/OMW	wns/als/wn-data-als.tab	imported_unreviewed			pos_from_wordnet
devocion_N	N	devocion		01040646-n	Albanet/OMW	wns/als/wn-data-als.tab	imported_unreviewed			pos_from_wordnet
dhe_N	N	dhe		09335240-n	Albanet/OMW	wns/als/wn-data-als.tab	imported_unreviewed			pos_from_wordnet
dhembshuri_N	N	dhembshuri		07544647-n	Albanet/OMW	wns/als/wn-data-als.tab	imported_unreviewed			pos_from_wordnet
dhen_N	N	dhen		02411705-n	Albanet/OMW	wns/als/wn-data-als.tab	imported_unreviewed			pos_from_wordnet
dhimbje_N	N	dhimbje		07494363-n	Albanet/OMW	wns/als/wn-data-als.tab	imported_unreviewed			pos_from_wordnet
dhimbjeheqes_N	N	dhimbjeheqës		02707683-n	Albanet/OMW	wns/als/wn-data-als.tab	imported_unreviewed			pos_from_wordnet
dhjame_N	N	dhjamë			Baseline LexiconSqi	fat_N	baseline_lexicon_exact	fat_N		lexicon_sqi_exact
dhome_N	N	dhome		07985948-n	Albanet/OMW	wns/als/wn-data-als.tab	imported_unreviewed			pos_from_wordnet
dhome_N__2	N	dhomë		03003730-n	Albanet/OMW	wns/als/wn-data-als.tab	imported_unreviewed			pos_from_wordnet
dhome_ne_papafingo_N	N	dhomë në papafingo		03686130-n	Albanet/OMW	wns/als/wn-data-als.tab	imported_unreviewed			multiword,pos_from_wordnet
dhunim_N	N	dhunim		00770270-n	Albanet/OMW	wns/als/wn-data-als.tab	imported_unreviewed			pos_from_wordnet
dhunoj_N	N	dhunoj		00770270-n	Albanet/OMW	wns/als/wn-data-als.tab	imported_unreviewed			pos_from_wordnet
dhune_N	N	dhunë		00965404-n	Albanet/OMW	wns/als/wn-data-als.tab	imported_unreviewed			pos_from_wordnet
dhurate_N	N	dhuratë		01086081-n	Albanet/OMW	wns/als/wn-data-als.tab	imported_unreviewed			pos_from_wordnet
dhuroj_N	N	dhuroj		01086081-n	Albanet/OMW	wns/als/wn-data-als.tab	imported_unreviewed			pos_from_wordnet
dhemb_N	N	dhëmb		05282746-n	Albanet/OMW | Baseline LexiconSqi	wns/als/wn-data-als.tab | tooth_N	baseline_lexicon_exact	tooth_N		lexicon_sqi_exact,pos_from_wordnet
dhembe_N	N	dhëmbë		02155872-n	Albanet/OMW	wns/als/wn-data-als.tab	imported_unreviewed			pos_from_wordnet
dhenie_me_qera_N	N	dhënie me qera		13248393-n	Albanet/OMW	wns/als/wn-data-als.tab	imported_unreviewed			multiword,pos_from_wordnet
dialog_N	N	dialog		07148192-n	Albanet/OMW	wns/als/wn-data-als.tab	imported_unreviewed			pos_from_wordnet
diell_N	N	diell			Baseline LexiconSqi	sun_N	baseline_lexicon_exact	sun_N		lexicon_sqi_exact
dieni_N	N	dieni		05675905-n	Albanet/OMW	wns/als/wn-data-als.tab	imported_unreviewed			pos_from_wordnet
diference_N	N	diferencë		07181935-n	Albanet/OMW	wns/als/wn-data-als.tab	imported_unreviewed			pos_from_wordnet
diference_opinionesh_N	N	diferencë opinionesh		07181935-n	Albanet/OMW	wns/als/wn-data-als.tab	imported_unreviewed			multiword,pos_from_wordnet
difuzion_N	N	difuzion		13465530-n	Albanet/OMW	wns/als/wn-data-als.tab	imported_unreviewed			pos_from_wordnet
dijeni_N	N	dijeni		00023271-n	Albanet/OMW	wns/als/wn-data-als.tab	imported_unreviewed			pos_from_wordnet
dijetar_aplikimesh_N	N	dijetar aplikimesh		09615807-n	Albanet/OMW	wns/als/wn-data-als.tab	imported_unreviewed			multiword,pos_from_wordnet
diktim_N	N	diktim		07168131-n	Albanet/OMW	wns/als/wn-data-als.tab	imported_unreviewed			pos_from_wordnet
dikush_N	N	dikush		00007846-n	Albanet/OMW	wns/als/wn-data-als.tab	imported_unreviewed			pos_from_wordnet
dimension_N	N	dimension		05091194-n	Albanet/OMW	wns/als/wn-data-als.tab	imported_unreviewed			pos_from_wordnet
dimer_N	N	dimër		15237782-n	Albanet/OMW	wns/als/wn-data-als.tab	imported_unreviewed			pos_from_wordnet
dioqeze_N	N	dioqezë		08550966-n	Albanet/OMW	wns/als/wn-data-als.tab	imported_unreviewed			pos_from_wordnet
disa_gjera_te_ndryshme_N	N	disa gjëra të ndryshme		04345288-n	Albanet/OMW	wns/als/wn-data-als.tab	imported_unreviewed			multiword,pos_from_wordnet
disavantazh_N	N	disavantazh		05161614-n	Albanet/OMW	wns/als/wn-data-als.tab	imported_unreviewed			pos_from_wordnet
disfate_N	N	disfatë		07475364-n	Albanet/OMW	wns/als/wn-data-als.tab	imported_unreviewed			pos_from_wordnet
disipline_N	N	disiplinë		04881623-n	Albanet/OMW	wns/als/wn-data-als.tab	imported_unreviewed			pos_from_wordnet
disk_N	N	disk		13875185-n	Albanet/OMW	wns/als/wn-data-als.tab	imported_unreviewed			pos_from_wordnet
disk_drive_N	N	disk drive		03209666-n	Albanet/OMW	wns/als/wn-data-als.tab	imported_unreviewed			multiword,pos_from_wordnet
diskutim_N	N	diskutim		07138085-n	Albanet/OMW	wns/als/wn-data-als.tab	imported_unreviewed			pos_from_wordnet
disonance_N	N	disonancë		07430211-n	Albanet/OMW	wns/als/wn-data-als.tab	imported_unreviewed			pos_from_wordnet
distance_N	N	distance		07505871-n	Albanet/OMW	wns/als/wn-data-als.tab	imported_unreviewed			pos_from_wordnet
distance_N__2	N	distancë		05084201-n	Albanet/OMW	wns/als/wn-data-als.tab	imported_unreviewed			pos_from_wordnet
dita_yjore_N	N	dita yjore		15208333-n	Albanet/OMW	wns/als/wn-data-als.tab	imported_unreviewed			multiword,pos_from_wordnet
dituri_N	N	dituri		05804793-n	Albanet/OMW	wns/als/wn-data-als.tab	imported_unreviewed			pos_from_wordnet
dite_N	N	ditë		15208540-n	Albanet/OMW | Baseline LexiconSqi	wns/als/wn-data-als.tab | day_N	baseline_lexicon_exact	day_N		lexicon_sqi_exact,pos_from_wordnet
dite_e_shenuar_N	N	ditë e shënuar		15157225-n	Albanet/OMW	wns/als/wn-data-als.tab	imported_unreviewed			multiword,pos_from_wordnet
dite_pune_N	N	ditë pune		15136723-n	Albanet/OMW	wns/als/wn-data-als.tab	imported_unreviewed			multiword,pos_from_wordnet
dite_pushimi_N	N	ditë pushimi		15183428-n	Albanet/OMW	wns/als/wn-data-als.tab	imported_unreviewed			multiword,pos_from_wordnet
dite_te_erreta_N	N	ditë të errëta		15167577-n	Albanet/OMW	wns/als/wn-data-als.tab	imported_unreviewed			multiword,pos_from_wordnet
ditet_e_muajit_N	N	ditët e muajit		15159583-n	Albanet/OMW	wns/als/wn-data-als.tab	imported_unreviewed			multiword,pos_from_wordnet
divan_N	N	divan		04162998-n	Albanet/OMW	wns/als/wn-data-als.tab	imported_unreviewed			pos_from_wordnet
divizion_N	N	divizion		08213205-n	Albanet/OMW	wns/als/wn-data-als.tab	imported_unreviewed			pos_from_wordnet
divizion_ajror_N	N	divizion ajror		08219330-n	Albanet/OMW	wns/als/wn-data-als.tab	imported_unreviewed			multiword,pos_from_wordnet
divizion_detar_N	N	divizion detar		08219226-n	Albanet/OMW	wns/als/wn-data-als.tab	imported_unreviewed			multiword,pos_from_wordnet
dizenjo_N	N	dizenjo		03178782-n	Albanet/OMW	wns/als/wn-data-als.tab	imported_unreviewed			pos_from_wordnet
djallos_N	N	djallos		00074790-n	Albanet/OMW	wns/als/wn-data-als.tab	imported_unreviewed			pos_from_wordnet
djalosh_N	N	djalosh		09908025-n	Albanet/OMW	wns/als/wn-data-als.tab	imported_unreviewed			pos_from_wordnet
djale_N	N	djalë		09908025-n	Albanet/OMW | Baseline LexiconSqi	wns/als/wn-data-als.tab | boy_N	baseline_lexicon_exact	boy_N		lexicon_sqi_exact,pos_from_wordnet
djathtas_N	N	djathtas		08625073-n	Albanet/OMW	wns/als/wn-data-als.tab	imported_unreviewed			pos_from_wordnet
djathe_N	N	djathë		07850329-n	Albanet/OMW | Baseline LexiconSqi	wns/als/wn-data-als.tab | cheese_N	baseline_lexicon_exact	cheese_N		lexicon_sqi_exact,pos_from_wordnet
dje_N	N	dje		15120823-n	Albanet/OMW	wns/als/wn-data-als.tab	imported_unreviewed			pos_from_wordnet
dobesi_N	N	dobësi		05040275-n	Albanet/OMW	wns/als/wn-data-als.tab	imported_unreviewed			pos_from_wordnet
dobesim_N	N	dobësim		13457378-n	Albanet/OMW	wns/als/wn-data-als.tab	imported_unreviewed			pos_from_wordnet
dobesim_i_kockave_N	N	dobësim i kockave		14066203-n	Albanet/OMW	wns/als/wn-data-als.tab	imported_unreviewed			multiword,pos_from_wordnet
dogme_N	N	dogmë		05941423-n	Albanet/OMW	wns/als/wn-data-als.tab	imported_unreviewed			pos_from_wordnet
doktor_N	N	doktor		10020890-n	Albanet/OMW	wns/als/wn-data-als.tab	imported_unreviewed			pos_from_wordnet
doktor_dhembesh_N	N	doktor dhëmbësh		10004282-n	Albanet/OMW	wns/als/wn-data-als.tab	imported_unreviewed			multiword,pos_from_wordnet
dokument_N	N	dokument		03217458-n	Albanet/OMW	wns/als/wn-data-als.tab	imported_unreviewed			pos_from_wordnet
dokument_ligji_N	N	dokument ligji		06479665-n	Albanet/OMW	wns/als/wn-data-als.tab	imported_unreviewed			multiword,pos_from_wordnet
dokument_zyrtar_N	N	dokument zyrtar		06479665-n	Albanet/OMW	wns/als/wn-data-als.tab	imported_unreviewed			multiword,pos_from_wordnet
dollap_ne_mur_N	N	dollap në mur		04550184-n	Albanet/OMW	wns/als/wn-data-als.tab	imported_unreviewed			multiword,pos_from_wordnet
dollap_per_rroba_N	N	dollap për rroba		03015254-n	Albanet/OMW	wns/als/wn-data-als.tab	imported_unreviewed			multiword,pos_from_wordnet
dollap_rrobash_N	N	dollap rrobash		04550184-n	Albanet/OMW	wns/als/wn-data-als.tab	imported_unreviewed			multiword,pos_from_wordnet
dollar_N	N	dollar		13391967-n	Albanet/OMW	wns/als/wn-data-als.tab	imported_unreviewed			pos_from_wordnet
domethenie_N	N	domethënie		05169813-n	Albanet/OMW	wns/als/wn-data-als.tab	imported_unreviewed			pos_from_wordnet
dominance_N	N	dominancë		14441825-n	Albanet/OMW	wns/als/wn-data-als.tab	imported_unreviewed			pos_from_wordnet
dore_N	N	dore		01208460-n	Albanet/OMW	wns/als/wn-data-als.tab	imported_unreviewed			pos_from_wordnet
dore_letrash_N	N	dore letrash		07956887-n	Albanet/OMW	wns/als/wn-data-als.tab	imported_unreviewed			multiword,pos_from_wordnet
dore_ndihmuese_N	N	dore ndihmuese		01208460-n	Albanet/OMW	wns/als/wn-data-als.tab	imported_unreviewed			multiword,pos_from_wordnet
doreze_N	N	dorezë		03485997-n	Albanet/OMW | Baseline LexiconSqi	wns/als/wn-data-als.tab | glove_N	baseline_lexicon_exact	glove_N		lexicon_sqi_exact,pos_from_wordnet
doreze_kamzhiku_N	N	dorezë kamzhiku		03134496-n	Albanet/OMW	wns/als/wn-data-als.tab	imported_unreviewed			multiword,pos_from_wordnet
dore_N__2	N	dorë		05637965-n	Albanet/OMW | Baseline LexiconSqi	wns/als/wn-data-als.tab | hand_N	baseline_lexicon_exact	hand_N		lexicon_sqi_exact,pos_from_wordnet
dorezim_N	N	dorëzim		00093483-n	Albanet/OMW	wns/als/wn-data-als.tab	imported_unreviewed			pos_from_wordnet
dorezohem_N	N	dorëzohem		00067707-n	Albanet/OMW	wns/als/wn-data-als.tab	imported_unreviewed			pos_from_wordnet
dosje_te_dhenash_N	N	dosje te dhënash		06508816-n	Albanet/OMW	wns/als/wn-data-als.tab	imported_unreviewed			multiword,pos_from_wordnet
dotrine_N	N	dotrinë		05943300-n	Albanet/OMW	wns/als/wn-data-als.tab	imported_unreviewed			pos_from_wordnet
dramatik_N	N	dramatik		07006119-n	Albanet/OMW	wns/als/wn-data-als.tab	imported_unreviewed			pos_from_wordnet
dramaturgji_N	N	dramaturgji		07006119-n	Albanet/OMW	wns/als/wn-data-als.tab	imported_unreviewed			pos_from_wordnet
dredh_N	N	dredh		13936939-n	Albanet/OMW	wns/als/wn-data-als.tab	imported_unreviewed			pos_from_wordnet
dredhi_N	N	dredhi		05905802-n	Albanet/OMW	wns/als/wn-data-als.tab	imported_unreviewed			pos_from_wordnet
drejtesi_N	N	drejtesi		06532330-n	Albanet/OMW	wns/als/wn-data-als.tab	imported_unreviewed			pos_from_wordnet
drejtim_N	N	drejtim		00038262-n	Albanet/OMW	wns/als/wn-data-als.tab	imported_unreviewed			pos_from_wordnet
drejtim_i_gabuar_N	N	drejtim i gabuar		00732746-n	Albanet/OMW	wns/als/wn-data-als.tab	imported_unreviewed			multiword,pos_from_wordnet
drejtim_politike_N	N	drejtim politike		06212839-n	Albanet/OMW	wns/als/wn-data-als.tab	imported_unreviewed			multiword,pos_from_wordnet
drejtkendesh_N	N	drejtkendesh		13873361-n	Albanet/OMW	wns/als/wn-data-als.tab	imported_unreviewed			pos_from_wordnet
drejtor_N	N	drejtor		10014939-n	Albanet/OMW	wns/als/wn-data-als.tab	imported_unreviewed			pos_from_wordnet
drejtor_ekzekutiv_N	N	drejtor ekzekutiv		10069645-n	Albanet/OMW	wns/als/wn-data-als.tab	imported_unreviewed			multiword,pos_from_wordnet
drejtues_N	N	drejtues		01256417-n	Albanet/OMW	wns/als/wn-data-als.tab	imported_unreviewed			pos_from_wordnet
drejtues_shfaqjeje_N	N	drejtues shfaqjeje		10593745-n	Albanet/OMW	wns/als/wn-data-als.tab	imported_unreviewed			multiword,pos_from_wordnet
drejtues_shteti_N	N	drejtues shteti		10164747-n	Albanet/OMW	wns/als/wn-data-als.tab	imported_unreviewed			multiword,pos_from_wordnet
drejte_N	N	drejtë		05174653-n	Albanet/OMW	wns/als/wn-data-als.tab	imported_unreviewed			pos_from_wordnet
drejtesi_N__2	N	drejtësi		04850117-n	Albanet/OMW	wns/als/wn-data-als.tab	imported_unreviewed			pos_from_wordnet
dremitje_N	N	dremitje		15273626-n	Albanet/OMW	wns/als/wn-data-als.tab	imported_unreviewed			pos_from_wordnet
dridhem_nga_frika_N	N	dridhem nga frika		07520112-n	Albanet/OMW	wns/als/wn-data-als.tab	imported_unreviewed			multiword,pos_from_wordnet
dridhje_N	N	dridhje		07520112-n	Albanet/OMW	wns/als/wn-data-als.tab	imported_unreviewed			pos_from_wordnet
drita_N	N	drita		11473954-n	Albanet/OMW	wns/als/wn-data-als.tab	imported_unreviewed			pos_from_wordnet
dritare_N	N	dritare		04587648-n	Albanet/OMW | Baseline LexiconSqi	wns/als/wn-data-als.tab | window_N	baseline_lexicon_exact	window_N		lexicon_sqi_exact,pos_from_wordnet
drith_N	N	drith		12101870-n	Albanet/OMW	wns/als/wn-data-als.tab	imported_unreviewed			pos_from_wordnet
drithera_N	N	drithëra		07802417-n	Albanet/OMW	wns/als/wn-data-als.tab	imported_unreviewed			pos_from_wordnet
dritherime_N	N	drithërimë		07520112-n	Albanet/OMW	wns/als/wn-data-als.tab	imported_unreviewed			pos_from_wordnet
drite_dielli_N	N	dritë dielli		11485367-n	Albanet/OMW	wns/als/wn-data-als.tab	imported_unreviewed			multiword,pos_from_wordnet
drite_e_diellit_N	N	dritë e diellit		11485367-n	Albanet/OMW	wns/als/wn-data-als.tab	imported_unreviewed			multiword,pos_from_wordnet
drite_hene_N	N	dritë hëne		11484975-n	Albanet/OMW	wns/als/wn-data-als.tab	imported_unreviewed			multiword,pos_from_wordnet
droge_N	N	drogë		03247620-n	Albanet/OMW	wns/als/wn-data-als.tab	imported_unreviewed			pos_from_wordnet
dru_N	N	dru		08438533-n	Albanet/OMW | Baseline LexiconSqi	wns/als/wn-data-als.tab | wood_N	baseline_lexicon_exact	wood_N		lexicon_sqi_exact,pos_from_wordnet
dru_zjarri_N	N	dru zjarri		15100644-n	Albanet/OMW	wns/als/wn-data-als.tab	imported_unreviewed			multiword,pos_from_wordnet
druajtje_N	N	druajtje		07524529-n	Albanet/OMW	wns/als/wn-data-als.tab	imported_unreviewed			pos_from_wordnet
drure_pylli_N	N	drurë pylli		09284015-n	Albanet/OMW	wns/als/wn-data-als.tab	imported_unreviewed			multiword,pos_from_wordnet
duhan_N	N	duhan		04103491-n	Albanet/OMW	wns/als/wn-data-als.tab	imported_unreviewed			pos_from_wordnet
dukuri_atmosferike_N	N	dukuri atmosferike		11425580-n	Albanet/OMW	wns/als/wn-data-als.tab	imported_unreviewed			multiword,pos_from_wordnet
dukuri_elektrike_N	N	dukuri elektrike		11449002-n	Albanet/OMW	wns/als/wn-data-als.tab	imported_unreviewed			multiword,pos_from_wordnet
dukuri_fizike_N	N	dukuri fizike		11419404-n	Albanet/OMW	wns/als/wn-data-als.tab	imported_unreviewed			multiword,pos_from_wordnet
dukuri_mekanike_N	N	dukuri mekanike		11480698-n	Albanet/OMW	wns/als/wn-data-als.tab	imported_unreviewed			multiword,pos_from_wordnet
dukuri_optike_N	N	dukuri optike		11490638-n	Albanet/OMW	wns/als/wn-data-als.tab	imported_unreviewed			multiword,pos_from_wordnet
dukuri_organike_N	N	dukuri organike		11418750-n	Albanet/OMW	wns/als/wn-data-als.tab	imported_unreviewed			multiword,pos_from_wordnet
dyanshmeri_N	N	dyanshmeri		13841213-n	Albanet/OMW	wns/als/wn-data-als.tab	imported_unreviewed			pos_from_wordnet
dyluftim_N	N	dyluftim		07464725-n	Albanet/OMW	wns/als/wn-data-als.tab	imported_unreviewed			pos_from_wordnet
dyndje_N	N	dyndje		00972621-n	Albanet/OMW	wns/als/wn-data-als.tab	imported_unreviewed			pos_from_wordnet
dyqan_N	N	dyqan		04202417-n	Albanet/OMW | Baseline LexiconSqi	wns/als/wn-data-als.tab | shop_N	baseline_lexicon_exact	shop_N		lexicon_sqi_exact,pos_from_wordnet
dyshek_N	N	dyshek		03731164-n	Albanet/OMW	wns/als/wn-data-als.tab	imported_unreviewed			pos_from_wordnet
dysheme_N	N	dysheme		03365592-n	Albanet/OMW | Baseline LexiconSqi	wns/als/wn-data-als.tab | floor_N	baseline_lexicon_exact	floor_N		lexicon_sqi_exact,pos_from_wordnet
dyshim_N	N	dyshim		05698247-n	Albanet/OMW	wns/als/wn-data-als.tab	imported_unreviewed			pos_from_wordnet
debim_nga_atdheu_N	N	dëbim nga atdheu		00056087-n	Albanet/OMW	wns/als/wn-data-als.tab	imported_unreviewed			multiword,pos_from_wordnet
debore_N	N	dëborë		11508382-n	Albanet/OMW	wns/als/wn-data-als.tab	imported_unreviewed			pos_from_wordnet
defrim_N	N	dëfrim		00512522-n	Albanet/OMW	wns/als/wn-data-als.tab	imported_unreviewed			pos_from_wordnet
degjim_N	N	dëgjim		14484778-n	Albanet/OMW	wns/als/wn-data-als.tab	imported_unreviewed			pos_from_wordnet
degjoj_N	N	dëgjoj		00882159-n	Albanet/OMW	wns/als/wn-data-als.tab	imported_unreviewed			pos_from_wordnet
demshperblim_N	N	dëmshpërblim		00089351-n	Albanet/OMW	wns/als/wn-data-als.tab	imported_unreviewed			pos_from_wordnet
demtim_N	N	dëmtim		00403092-n	Albanet/OMW	wns/als/wn-data-als.tab	imported_unreviewed			pos_from_wordnet
demtoj_N	N	dëmtoj		00403092-n	Albanet/OMW	wns/als/wn-data-als.tab	imported_unreviewed			pos_from_wordnet
denim_N	N	dënim		01160342-n	Albanet/OMW	wns/als/wn-data-als.tab	imported_unreviewed			pos_from_wordnet
dergese_N	N	dërgesë		00317207-n	Albanet/OMW	wns/als/wn-data-als.tab	imported_unreviewed			pos_from_wordnet
dergim_N	N	dërgim		00061290-n	Albanet/OMW	wns/als/wn-data-als.tab	imported_unreviewed			pos_from_wordnet
derrase_hekurosjeje_N	N	dërrasë hekurosjeje		03586090-n	Albanet/OMW	wns/als/wn-data-als.tab	imported_unreviewed			multiword,pos_from_wordnet
deshire_N	N	dëshirë		07185870-n	Albanet/OMW	wns/als/wn-data-als.tab	imported_unreviewed			pos_from_wordnet
deshire_seksuale_N	N	dëshirë seksuale		07487955-n	Albanet/OMW	wns/als/wn-data-als.tab	imported_unreviewed			multiword,pos_from_wordnet
deshmi_N	N	dëshmi		06643408-n	Albanet/OMW	wns/als/wn-data-als.tab	imported_unreviewed			pos_from_wordnet
deshperim_N	N	dëshpërim		07535010-n	Albanet/OMW	wns/als/wn-data-als.tab	imported_unreviewed			pos_from_wordnet
deshtim_N	N	dështim		00066636-n	Albanet/OMW	wns/als/wn-data-als.tab	imported_unreviewed			pos_from_wordnet
deshtoj_N	N	dështoj		00074790-n	Albanet/OMW	wns/als/wn-data-als.tab	imported_unreviewed			pos_from_wordnet
e_ardhme_N	N	e ardhme		15121625-n	Albanet/OMW	wns/als/wn-data-als.tab	imported_unreviewed			multiword,pos_from_wordnet
e_ben_per_vdekje_N	N	e bën për vdekje		00219012-n	Albanet/OMW	wns/als/wn-data-als.tab	imported_unreviewed			multiword,pos_from_wordnet
e_dale_N	N	e dale		13894434-n	Albanet/OMW	wns/als/wn-data-als.tab	imported_unreviewed			multiword,pos_from_wordnet
e_drejte_N	N	e drejte		01181475-n	Albanet/OMW	wns/als/wn-data-als.tab	imported_unreviewed			multiword,pos_from_wordnet
e_drejte_hyrjeje_N	N	e drejtë hyrjeje		00049003-n	Albanet/OMW	wns/als/wn-data-als.tab	imported_unreviewed			multiword,pos_from_wordnet
e_drejte_zgjedhjeje_N	N	e drejtë zgjedhjeje		00161243-n	Albanet/OMW	wns/als/wn-data-als.tab	imported_unreviewed			multiword,pos_from_wordnet
e_gjithe_N	N	e gjithë		05814162-n	Albanet/OMW	wns/als/wn-data-als.tab	imported_unreviewed			multiword,pos_from_wordnet
e_kaluara_N	N	e kaluara		15123996-n	Albanet/OMW	wns/als/wn-data-als.tab	imported_unreviewed			multiword,pos_from_wordnet
e_mete_N	N	e metë		00070965-n	Albanet/OMW	wns/als/wn-data-als.tab	imported_unreviewed			multiword,pos_from_wordnet
e_plote_N	N	e plote		00003553-n	Albanet/OMW	wns/als/wn-data-als.tab	imported_unreviewed			multiword,pos_from_wordnet
e_shijshme_N	N	e shijshme		07557165-n	Albanet/OMW	wns/als/wn-data-als.tab	imported_unreviewed			multiword,pos_from_wordnet
e_shtene_N	N	e shtënë		00122661-n	Albanet/OMW	wns/als/wn-data-als.tab	imported_unreviewed			multiword,pos_from_wordnet
e_ushqyeshme_N	N	e ushqyeshme		07570720-n	Albanet/OMW	wns/als/wn-data-als.tab	imported_unreviewed			multiword,pos_from_wordnet
e_vecante_N	N	e vecante		13809920-n	Albanet/OMW	wns/als/wn-data-als.tab	imported_unreviewed			multiword,pos_from_wordnet
eccentric_N	N	eccentric		10042845-n	Albanet/OMW	wns/als/wn-data-als.tab	imported_unreviewed			pos_from_wordnet
eci_N	N	eci		00283568-n	Albanet/OMW	wns/als/wn-data-als.tab	imported_unreviewed			pos_from_wordnet
ecje_N	N	ecje		00279835-n	Albanet/OMW	wns/als/wn-data-als.tab	imported_unreviewed			pos_from_wordnet
ecje_e_lehte_N	N	ecje e lehtë		00308370-n	Albanet/OMW	wns/als/wn-data-als.tab	imported_unreviewed			multiword,pos_from_wordnet
edukator_N	N	edukator		10045713-n	Albanet/OMW	wns/als/wn-data-als.tab	imported_unreviewed			pos_from_wordnet
edukim_N	N	edukim		00611433-n	Albanet/OMW	wns/als/wn-data-als.tab	imported_unreviewed			pos_from_wordnet
efekt_N	N	efekt		05034225-n	Albanet/OMW	wns/als/wn-data-als.tab	imported_unreviewed			pos_from_wordnet
efekthmeri_N	N	efekthmëri		05034225-n	Albanet/OMW	wns/als/wn-data-als.tab	imported_unreviewed			pos_from_wordnet
efektshmeri_N	N	efektshmëri		05199286-n	Albanet/OMW	wns/als/wn-data-als.tab	imported_unreviewed			pos_from_wordnet
efikasitet_N	N	efikasitet		05199286-n	Albanet/OMW	wns/als/wn-data-als.tab	imported_unreviewed			pos_from_wordnet
egoizem_N	N	egoizëm		04835028-n	Albanet/OMW	wns/als/wn-data-als.tab	imported_unreviewed			pos_from_wordnet
eger_N	N	egër		13939353-n	Albanet/OMW	wns/als/wn-data-als.tab	imported_unreviewed			pos_from_wordnet
egersi_N	N	egërsi		07516997-n	Albanet/OMW	wns/als/wn-data-als.tab	imported_unreviewed			pos_from_wordnet
ekip_N	N	ekip		07985384-n	Albanet/OMW	wns/als/wn-data-als.tab	imported_unreviewed			pos_from_wordnet
ekluze_N	N	ekluzë		03683079-n	Albanet/OMW	wns/als/wn-data-als.tab	imported_unreviewed			pos_from_wordnet
ekonomat_N	N	ekonomat		10677271-n	Albanet/OMW	wns/als/wn-data-als.tab	imported_unreviewed			pos_from_wordnet
ekonomi_N	N	ekonomi		08366753-n	Albanet/OMW	wns/als/wn-data-als.tab	imported_unreviewed			pos_from_wordnet
ekonomi_bujqesore_N	N	ekonomi bujqësore		00916464-n	Albanet/OMW	wns/als/wn-data-als.tab	imported_unreviewed			multiword,pos_from_wordnet
ekonomi_shtepie_N	N	ekonomi shtepie		08078020-n	Albanet/OMW	wns/als/wn-data-als.tab	imported_unreviewed			multiword,pos_from_wordnet
ekonomizim_N	N	ekonomizim		00192613-n	Albanet/OMW	wns/als/wn-data-als.tab	imported_unreviewed			pos_from_wordnet
ekscentrik_N	N	ekscentrik		09909060-n	Albanet/OMW	wns/als/wn-data-als.tab	imported_unreviewed			pos_from_wordnet
ekskursion_N	N	ekskursion		00308370-n	Albanet/OMW	wns/als/wn-data-als.tab	imported_unreviewed			pos_from_wordnet
ekspedite_ushtarake_N	N	ekspeditë ushtarake		00968155-n	Albanet/OMW	wns/als/wn-data-als.tab	imported_unreviewed			multiword,pos_from_wordnet
eksperience_N	N	eksperiencë		07285403-n	Albanet/OMW	wns/als/wn-data-als.tab	imported_unreviewed			pos_from_wordnet
eksperiment_N	N	eksperiment		00639556-n	Albanet/OMW	wns/als/wn-data-als.tab	imported_unreviewed			pos_from_wordnet
ekspert_N	N	ekspert		09617867-n	Albanet/OMW	wns/als/wn-data-als.tab	imported_unreviewed			pos_from_wordnet
eksplosion_N	N	eksplosion		07308563-n	Albanet/OMW	wns/als/wn-data-als.tab	imported_unreviewed			pos_from_wordnet
eksploziv_N	N	eksploziv		03304730-n	Albanet/OMW	wns/als/wn-data-als.tab	imported_unreviewed			pos_from_wordnet
ekspo_N	N	ekspo		08407619-n	Albanet/OMW	wns/als/wn-data-als.tab	imported_unreviewed			pos_from_wordnet
eksportoj_N	N	eksportoj		03306207-n	Albanet/OMW	wns/als/wn-data-als.tab	imported_unreviewed			pos_from_wordnet
ekspozim_N	N	ekspozim		00521209-n	Albanet/OMW	wns/als/wn-data-als.tab	imported_unreviewed			pos_from_wordnet
ekspozim_pikture_N	N	ekspozim pikturë		06613686-n	Albanet/OMW	wns/als/wn-data-als.tab	imported_unreviewed			multiword,pos_from_wordnet
ekstrem_N	N	ekstrem		08568978-n	Albanet/OMW	wns/als/wn-data-als.tab	imported_unreviewed			pos_from_wordnet
ekuator_N	N	ekuator		08568719-n	Albanet/OMW	wns/als/wn-data-als.tab	imported_unreviewed			pos_from_wordnet
ekuilibrim_N	N	ekuilibrim		13897996-n	Albanet/OMW	wns/als/wn-data-als.tab	imported_unreviewed			pos_from_wordnet
ekuiliber_N	N	ekuilibër		13897996-n	Albanet/OMW	wns/als/wn-data-als.tab	imported_unreviewed			pos_from_wordnet
ekuipazh_N	N	ekuipazh		08242799-n	Albanet/OMW	wns/als/wn-data-als.tab	imported_unreviewed			pos_from_wordnet
ekzaminim_N	N	ekzaminim		00635850-n	Albanet/OMW	wns/als/wn-data-als.tab	imported_unreviewed			pos_from_wordnet
ekzekutim_N	N	ekzekutim		00220522-n	Albanet/OMW	wns/als/wn-data-als.tab	imported_unreviewed			pos_from_wordnet
ekzibicion_N	N	ekzibicion		08407619-n	Albanet/OMW	wns/als/wn-data-als.tab	imported_unreviewed			pos_from_wordnet
ekzistence_N	N	ekzistence		09466280-n	Albanet/OMW	wns/als/wn-data-als.tab	imported_unreviewed			pos_from_wordnet
ekzistence_N__2	N	ekzistencë		13954253-n	Albanet/OMW	wns/als/wn-data-als.tab	imported_unreviewed			pos_from_wordnet
ekzistence_jete_N	N	ekzistencë jete		00006269-n	Albanet/OMW	wns/als/wn-data-als.tab	imported_unreviewed			multiword,pos_from_wordnet
elegance_N	N	elegance		07557165-n	Albanet/OMW	wns/als/wn-data-als.tab	imported_unreviewed			pos_from_wordnet
elegance_N__2	N	elegancë		04812268-n	Albanet/OMW	wns/als/wn-data-als.tab	imported_unreviewed			pos_from_wordnet
elektricitet_N	N	elektricitet		11449907-n	Albanet/OMW	wns/als/wn-data-als.tab	imported_unreviewed			pos_from_wordnet
element_N	N	element		03081021-n	Albanet/OMW	wns/als/wn-data-als.tab	imported_unreviewed			pos_from_wordnet
element_familje_N	N	element familje		07970406-n	Albanet/OMW	wns/als/wn-data-als.tab	imported_unreviewed			multiword,pos_from_wordnet
element_kimik_N	N	element kimik		14622893-n	Albanet/OMW	wns/als/wn-data-als.tab	imported_unreviewed			multiword,pos_from_wordnet
element_metalik_N	N	element metalik		14625458-n	Albanet/OMW	wns/als/wn-data-als.tab	imported_unreviewed			multiword,pos_from_wordnet
element_njohes_N	N	element njohës		05686481-n	Albanet/OMW	wns/als/wn-data-als.tab	imported_unreviewed			multiword,pos_from_wordnet
element_pastrues_N	N	element pastrues		03040587-n	Albanet/OMW	wns/als/wn-data-als.tab	imported_unreviewed			multiword,pos_from_wordnet
element_perberes_N	N	element përbërës		05868954-n	Albanet/OMW	wns/als/wn-data-als.tab	imported_unreviewed			multiword,pos_from_wordnet
elemente_kryesor_N	N	elementë kryesor		14596700-n	Albanet/OMW	wns/als/wn-data-als.tab	imported_unreviewed			multiword,pos_from_wordnet
elipse_N	N	elipse		13878306-n	Albanet/OMW	wns/als/wn-data-als.tab	imported_unreviewed			pos_from_wordnet
embleme_N	N	emblemë		03185562-n	Albanet/OMW	wns/als/wn-data-als.tab	imported_unreviewed			pos_from_wordnet
emigracion_N	N	emigracion		00056087-n	Albanet/OMW	wns/als/wn-data-als.tab	imported_unreviewed			pos_from_wordnet
emigrim_N	N	emigrim		00056087-n	Albanet/OMW	wns/als/wn-data-als.tab	imported_unreviewed			pos_from_wordnet
emision_N	N	emision		06568978-n	Albanet/OMW	wns/als/wn-data-als.tab	imported_unreviewed			pos_from_wordnet
emision_i_kompjuterikzuar_N	N	emision i kompjuterikzuar		06568978-n	Albanet/OMW	wns/als/wn-data-als.tab	imported_unreviewed			multiword,pos_from_wordnet
emocion_N	N	emocion		07480068-n	Albanet/OMW	wns/als/wn-data-als.tab	imported_unreviewed			pos_from_wordnet
emri_i_familje_N	N	emri i familje		06336904-n	Albanet/OMW	wns/als/wn-data-als.tab	imported_unreviewed			multiword,pos_from_wordnet
emer_N	N	emër		06333653-n	Albanet/OMW | Baseline LexiconSqi	wns/als/wn-data-als.tab | name_N	baseline_lexicon_exact	name_N		lexicon_sqi_exact,pos_from_wordnet
emer_profesion_N	N	emër profesion		06845599-n	Albanet/OMW	wns/als/wn-data-als.tab	imported_unreviewed			multiword,pos_from_wordnet
emerim_N	N	emërim		07230502-n	Albanet/OMW	wns/als/wn-data-als.tab	imported_unreviewed			pos_from_wordnet
ena_arteriale_e_gjakut_N	N	ena arteriale e gjakut		05333777-n	Albanet/OMW	wns/als/wn-data-als.tab	imported_unreviewed			multiword,pos_from_wordnet
energji_N	N	energji		11452218-n	Albanet/OMW	wns/als/wn-data-als.tab	imported_unreviewed			pos_from_wordnet
energji_elektrike_N	N	energji elektrike		11443532-n	Albanet/OMW	wns/als/wn-data-als.tab	imported_unreviewed			multiword,pos_from_wordnet
engjell_N	N	engjëll		09538915-n	Albanet/OMW	wns/als/wn-data-als.tab	imported_unreviewed			pos_from_wordnet
entitet_N	N	entitet		00001740-n	Albanet/OMW	wns/als/wn-data-als.tab	imported_unreviewed			pos_from_wordnet
entuziazem_N	N	entuziazëm		07555014-n	Albanet/OMW	wns/als/wn-data-als.tab	imported_unreviewed			pos_from_wordnet
ene_N	N	enë		03094503-n	Albanet/OMW	wns/als/wn-data-als.tab	imported_unreviewed			pos_from_wordnet
ene_gjaku_N	N	enë gjaku		05397333-n	Albanet/OMW	wns/als/wn-data-als.tab	imported_unreviewed			multiword,pos_from_wordnet
enezor_N	N	enëzor		05397178-n	Albanet/OMW	wns/als/wn-data-als.tab	imported_unreviewed			pos_from_wordnet
epifit_N	N	epifit		13122985-n	Albanet/OMW	wns/als/wn-data-als.tab	imported_unreviewed			pos_from_wordnet
episode_N	N	episode		07289956-n	Albanet/OMW	wns/als/wn-data-als.tab	imported_unreviewed			pos_from_wordnet
epoke_N	N	epokë		00028270-n	Albanet/OMW	wns/als/wn-data-als.tab	imported_unreviewed			pos_from_wordnet
epsh_N	N	epsh		07487955-n	Albanet/OMW	wns/als/wn-data-als.tab	imported_unreviewed			pos_from_wordnet
epersi_N	N	epërsi		05155821-n	Albanet/OMW	wns/als/wn-data-als.tab	imported_unreviewed			pos_from_wordnet
erashke_N	N	erashkë		13907415-n	Albanet/OMW	wns/als/wn-data-als.tab	imported_unreviewed			pos_from_wordnet
erozion_N	N	erozion		13475538-n	Albanet/OMW	wns/als/wn-data-als.tab	imported_unreviewed			pos_from_wordnet
erresire_N	N	errësirë		15167027-n	Albanet/OMW	wns/als/wn-data-als.tab	imported_unreviewed			pos_from_wordnet
ere_N	N	erë		04980008-n	Albanet/OMW | Baseline LexiconSqi	wns/als/wn-data-als.tab | wind_N	baseline_lexicon_exact	wind_N		lexicon_sqi_exact,pos_from_wordnet
ereza_N	N	erëza		07809368-n	Albanet/OMW	wns/als/wn-data-als.tab	imported_unreviewed			pos_from_wordnet
escape_N	N	escape		11553419-n	Albanet/OMW	wns/als/wn-data-als.tab	imported_unreviewed			pos_from_wordnet
eshtra_N	N	eshtra		05218119-n	Albanet/OMW	wns/als/wn-data-als.tab	imported_unreviewed			pos_from_wordnet
eshter_N	N	eshtër		05269901-n	Albanet/OMW	wns/als/wn-data-als.tab	imported_unreviewed			pos_from_wordnet
etikete_N	N	etiketë		08240169-n	Albanet/OMW	wns/als/wn-data-als.tab	imported_unreviewed			pos_from_wordnet
etje_N	N	etje		14039534-n	Albanet/OMW	wns/als/wn-data-als.tab	imported_unreviewed			pos_from_wordnet
europian_N	N	Europian		09686536-n	Albanet/OMW	wns/als/wn-data-als.tab	imported_unreviewed			case_marked,pos_from_wordnet
even_toed_ungulate_N	N	even-toed ungulate		02394477-n	Albanet/OMW	wns/als/wn-data-als.tab	imported_unreviewed			multiword,pos_from_wordnet
event_N	N	event		07283608-n	Albanet/OMW	wns/als/wn-data-als.tab	imported_unreviewed			pos_from_wordnet
event_periodike_N	N	event periodike		07296190-n	Albanet/OMW	wns/als/wn-data-als.tab	imported_unreviewed			multiword,pos_from_wordnet
event_shoqeror_N	N	event shoqëror		07288639-n	Albanet/OMW	wns/als/wn-data-als.tab	imported_unreviewed			multiword,pos_from_wordnet
eventet_e_shitjes_N	N	eventet e shitjes		01117723-n	Albanet/OMW	wns/als/wn-data-als.tab	imported_unreviewed			multiword,pos_from_wordnet
eventualisht_N	N	eventualisht		07290761-n	Albanet/OMW	wns/als/wn-data-als.tab	imported_unreviewed			pos_from_wordnet
evolucion_N	N	evolucion		00250259-n	Albanet/OMW	wns/als/wn-data-als.tab	imported_unreviewed			pos_from_wordnet
exezekutiv_N	N	exezekutiv		10069645-n	Albanet/OMW	wns/als/wn-data-als.tab	imported_unreviewed			pos_from_wordnet
experience_N	N	experiencë		05758059-n	Albanet/OMW	wns/als/wn-data-als.tab	imported_unreviewed			pos_from_wordnet
experimentim_N	N	experimentim		00639556-n	Albanet/OMW	wns/als/wn-data-als.tab	imported_unreviewed			pos_from_wordnet
f_number_N	N	f number		13821408-n	Albanet/OMW	wns/als/wn-data-als.tab	imported_unreviewed			multiword,pos_from_wordnet
fabrika_e_biznesit_N	N	fabrika e biznesit		03953020-n	Albanet/OMW	wns/als/wn-data-als.tab	imported_unreviewed			multiword,pos_from_wordnet
fabrikant_N	N	fabrikant		10292316-n	Albanet/OMW	wns/als/wn-data-als.tab	imported_unreviewed			pos_from_wordnet
fabrikim_N	N	fabrikim		00912001-n	Albanet/OMW	wns/als/wn-data-als.tab	imported_unreviewed			pos_from_wordnet
fabrike_N	N	fabrikë		03316406-n	Albanet/OMW | Baseline LexiconSqi	wns/als/wn-data-als.tab | factory_N	baseline_lexicon_exact	factory_N		lexicon_sqi_exact,pos_from_wordnet
faj_N	N	faj		13990675-n	Albanet/OMW	wns/als/wn-data-als.tab	imported_unreviewed			pos_from_wordnet
fajesi_N	N	fajësi		13990675-n	Albanet/OMW	wns/als/wn-data-als.tab	imported_unreviewed			pos_from_wordnet
fakt_N	N	fakt		00034479-n	Albanet/OMW	wns/als/wn-data-als.tab	imported_unreviewed			pos_from_wordnet
fakt_bindes_N	N	fakt bindës		05824739-n	Albanet/OMW	wns/als/wn-data-als.tab	imported_unreviewed			multiword,pos_from_wordnet
faktor_N	N	faktor		05868954-n	Albanet/OMW	wns/als/wn-data-als.tab	imported_unreviewed			pos_from_wordnet
falem_N	N	falem		01028655-n	Albanet/OMW	wns/als/wn-data-als.tab	imported_unreviewed			pos_from_wordnet
falenderim_N	N	falenderim		07228971-n	Albanet/OMW	wns/als/wn-data-als.tab	imported_unreviewed			pos_from_wordnet
falimentim_N	N	falimentim		13466312-n	Albanet/OMW	wns/als/wn-data-als.tab	imported_unreviewed			pos_from_wordnet
falje_N	N	falje		01227495-n	Albanet/OMW	wns/als/wn-data-als.tab	imported_unreviewed			pos_from_wordnet
falsifikim_N	N	falsifikim		00751145-n	Albanet/OMW	wns/als/wn-data-als.tab	imported_unreviewed			pos_from_wordnet
faltore_N	N	faltore		03953416-n	Albanet/OMW	wns/als/wn-data-als.tab	imported_unreviewed			pos_from_wordnet
familjar_N	N	familjar		09945905-n	Albanet/OMW	wns/als/wn-data-als.tab	imported_unreviewed			pos_from_wordnet
familje_N	N	familje		07969695-n	Albanet/OMW	wns/als/wn-data-als.tab	imported_unreviewed			pos_from_wordnet
fame_N	N	famë		14437386-n	Albanet/OMW	wns/als/wn-data-als.tab	imported_unreviewed			pos_from_wordnet
fanatizem_N	N	fanatizem		06206334-n	Albanet/OMW	wns/als/wn-data-als.tab	imported_unreviewed			pos_from_wordnet
fantazi_N	N	fantazi		05700793-n	Albanet/OMW	wns/als/wn-data-als.tab	imported_unreviewed			pos_from_wordnet
faqe_N	N	faqe		03313456-n	Albanet/OMW	wns/als/wn-data-als.tab	imported_unreviewed			pos_from_wordnet
far_N	N	far		02814860-n	Albanet/OMW	wns/als/wn-data-als.tab	imported_unreviewed			pos_from_wordnet
fare_N	N	fare		05839024-n	Albanet/OMW	wns/als/wn-data-als.tab	imported_unreviewed			pos_from_wordnet
farefis_N	N	farefis		07969695-n	Albanet/OMW	wns/als/wn-data-als.tab	imported_unreviewed			pos_from_wordnet
faring_N	N	faring		05547508-n	Albanet/OMW	wns/als/wn-data-als.tab	imported_unreviewed			pos_from_wordnet
farmaci_N	N	farmaci		03249342-n	Albanet/OMW	wns/als/wn-data-als.tab	imported_unreviewed			pos_from_wordnet
fare_N__2	N	farë			Baseline LexiconSqi	seed_N	baseline_lexicon_exact	seed_N		lexicon_sqi_exact
fat_N	N	fat		07330007-n	Albanet/OMW	wns/als/wn-data-als.tab	imported_unreviewed			pos_from_wordnet
fat_i_keq_N	N	fat i keq		07304852-n	Albanet/OMW	wns/als/wn-data-als.tab	imported_unreviewed			multiword,pos_from_wordnet
fatkeqesi_N	N	fatkeqesi		07304852-n	Albanet/OMW	wns/als/wn-data-als.tab	imported_unreviewed			pos_from_wordnet
fatlume_N	N	fatlume		11418460-n	Albanet/OMW	wns/als/wn-data-als.tab	imported_unreviewed			pos_from_wordnet
fatmiresi_N	N	fatmirësi		11418460-n	Albanet/OMW	wns/als/wn-data-als.tab	imported_unreviewed			pos_from_wordnet
fature_pagese_N	N	faturë pagesë		06492939-n	Albanet/OMW	wns/als/wn-data-als.tab	imported_unreviewed			multiword,pos_from_wordnet
fauna_N	N	fauna		00015388-n	Albanet/OMW	wns/als/wn-data-als.tab	imported_unreviewed			pos_from_wordnet
faze_N	N	fazë		15290337-n	Albanet/OMW	wns/als/wn-data-als.tab	imported_unreviewed			pos_from_wordnet
fe_N	N	Fe		14642417-n	Albanet/OMW	wns/als/wn-data-als.tab	imported_unreviewed			case_marked,pos_from_wordnet
fe_N__2	N	fe		05946687-n	Albanet/OMW | Baseline LexiconSqi	wns/als/wn-data-als.tab | religion_N	baseline_lexicon_exact	religion_N		lexicon_sqi_exact,pos_from_wordnet
federate_N	N	federate		08303275-n	Albanet/OMW	wns/als/wn-data-als.tab	imported_unreviewed			pos_from_wordnet
femer_N	N	femer		09989290-n	Albanet/OMW	wns/als/wn-data-als.tab	imported_unreviewed			pos_from_wordnet
femer_N__2	N	femër		01320872-n	Albanet/OMW	wns/als/wn-data-als.tab	imported_unreviewed			pos_from_wordnet
femer_e_rritur_N	N	femër e rritur		10787470-n	Albanet/OMW	wns/als/wn-data-als.tab	imported_unreviewed			multiword,pos_from_wordnet
fenomen_N	N	fenomen		00034213-n	Albanet/OMW	wns/als/wn-data-als.tab	imported_unreviewed			pos_from_wordnet
fenomen_natyror_N	N	fenomen natyror		11408559-n	Albanet/OMW	wns/als/wn-data-als.tab	imported_unreviewed			multiword,pos_from_wordnet
ferme_N	N	fermë		03322099-n	Albanet/OMW	wns/als/wn-data-als.tab	imported_unreviewed			pos_from_wordnet
ferr_N	N	ferr		05629682-n	Albanet/OMW	wns/als/wn-data-als.tab	imported_unreviewed			pos_from_wordnet
ferre_N	N	ferrë		08438223-n	Albanet/OMW	wns/als/wn-data-als.tab	imported_unreviewed			pos_from_wordnet
feste_N	N	feste		07447641-n	Albanet/OMW	wns/als/wn-data-als.tab	imported_unreviewed			pos_from_wordnet
feste_politike_N	N	feste politike		08256968-n	Albanet/OMW	wns/als/wn-data-als.tab	imported_unreviewed			multiword,pos_from_wordnet
festim_N	N	festim		00428000-n	Albanet/OMW	wns/als/wn-data-als.tab	imported_unreviewed			pos_from_wordnet
festival_N	N	festival		00517728-n	Albanet/OMW	wns/als/wn-data-als.tab	imported_unreviewed			pos_from_wordnet
feste_N__2	N	festë		00517728-n	Albanet/OMW	wns/als/wn-data-als.tab	imported_unreviewed			pos_from_wordnet
fete_N	N	fetë		07654667-n	Albanet/OMW	wns/als/wn-data-als.tab	imported_unreviewed			pos_from_wordnet
fiber_N	N	fibër		14866889-n	Albanet/OMW	wns/als/wn-data-als.tab	imported_unreviewed			pos_from_wordnet
fidanishte_N	N	fidanishte		03457902-n	Albanet/OMW	wns/als/wn-data-als.tab	imported_unreviewed			pos_from_wordnet
figure_N	N	figure		13862780-n	Albanet/OMW	wns/als/wn-data-als.tab	imported_unreviewed			pos_from_wordnet
figure_N__2	N	figurë		13937075-n	Albanet/OMW	wns/als/wn-data-als.tab	imported_unreviewed			pos_from_wordnet
figure_dy_dimensionale_N	N	figurë dy dimensionale		13863186-n	Albanet/OMW	wns/als/wn-data-als.tab	imported_unreviewed			multiword,pos_from_wordnet
figure_planare_N	N	figurë planare		13863186-n	Albanet/OMW	wns/als/wn-data-als.tab	imported_unreviewed			multiword,pos_from_wordnet
figure_zbukurimi_N	N	figurë zbukurimi		03178782-n	Albanet/OMW	wns/als/wn-data-als.tab	imported_unreviewed			multiword,pos_from_wordnet
fije_pe_spango_N	N	fije , pe , spango		03106110-n	Albanet/OMW	wns/als/wn-data-als.tab	imported_unreviewed			multiword,pos_from_wordnet,punctuation
filet_mishi_N	N	filet mishi		02463403-n	Albanet/OMW	wns/als/wn-data-als.tab	imported_unreviewed			multiword,pos_from_wordnet
filiz_N	N	filiz		01321579-n	Albanet/OMW	wns/als/wn-data-als.tab	imported_unreviewed			pos_from_wordnet
fill_N	N	fill		04426788-n	Albanet/OMW	wns/als/wn-data-als.tab	imported_unreviewed			pos_from_wordnet
fillese_N	N	fillesë		15266034-n	Albanet/OMW	wns/als/wn-data-als.tab	imported_unreviewed			pos_from_wordnet
fillim_N	N	fillim		07290905-n	Albanet/OMW	wns/als/wn-data-als.tab	imported_unreviewed			pos_from_wordnet
fillimi_N	N	fillimi		07325190-n	Albanet/OMW	wns/als/wn-data-als.tab	imported_unreviewed			pos_from_wordnet
filloj_N	N	filloj		00235435-n	Albanet/OMW	wns/als/wn-data-als.tab	imported_unreviewed			pos_from_wordnet
film_N	N	film		06613686-n	Albanet/OMW	wns/als/wn-data-als.tab	imported_unreviewed			pos_from_wordnet
filozofi_N	N	filozofi		05943300-n	Albanet/OMW	wns/als/wn-data-als.tab	imported_unreviewed			pos_from_wordnet
financa_N	N	financa		08054721-n	Albanet/OMW	wns/als/wn-data-als.tab	imported_unreviewed			pos_from_wordnet
finance_N	N	financë		01098698-n	Albanet/OMW	wns/als/wn-data-als.tab	imported_unreviewed			pos_from_wordnet
firme_biznesi_N	N	firmë biznesi		08059870-n	Albanet/OMW	wns/als/wn-data-als.tab	imported_unreviewed			multiword,pos_from_wordnet
fis_N	N	fis		07969695-n	Albanet/OMW	wns/als/wn-data-als.tab	imported_unreviewed			pos_from_wordnet
fisnikeri_N	N	fisnikëri		14432032-n	Albanet/OMW	wns/als/wn-data-als.tab	imported_unreviewed			pos_from_wordnet
fitim_N	N	fitim		13254805-n	Albanet/OMW	wns/als/wn-data-als.tab	imported_unreviewed			pos_from_wordnet
fitoj_N	N	fitoj		00032613-n	Albanet/OMW	wns/als/wn-data-als.tab	imported_unreviewed			pos_from_wordnet
fitore_N	N	fitore		00062806-n	Albanet/OMW	wns/als/wn-data-als.tab	imported_unreviewed			pos_from_wordnet
fizik_N	N	fizik		05009170-n	Albanet/OMW	wns/als/wn-data-als.tab	imported_unreviewed			pos_from_wordnet
fizika_e_pergjithshme_N	N	fizika e përgjithshme		06090869-n	Albanet/OMW	wns/als/wn-data-als.tab	imported_unreviewed			multiword,pos_from_wordnet
fizike_N	N	fizikë		06090869-n	Albanet/OMW	wns/als/wn-data-als.tab	imported_unreviewed			pos_from_wordnet
fiziologjik_N	N	fiziologjik		05005250-n	Albanet/OMW	wns/als/wn-data-als.tab	imported_unreviewed			pos_from_wordnet
fjale_N	N	fjale		06286395-n	Albanet/OMW	wns/als/wn-data-als.tab	imported_unreviewed			pos_from_wordnet
fjale_per_pikture_N	N	fjale per pikturë		07201804-n	Albanet/OMW	wns/als/wn-data-als.tab	imported_unreviewed			multiword,pos_from_wordnet
fjalim_N	N	fjalim		07138085-n	Albanet/OMW	wns/als/wn-data-als.tab	imported_unreviewed			pos_from_wordnet
flakje_N	N	flakje		00043609-n	Albanet/OMW	wns/als/wn-data-als.tab	imported_unreviewed			pos_from_wordnet
flete_N	N	flete		06256229-n	Albanet/OMW	wns/als/wn-data-als.tab	imported_unreviewed			pos_from_wordnet
flete_letre_N	N	flete letre		06255777-n	Albanet/OMW	wns/als/wn-data-als.tab	imported_unreviewed			multiword,pos_from_wordnet
flete_shkrim_N	N	flete shkrim		06362953-n	Albanet/OMW	wns/als/wn-data-als.tab	imported_unreviewed			multiword,pos_from_wordnet
flete_e_holle_N	N	fletë e hollë		04188643-n	Albanet/OMW	wns/als/wn-data-als.tab	imported_unreviewed			multiword,pos_from_wordnet
flirtim_N	N	flirtim		00512522-n	Albanet/OMW	wns/als/wn-data-als.tab	imported_unreviewed			pos_from_wordnet
flirtoj_N	N	flirtoj		00512522-n	Albanet/OMW	wns/als/wn-data-als.tab	imported_unreviewed			pos_from_wordnet
flok_N	N	flok		05254795-n	Albanet/OMW | Baseline LexiconSqi	wns/als/wn-data-als.tab | hair_N	baseline_lexicon_exact	hair_N		lexicon_sqi_exact,pos_from_wordnet
floke_N	N	flokë		07990956-n	Albanet/OMW	wns/als/wn-data-als.tab	imported_unreviewed			pos_from_wordnet
flora_N	N	flora		00017222-n	Albanet/OMW	wns/als/wn-data-als.tab	imported_unreviewed			pos_from_wordnet
flori_N	N	flori		14638799-n	Albanet/OMW	wns/als/wn-data-als.tab	imported_unreviewed			pos_from_wordnet
fluturim_N	N	fluturim		08220534-n	Albanet/OMW	wns/als/wn-data-als.tab	imported_unreviewed			pos_from_wordnet
focal_ratio_N	N	focal ratio		13821408-n	Albanet/OMW	wns/als/wn-data-als.tab	imported_unreviewed			multiword,pos_from_wordnet
fodull_N	N	fodull		07508486-n	Albanet/OMW	wns/als/wn-data-als.tab	imported_unreviewed			pos_from_wordnet
fokusim_N	N	fokusim		05704694-n	Albanet/OMW	wns/als/wn-data-als.tab	imported_unreviewed			pos_from_wordnet
fole_infektimi_N	N	fole infektimi		14182697-n	Albanet/OMW	wns/als/wn-data-als.tab	imported_unreviewed			multiword,pos_from_wordnet
folur_N	N	folur		05650820-n	Albanet/OMW	wns/als/wn-data-als.tab	imported_unreviewed			pos_from_wordnet
fondacion_N	N	fondacion		13790712-n	Albanet/OMW	wns/als/wn-data-als.tab	imported_unreviewed			pos_from_wordnet
fonde_N	N	fonde		13356112-n	Albanet/OMW	wns/als/wn-data-als.tab	imported_unreviewed			pos_from_wordnet
fonde_investuese_N	N	fonde investuese		13333237-n	Albanet/OMW	wns/als/wn-data-als.tab	imported_unreviewed			multiword,pos_from_wordnet
fonde_monetare_N	N	fonde monetare		13358549-n	Albanet/OMW	wns/als/wn-data-als.tab	imported_unreviewed			multiword,pos_from_wordnet
force_N	N	force		08198398-n	Albanet/OMW	wns/als/wn-data-als.tab	imported_unreviewed			pos_from_wordnet
force_e_armatosur_N	N	force e armatosur		08199025-n	Albanet/OMW	wns/als/wn-data-als.tab	imported_unreviewed			multiword,pos_from_wordnet
force_e_mbinatyrshme_N	N	force e mbinatyrshme		07315350-n	Albanet/OMW	wns/als/wn-data-als.tab	imported_unreviewed			multiword,pos_from_wordnet
force_krahu_N	N	force krahu		08212347-n	Albanet/OMW	wns/als/wn-data-als.tab	imported_unreviewed			multiword,pos_from_wordnet
force_policie_N	N	force policie		08209687-n	Albanet/OMW	wns/als/wn-data-als.tab	imported_unreviewed			multiword,pos_from_wordnet
force_punetore_N	N	force punëtorë		08212347-n	Albanet/OMW	wns/als/wn-data-als.tab	imported_unreviewed			multiword,pos_from_wordnet
force_N__2	N	forcë		00965404-n	Albanet/OMW	wns/als/wn-data-als.tab	imported_unreviewed			pos_from_wordnet
force_levizese_N	N	forcë lëvizëse		00103834-n	Albanet/OMW	wns/als/wn-data-als.tab	imported_unreviewed			multiword,pos_from_wordnet
force_per_njesi_hapesire_N	N	forcë për njësi hapësire		11495041-n	Albanet/OMW	wns/als/wn-data-als.tab	imported_unreviewed			multiword,pos_from_wordnet
force_shtytese_N	N	forcë shtytëse		00045250-n	Albanet/OMW	wns/als/wn-data-als.tab	imported_unreviewed			multiword,pos_from_wordnet
forma_e_fjales_N	N	forma e fjalës		06290637-n	Albanet/OMW	wns/als/wn-data-als.tab	imported_unreviewed			multiword,pos_from_wordnet
formacion_N	N	formacion		08426461-n	Albanet/OMW	wns/als/wn-data-als.tab	imported_unreviewed			pos_from_wordnet
formacion_gjeologjik_N	N	formacion gjeologjik		09287968-n	Albanet/OMW	wns/als/wn-data-als.tab	imported_unreviewed			multiword,pos_from_wordnet
format_e_klases_N	N	format e klases		06317464-n	Albanet/OMW	wns/als/wn-data-als.tab	imported_unreviewed			multiword,pos_from_wordnet
forme_N	N	forme		06290637-n	Albanet/OMW	wns/als/wn-data-als.tab	imported_unreviewed			pos_from_wordnet
forme_amorfe_N	N	forme amorfe		13867492-n	Albanet/OMW	wns/als/wn-data-als.tab	imported_unreviewed			multiword,pos_from_wordnet
forme_e_harkuar_N	N	forme e harkuar		13867641-n	Albanet/OMW	wns/als/wn-data-als.tab	imported_unreviewed			multiword,pos_from_wordnet
forme_e_myset_N	N	forme e mysët		13864153-n	Albanet/OMW	wns/als/wn-data-als.tab	imported_unreviewed			multiword,pos_from_wordnet
forme_e_rumbullaket_N	N	forme e rumbullaket		13865483-n	Albanet/OMW	wns/als/wn-data-als.tab	imported_unreviewed			multiword,pos_from_wordnet
forme_e_shtrembert_N	N	forme e shtrembert		13867276-n	Albanet/OMW	wns/als/wn-data-als.tab	imported_unreviewed			multiword,pos_from_wordnet
forme_kendore_N	N	forme këndorë		13864763-n	Albanet/OMW	wns/als/wn-data-als.tab	imported_unreviewed			multiword,pos_from_wordnet
forme_natyrale_N	N	forme natyrale		13862282-n	Albanet/OMW	wns/als/wn-data-als.tab	imported_unreviewed			multiword,pos_from_wordnet
formim_N	N	formim		00237078-n	Albanet/OMW	wns/als/wn-data-als.tab	imported_unreviewed			pos_from_wordnet
formim_kulturor_N	N	formim kulturor		05823517-n	Albanet/OMW	wns/als/wn-data-als.tab	imported_unreviewed			multiword,pos_from_wordnet
formoj_N	N	formoj		00378985-n	Albanet/OMW	wns/als/wn-data-als.tab	imported_unreviewed			pos_from_wordnet
formulim_N	N	formulim		06722453-n	Albanet/OMW	wns/als/wn-data-als.tab	imported_unreviewed			pos_from_wordnet
formule_N	N	formulë		14873641-n	Albanet/OMW	wns/als/wn-data-als.tab	imported_unreviewed			pos_from_wordnet
forme_N__2	N	formë		00027807-n	Albanet/OMW	wns/als/wn-data-als.tab	imported_unreviewed			pos_from_wordnet
forte_N	N	fortë		05035353-n	Albanet/OMW	wns/als/wn-data-als.tab	imported_unreviewed			pos_from_wordnet
fortesi_N	N	fortësi		05035353-n	Albanet/OMW	wns/als/wn-data-als.tab	imported_unreviewed			pos_from_wordnet
fosfor_N	N	fosfor		14649197-n	Albanet/OMW	wns/als/wn-data-als.tab	imported_unreviewed			pos_from_wordnet
foshnje_N	N	foshnjë		09827683-n	Albanet/OMW | Baseline LexiconSqi	wns/als/wn-data-als.tab | baby_N	baseline_lexicon_exact	baby_N		lexicon_sqi_exact,pos_from_wordnet
fosil_N	N	fosil		09284589-n	Albanet/OMW	wns/als/wn-data-als.tab	imported_unreviewed			pos_from_wordnet
foto_N	N	foto		03925226-n	Albanet/OMW	wns/als/wn-data-als.tab	imported_unreviewed			pos_from_wordnet
fotografi_N	N	fotografi		03925226-n	Albanet/OMW	wns/als/wn-data-als.tab	imported_unreviewed			pos_from_wordnet
fqinj_N	N	fqinj		08641113-n	Albanet/OMW	wns/als/wn-data-als.tab	imported_unreviewed			pos_from_wordnet
fqinjesi_N	N	fqinjësi		08641113-n	Albanet/OMW	wns/als/wn-data-als.tab	imported_unreviewed			pos_from_wordnet
fragment_N	N	fragment		07037465-n	Albanet/OMW	wns/als/wn-data-als.tab	imported_unreviewed			pos_from_wordnet
fragment_muzikor_N	N	fragment muzikor		07037465-n	Albanet/OMW	wns/als/wn-data-als.tab	imported_unreviewed			multiword,pos_from_wordnet
fraze_N	N	frazë		07154330-n	Albanet/OMW	wns/als/wn-data-als.tab	imported_unreviewed			pos_from_wordnet
frenim_N	N	frenim		00808182-n	Albanet/OMW	wns/als/wn-data-als.tab	imported_unreviewed			pos_from_wordnet
frigorifer_N	N	frigorifer			Baseline LexiconSqi	fridge_N	baseline_lexicon_exact	fridge_N		lexicon_sqi_exact
frike_N	N	frike		07519253-n	Albanet/OMW	wns/als/wn-data-als.tab	imported_unreviewed			pos_from_wordnet
frikesim_N	N	frikësim		07519253-n	Albanet/OMW	wns/als/wn-data-als.tab	imported_unreviewed			pos_from_wordnet
frme_N	N	frme		08059870-n	Albanet/OMW	wns/als/wn-data-als.tab	imported_unreviewed			pos_from_wordnet
front_N	N	front		11460488-n	Albanet/OMW	wns/als/wn-data-als.tab	imported_unreviewed			pos_from_wordnet
frut_N	N	frut			Baseline LexiconSqi	fruit_N	baseline_lexicon_exact	fruit_N		lexicon_sqi_exact
fruta_te_ngrenshme_N	N	fruta te ngrënshme		07705931-n	Albanet/OMW	wns/als/wn-data-als.tab	imported_unreviewed			multiword,pos_from_wordnet
frute_N	N	frutë		13134947-n	Albanet/OMW	wns/als/wn-data-als.tab	imported_unreviewed			pos_from_wordnet
frymemarrje_N	N	frymëmarrje		00831191-n	Albanet/OMW	wns/als/wn-data-als.tab	imported_unreviewed			pos_from_wordnet
frymenxjerrje_N	N	frymënxjerrje		00831191-n	Albanet/OMW	wns/als/wn-data-als.tab	imported_unreviewed			pos_from_wordnet
fryrje_N	N	fryrje		01173038-n	Albanet/OMW	wns/als/wn-data-als.tab	imported_unreviewed			pos_from_wordnet
frengji_N	N	frëngji		03984908-n	Albanet/OMW	wns/als/wn-data-als.tab	imported_unreviewed			pos_from_wordnet
frengji_per_topat_N	N	frëngji për topat		03984908-n	Albanet/OMW	wns/als/wn-data-als.tab	imported_unreviewed			multiword,pos_from_wordnet
fshat_N	N	fshat		08226699-n	Albanet/OMW | Baseline LexiconSqi	wns/als/wn-data-als.tab | village_N	baseline_lexicon_exact	village_N		lexicon_sqi_exact,pos_from_wordnet
fsheharak_N	N	fsheharak		00752431-n	Albanet/OMW	wns/als/wn-data-als.tab	imported_unreviewed			pos_from_wordnet
fshehje_N	N	fshehje		00752431-n	Albanet/OMW	wns/als/wn-data-als.tab	imported_unreviewed			pos_from_wordnet
ftese_N	N	ftese		07186148-n	Albanet/OMW	wns/als/wn-data-als.tab	imported_unreviewed			pos_from_wordnet
ftohtesi_N	N	ftohtësi		04629604-n	Albanet/OMW	wns/als/wn-data-als.tab	imported_unreviewed			pos_from_wordnet
fund_N	N	fund		00209943-n	Albanet/OMW	wns/als/wn-data-als.tab	imported_unreviewed			pos_from_wordnet
fundar_N	N	fundar		09217638-n	Albanet/OMW	wns/als/wn-data-als.tab	imported_unreviewed			pos_from_wordnet
fundi_N	N	fundi		06398401-n	Albanet/OMW	wns/als/wn-data-als.tab	imported_unreviewed			pos_from_wordnet
funderrine_N	N	fundërrine		08401819-n	Albanet/OMW	wns/als/wn-data-als.tab	imported_unreviewed			pos_from_wordnet
funeral_N	N	funeral		07451463-n	Albanet/OMW	wns/als/wn-data-als.tab	imported_unreviewed			pos_from_wordnet
funksion_N	N	funksion		05149325-n	Albanet/OMW	wns/als/wn-data-als.tab	imported_unreviewed			pos_from_wordnet
funksion_matematike_N	N	funksion matematike		13783816-n	Albanet/OMW	wns/als/wn-data-als.tab	imported_unreviewed			multiword,pos_from_wordnet
funksion_social_N	N	funksion social		07447261-n	Albanet/OMW	wns/als/wn-data-als.tab	imported_unreviewed			multiword,pos_from_wordnet
funksionar_N	N	funksionar		10372373-n	Albanet/OMW	wns/als/wn-data-als.tab	imported_unreviewed			pos_from_wordnet
funksione_trupore_N	N	funksione trupore		13440063-n	Albanet/OMW	wns/als/wn-data-als.tab	imported_unreviewed			multiword,pos_from_wordnet
funksioni_N	N	funksioni		00720565-n	Albanet/OMW	wns/als/wn-data-als.tab	imported_unreviewed			pos_from_wordnet
funksionim_N	N	funksionim		13525549-n	Albanet/OMW	wns/als/wn-data-als.tab	imported_unreviewed			pos_from_wordnet
fuqi_N	N	fuqi		05029706-n	Albanet/OMW	wns/als/wn-data-als.tab	imported_unreviewed			pos_from_wordnet
fuqi_e_dyte_N	N	fuqi e dytë		13731021-n	Albanet/OMW	wns/als/wn-data-als.tab	imported_unreviewed			multiword,pos_from_wordnet
fuqi_punetore_N	N	fuqi punëtore		00620752-n	Albanet/OMW	wns/als/wn-data-als.tab	imported_unreviewed			multiword,pos_from_wordnet
furnitor_N	N	furnitor		10677271-n	Albanet/OMW	wns/als/wn-data-als.tab	imported_unreviewed			pos_from_wordnet
furnizim_N	N	furnizim		01057200-n	Albanet/OMW	wns/als/wn-data-als.tab	imported_unreviewed			pos_from_wordnet
furnizoj_N	N	furnizoj		01057200-n	Albanet/OMW	wns/als/wn-data-als.tab	imported_unreviewed			pos_from_wordnet
furtune_e_fuqishme_N	N	furtunë e fuqishme		11462526-n	Albanet/OMW	wns/als/wn-data-als.tab	imported_unreviewed			multiword,pos_from_wordnet
furce_N	N	furçë		02908217-n	Albanet/OMW	wns/als/wn-data-als.tab	imported_unreviewed			pos_from_wordnet
fusha_e_subjektit_N	N	fusha e subjektit		05996646-n	Albanet/OMW	wns/als/wn-data-als.tab	imported_unreviewed			multiword,pos_from_wordnet
fushate_N	N	fushatë		00798245-n	Albanet/OMW	wns/als/wn-data-als.tab	imported_unreviewed			pos_from_wordnet
fushe_N	N	fushe		02687992-n	Albanet/OMW	wns/als/wn-data-als.tab	imported_unreviewed			pos_from_wordnet
fushe_aeroplanesh_N	N	fushe aeroplanesh		02687992-n	Albanet/OMW	wns/als/wn-data-als.tab	imported_unreviewed			multiword,pos_from_wordnet
fushe_loje_N	N	fushe loje		08570758-n	Albanet/OMW	wns/als/wn-data-als.tab	imported_unreviewed			multiword,pos_from_wordnet
fushe_N__2	N	fushë		05996646-n	Albanet/OMW	wns/als/wn-data-als.tab	imported_unreviewed			pos_from_wordnet
fushe_qoshk_N	N	fushë ,qoshk		04053218-n	Albanet/OMW	wns/als/wn-data-als.tab	imported_unreviewed			multiword,pos_from_wordnet,punctuation
fushe_e_rregullt_N	N	fushë e rregullt		04091839-n	Albanet/OMW	wns/als/wn-data-als.tab	imported_unreviewed			multiword,pos_from_wordnet
fushe_loje_N__2	N	fushë loje		02857023-n	Albanet/OMW	wns/als/wn-data-als.tab	imported_unreviewed			multiword,pos_from_wordnet
fushe_shahu_N	N	fushë shahu		03011521-n	Albanet/OMW	wns/als/wn-data-als.tab	imported_unreviewed			multiword,pos_from_wordnet
fushe_shkencore_N	N	fushë shkencore		05999797-n	Albanet/OMW	wns/als/wn-data-als.tab	imported_unreviewed			multiword,pos_from_wordnet
fustan_N	N	fustan		03236735-n	Albanet/OMW	wns/als/wn-data-als.tab	imported_unreviewed			pos_from_wordnet
fut_30_5_cm_N	N	fut ( 30 ,5 cm)		13650045-n	Albanet/OMW	wns/als/wn-data-als.tab	imported_unreviewed			multiword,pos_from_wordnet,punctuation
futboll_N	N	futboll		00468480-n	Albanet/OMW	wns/als/wn-data-als.tab	imported_unreviewed			pos_from_wordnet
futje_ne_perdorim_N	N	futje në përdorim		00320852-n	Albanet/OMW	wns/als/wn-data-als.tab	imported_unreviewed			multiword,pos_from_wordnet
futje_te_dhenash_N	N	futje të dhënash		00049003-n	Albanet/OMW	wns/als/wn-data-als.tab	imported_unreviewed			multiword,pos_from_wordnet
fyerje_N	N	fyerje		01225027-n	Albanet/OMW	wns/als/wn-data-als.tab	imported_unreviewed			pos_from_wordnet
fyes_N	N	fyes		01224031-n	Albanet/OMW	wns/als/wn-data-als.tab	imported_unreviewed			pos_from_wordnet
fyt_N	N	fyt		05547508-n	Albanet/OMW	wns/als/wn-data-als.tab	imported_unreviewed			pos_from_wordnet
fyture_N	N	fyturë		05600637-n	Albanet/OMW	wns/als/wn-data-als.tab	imported_unreviewed			pos_from_wordnet
fytyre_N	N	fytyrë		04679549-n	Albanet/OMW	wns/als/wn-data-als.tab	imported_unreviewed			pos_from_wordnet
felliq_N	N	fëlliq		00276620-n	Albanet/OMW	wns/als/wn-data-als.tab	imported_unreviewed			pos_from_wordnet
femije_N	N	fëmijë		09827683-n	Albanet/OMW | Baseline LexiconSqi	wns/als/wn-data-als.tab | child_N	baseline_lexicon_exact	child_N		lexicon_sqi_exact,pos_from_wordnet
femijeri_N	N	fëmijëri		14427065-n	Albanet/OMW	wns/als/wn-data-als.tab	imported_unreviewed			pos_from_wordnet
g_N	N	g		13723712-n	Albanet/OMW	wns/als/wn-data-als.tab	imported_unreviewed			pos_from_wordnet
gabim_N	N	gabim		00070965-n	Albanet/OMW	wns/als/wn-data-als.tab	imported_unreviewed			pos_from_wordnet
gabim_i_lehte_N	N	gabim i lehtë		00074524-n	Albanet/OMW	wns/als/wn-data-als.tab	imported_unreviewed			multiword,pos_from_wordnet
gabim_trashanik_N	N	gabim trashanik		00074790-n	Albanet/OMW	wns/als/wn-data-als.tab	imported_unreviewed			multiword,pos_from_wordnet
gaf_N	N	gaf		00074790-n	Albanet/OMW	wns/als/wn-data-als.tab	imported_unreviewed			pos_from_wordnet
galaktike_N	N	galaktike		08271042-n	Albanet/OMW	wns/als/wn-data-als.tab	imported_unreviewed			pos_from_wordnet
galeri_N	N	galeri		08240169-n	Albanet/OMW	wns/als/wn-data-als.tab	imported_unreviewed			pos_from_wordnet
gamete_N	N	gametë		05456945-n	Albanet/OMW	wns/als/wn-data-als.tab	imported_unreviewed			pos_from_wordnet
gangstere_N	N	gangsterë		08245172-n	Albanet/OMW	wns/als/wn-data-als.tab	imported_unreviewed			pos_from_wordnet
garanci_N	N	garanci		06685456-n	Albanet/OMW	wns/als/wn-data-als.tab	imported_unreviewed			pos_from_wordnet
gardh_N	N	gardh		02796623-n	Albanet/OMW	wns/als/wn-data-als.tab	imported_unreviewed			pos_from_wordnet
gardian_N	N	gardian		09614684-n	Albanet/OMW	wns/als/wn-data-als.tab	imported_unreviewed			pos_from_wordnet
gare_N	N	gare		07458453-n	Albanet/OMW	wns/als/wn-data-als.tab	imported_unreviewed			pos_from_wordnet
gare_ecje_N	N	gare ecje		07460104-n	Albanet/OMW	wns/als/wn-data-als.tab	imported_unreviewed			multiword,pos_from_wordnet
gare_me_nderim_N	N	gare me nderim		07464083-n	Albanet/OMW	wns/als/wn-data-als.tab	imported_unreviewed			multiword,pos_from_wordnet
garniture_N	N	garniturë		00262743-n	Albanet/OMW	wns/als/wn-data-als.tab	imported_unreviewed			pos_from_wordnet
gare_force_N	N	garë force		00446493-n	Albanet/OMW	wns/als/wn-data-als.tab	imported_unreviewed			multiword,pos_from_wordnet
gatim_N	N	gatim		00243918-n	Albanet/OMW	wns/als/wn-data-als.tab	imported_unreviewed			pos_from_wordnet
gaz_N	N	gaz		00429949-n	Albanet/OMW	wns/als/wn-data-als.tab	imported_unreviewed			pos_from_wordnet
gazetar_N	N	gazetar		10224578-n	Albanet/OMW	wns/als/wn-data-als.tab	imported_unreviewed			pos_from_wordnet
gazete_N	N	gazetë		03822171-n	Albanet/OMW | Baseline LexiconSqi	wns/als/wn-data-als.tab | newspaper_N	baseline_lexicon_exact	newspaper_N		lexicon_sqi_exact,pos_from_wordnet
gazete_publike_N	N	gazetë publike		06263369-n	Albanet/OMW	wns/als/wn-data-als.tab	imported_unreviewed			multiword,pos_from_wordnet
gazoline_N	N	gazolinë		14686913-n	Albanet/OMW	wns/als/wn-data-als.tab	imported_unreviewed			pos_from_wordnet
gdhendje_N	N	gdhendje		10284064-n	Albanet/OMW	wns/als/wn-data-als.tab	imported_unreviewed			pos_from_wordnet
gdhendje_me_shkronja_N	N	gdhendje me shkronja		06405699-n	Albanet/OMW	wns/als/wn-data-als.tab	imported_unreviewed			multiword,pos_from_wordnet
germadhe_N	N	germadhe		07334490-n	Albanet/OMW	wns/als/wn-data-als.tab	imported_unreviewed			pos_from_wordnet
gic_N	N	gic		02395694-n	Albanet/OMW	wns/als/wn-data-als.tab	imported_unreviewed			pos_from_wordnet
gisht_N	N	gisht		05566097-n	Albanet/OMW	wns/als/wn-data-als.tab	imported_unreviewed			pos_from_wordnet
give_and_take_N	N	give-and-take		07140659-n	Albanet/OMW	wns/als/wn-data-als.tab	imported_unreviewed			pos_from_wordnet
gjah_N	N	gjah		02152881-n	Albanet/OMW	wns/als/wn-data-als.tab	imported_unreviewed			pos_from_wordnet
gjak_N	N	gjak		05399847-n	Albanet/OMW | Baseline LexiconSqi	wns/als/wn-data-als.tab | blood_N	baseline_lexicon_exact	blood_N		lexicon_sqi_exact,pos_from_wordnet
gjalleri_N	N	gjallëri		00552436-n	Albanet/OMW	wns/als/wn-data-als.tab	imported_unreviewed			pos_from_wordnet
gjallerim_N	N	gjallërim		00552436-n	Albanet/OMW	wns/als/wn-data-als.tab	imported_unreviewed			pos_from_wordnet
gjalpi_N	N	gjalpi		07848338-n	Albanet/OMW	wns/als/wn-data-als.tab	imported_unreviewed			pos_from_wordnet
gjalpe_N	N	gjalpë			Baseline LexiconSqi	butter_N	baseline_lexicon_exact	butter_N		lexicon_sqi_exact
gjarper_N	N	gjarpër			Baseline LexiconSqi	snake_N	baseline_lexicon_exact	snake_N		lexicon_sqi_exact
gjatesi_hapi_N	N	gjatësi hapi		13757249-n	Albanet/OMW	wns/als/wn-data-als.tab	imported_unreviewed			multiword,pos_from_wordnet
gjedh_N	N	gjedh		02401031-n	Albanet/OMW	wns/als/wn-data-als.tab	imported_unreviewed			pos_from_wordnet
gjedhe_N	N	gjedhe		03777283-n	Albanet/OMW	wns/als/wn-data-als.tab	imported_unreviewed			pos_from_wordnet
gjelltore_N	N	gjelltore		04081281-n	Albanet/OMW	wns/als/wn-data-als.tab	imported_unreviewed			pos_from_wordnet
gjemoj_N	N	gjemoj		07377473-n	Albanet/OMW	wns/als/wn-data-als.tab	imported_unreviewed			pos_from_wordnet
gjendja_martesore_N	N	gjendja martësore		13963757-n	Albanet/OMW	wns/als/wn-data-als.tab	imported_unreviewed			multiword,pos_from_wordnet
gjendje_N	N	gjendje		00024720-n	Albanet/OMW	wns/als/wn-data-als.tab	imported_unreviewed			pos_from_wordnet
gjendje_e_arkes_N	N	gjendje e arkës		13375891-n	Albanet/OMW	wns/als/wn-data-als.tab	imported_unreviewed			multiword,pos_from_wordnet
gjendje_e_eger_N	N	gjendje e egër		13939353-n	Albanet/OMW	wns/als/wn-data-als.tab	imported_unreviewed			multiword,pos_from_wordnet
gjendje_e_keqe_N	N	gjendje e keqe		14055408-n	Albanet/OMW	wns/als/wn-data-als.tab	imported_unreviewed			multiword,pos_from_wordnet
gjendje_e_keqe_shendetesore_N	N	gjendje e keqe shëndetësore		14061805-n	Albanet/OMW	wns/als/wn-data-als.tab	imported_unreviewed			multiword,pos_from_wordnet
gjendje_e_lendes_N	N	gjendje e lëndës		14479615-n	Albanet/OMW	wns/als/wn-data-als.tab	imported_unreviewed			multiword,pos_from_wordnet
gjendje_emocionale_N	N	gjendje emocionale		13985818-n	Albanet/OMW	wns/als/wn-data-als.tab	imported_unreviewed			multiword,pos_from_wordnet
gjendje_fiziologjike_N	N	gjendje fiziologjike		14034177-n	Albanet/OMW	wns/als/wn-data-als.tab	imported_unreviewed			multiword,pos_from_wordnet
gjendje_jo_normale_N	N	gjendje jo normale		14501726-n	Albanet/OMW	wns/als/wn-data-als.tab	imported_unreviewed			multiword,pos_from_wordnet
gjendje_kome_N	N	gjendje kome		05680193-n	Albanet/OMW	wns/als/wn-data-als.tab	imported_unreviewed			multiword,pos_from_wordnet
gjendje_mendore_N	N	gjendje mendore		14373582-n	Albanet/OMW	wns/als/wn-data-als.tab	imported_unreviewed			multiword,pos_from_wordnet
gjendje_njohese_N	N	gjendje njohëse		05669934-n	Albanet/OMW	wns/als/wn-data-als.tab	imported_unreviewed			multiword,pos_from_wordnet
gjendje_normale_N	N	gjendje normale		14379501-n	Albanet/OMW	wns/als/wn-data-als.tab	imported_unreviewed			multiword,pos_from_wordnet
gjendje_psikologjike_N	N	gjendje psikologjike		14373582-n	Albanet/OMW	wns/als/wn-data-als.tab	imported_unreviewed			multiword,pos_from_wordnet
gjendje_shpirterore_N	N	gjendje shpirtërore		04620558-n	Albanet/OMW	wns/als/wn-data-als.tab	imported_unreviewed			multiword,pos_from_wordnet
gjenerate_N	N	gjeneratë		08369406-n	Albanet/OMW	wns/als/wn-data-als.tab	imported_unreviewed			pos_from_wordnet
gjeni_N	N	gjeni		09762509-n	Albanet/OMW	wns/als/wn-data-als.tab	imported_unreviewed			pos_from_wordnet
gjest_N	N	gjest		00331950-n	Albanet/OMW	wns/als/wn-data-als.tab	imported_unreviewed			pos_from_wordnet
gjethe_N	N	gjethe		06256229-n	Albanet/OMW | Baseline LexiconSqi	wns/als/wn-data-als.tab | leaf_N	baseline_lexicon_exact	leaf_N		lexicon_sqi_exact,pos_from_wordnet
gjethnaje_N	N	gjethnajë		13152742-n	Albanet/OMW	wns/als/wn-data-als.tab	imported_unreviewed			pos_from_wordnet
gjetje_N	N	gjetje		00043195-n	Albanet/OMW	wns/als/wn-data-als.tab	imported_unreviewed			pos_from_wordnet
gjezdis_N	N	gjezdis		00283127-n	Albanet/OMW	wns/als/wn-data-als.tab	imported_unreviewed			pos_from_wordnet
gji_N	N	gji			Baseline LexiconSqi	breast_N	baseline_lexicon_exact	breast_N		lexicon_sqi_exact
gjilpere_N	N	gjilpërë		03816136-n	Albanet/OMW	wns/als/wn-data-als.tab	imported_unreviewed			pos_from_wordnet
gjini_N	N	gjini		05006898-n	Albanet/OMW	wns/als/wn-data-als.tab	imported_unreviewed			pos_from_wordnet
gjitar_N	N	gjitar		01861778-n	Albanet/OMW	wns/als/wn-data-als.tab	imported_unreviewed			pos_from_wordnet
gjitar_i_ri_N	N	gjitar i ri		01321854-n	Albanet/OMW	wns/als/wn-data-als.tab	imported_unreviewed			multiword,pos_from_wordnet
gjithe_N	N	gjithë		05869584-n	Albanet/OMW	wns/als/wn-data-als.tab	imported_unreviewed			pos_from_wordnet
gjithe_biseda_N	N	gjithë biseda		05814162-n	Albanet/OMW	wns/als/wn-data-als.tab	imported_unreviewed			multiword,pos_from_wordnet
gjiton_N	N	gjiton		10352299-n	Albanet/OMW	wns/als/wn-data-als.tab	imported_unreviewed			pos_from_wordnet
gjobis_N	N	gjobis		01160342-n	Albanet/OMW	wns/als/wn-data-als.tab	imported_unreviewed			pos_from_wordnet
gjoks_N	N	gjoks		05552607-n	Albanet/OMW	wns/als/wn-data-als.tab	imported_unreviewed			pos_from_wordnet
gju_N	N	gju		05573602-n	Albanet/OMW | Baseline LexiconSqi	wns/als/wn-data-als.tab | knee_N	baseline_lexicon_exact	knee_N		lexicon_sqi_exact,pos_from_wordnet
gjuaj_N	N	gjuaj		00136329-n	Albanet/OMW	wns/als/wn-data-als.tab	imported_unreviewed			pos_from_wordnet
gjuajtje_N	N	gjuajtje		00043902-n	Albanet/OMW	wns/als/wn-data-als.tab	imported_unreviewed			pos_from_wordnet
gjueti_N	N	gjueti		00945401-n	Albanet/OMW	wns/als/wn-data-als.tab	imported_unreviewed			pos_from_wordnet
gjuha_e_shkruar_N	N	gjuha e shkruar		06349220-n	Albanet/OMW	wns/als/wn-data-als.tab	imported_unreviewed			multiword,pos_from_wordnet
gjuhe_N	N	gjuhe		06282651-n	Albanet/OMW	wns/als/wn-data-als.tab	imported_unreviewed			pos_from_wordnet
gjuhe_e_folur_N	N	gjuhe e folur		07109196-n	Albanet/OMW	wns/als/wn-data-als.tab	imported_unreviewed			multiword,pos_from_wordnet
gjuhe_natyrale_N	N	gjuhe natyrale		06904171-n	Albanet/OMW	wns/als/wn-data-als.tab	imported_unreviewed			multiword,pos_from_wordnet
gjuhe_N__2	N	gjuhë		05301072-n	Albanet/OMW | Baseline LexiconSqi	wns/als/wn-data-als.tab | language_N | tongue_N	baseline_lexicon_exact	language_N	tongue_N	lexicon_sqi_exact,pos_from_wordnet
gjuhesi_N	N	gjuhësi		06172789-n	Albanet/OMW	wns/als/wn-data-als.tab	imported_unreviewed			pos_from_wordnet
gjume_N	N	gjumë		15273626-n	Albanet/OMW	wns/als/wn-data-als.tab	imported_unreviewed			pos_from_wordnet
gjurmim_N	N	gjurmim		00644366-n	Albanet/OMW	wns/als/wn-data-als.tab	imported_unreviewed			pos_from_wordnet
gjurme_N	N	gjurmë		05826914-n	Albanet/OMW	wns/als/wn-data-als.tab	imported_unreviewed			pos_from_wordnet
gjykate_N	N	gjykatë		08329453-n	Albanet/OMW	wns/als/wn-data-als.tab	imported_unreviewed			pos_from_wordnet
gjykates_N	N	gjykatës		10225219-n	Albanet/OMW	wns/als/wn-data-als.tab	imported_unreviewed			pos_from_wordnet
gjykim_N	N	gjykim		00874067-n	Albanet/OMW	wns/als/wn-data-als.tab	imported_unreviewed			pos_from_wordnet
gjykim_i_shendosh_N	N	gjykim i shëndosh		04892084-n	Albanet/OMW	wns/als/wn-data-als.tab	imported_unreviewed			multiword,pos_from_wordnet
gjykues_N	N	gjykues		10066732-n	Albanet/OMW	wns/als/wn-data-als.tab	imported_unreviewed			pos_from_wordnet
gjymtyre_N	N	gjymtyrë		05559908-n	Albanet/OMW	wns/als/wn-data-als.tab	imported_unreviewed			pos_from_wordnet
gjynah_N	N	gjynah		00757080-n	Albanet/OMW	wns/als/wn-data-als.tab	imported_unreviewed			pos_from_wordnet
gjyq_N	N	gjyq		08329453-n	Albanet/OMW	wns/als/wn-data-als.tab	imported_unreviewed			pos_from_wordnet
gjyqtar_N	N	gjyqtar		10225219-n	Albanet/OMW	wns/als/wn-data-als.tab	imported_unreviewed			pos_from_wordnet
gjysh_N	N	gjysh		10142391-n	Albanet/OMW	wns/als/wn-data-als.tab	imported_unreviewed			pos_from_wordnet
gjyshe_N	N	gjyshe		10142747-n	Albanet/OMW	wns/als/wn-data-als.tab	imported_unreviewed			pos_from_wordnet
gjysher_N	N	gjyshër		10143172-n	Albanet/OMW	wns/als/wn-data-als.tab	imported_unreviewed			pos_from_wordnet
gje_N	N	gjë		00034479-n	Albanet/OMW	wns/als/wn-data-als.tab	imported_unreviewed			pos_from_wordnet
gje_e_trasheguar_N	N	gjë e trashëguar		00083585-n	Albanet/OMW	wns/als/wn-data-als.tab	imported_unreviewed			multiword,pos_from_wordnet
gjemim_N	N	gjëmim		07376257-n	Albanet/OMW	wns/als/wn-data-als.tab	imported_unreviewed			pos_from_wordnet
gjendrat_e_lotit_N	N	gjëndrat e lotit		05405139-n	Albanet/OMW	wns/als/wn-data-als.tab	imported_unreviewed			multiword,pos_from_wordnet
gjender_N	N	gjëndër		05576194-n	Albanet/OMW	wns/als/wn-data-als.tab	imported_unreviewed			pos_from_wordnet
gjera_N	N	gjëra		05855004-n	Albanet/OMW	wns/als/wn-data-als.tab	imported_unreviewed			pos_from_wordnet
gjera_te_ndryshme_N	N	gjëra të ndryshme		04345288-n	Albanet/OMW	wns/als/wn-data-als.tab	imported_unreviewed			multiword,pos_from_wordnet
glob_N	N	glob		07961016-n	Albanet/OMW	wns/als/wn-data-als.tab	imported_unreviewed			pos_from_wordnet
globe_N	N	globe		09270894-n	Albanet/OMW	wns/als/wn-data-als.tab	imported_unreviewed			pos_from_wordnet
goce_N	N	goce		10084295-n	Albanet/OMW	wns/als/wn-data-als.tab	imported_unreviewed			pos_from_wordnet
goce_deti_N	N	gocë deti		01940736-n	Albanet/OMW	wns/als/wn-data-als.tab	imported_unreviewed			multiword,pos_from_wordnet
godas_N	N	godas		00136329-n	Albanet/OMW	wns/als/wn-data-als.tab	imported_unreviewed			pos_from_wordnet
godine_N	N	godinë		02913152-n	Albanet/OMW	wns/als/wn-data-als.tab	imported_unreviewed			pos_from_wordnet
goditje_N	N	goditje		00125629-n	Albanet/OMW	wns/als/wn-data-als.tab	imported_unreviewed			pos_from_wordnet
gojor_N	N	gojor		07198846-n	Albanet/OMW	wns/als/wn-data-als.tab	imported_unreviewed			pos_from_wordnet
goje_N	N	gojë		05302499-n	Albanet/OMW | Baseline LexiconSqi	wns/als/wn-data-als.tab | mouth_N	baseline_lexicon_exact	mouth_N		lexicon_sqi_exact,pos_from_wordnet
gomarlleqe_N	N	gomarllëqe		04891683-n	Albanet/OMW	wns/als/wn-data-als.tab	imported_unreviewed			pos_from_wordnet
gome_N	N	gomë			Baseline LexiconSqi	rubber_N	baseline_lexicon_exact	rubber_N		lexicon_sqi_exact
gosti_N	N	gosti		00428000-n	Albanet/OMW	wns/als/wn-data-als.tab	imported_unreviewed			pos_from_wordnet
gostisje_N	N	gostisje		07557165-n	Albanet/OMW	wns/als/wn-data-als.tab	imported_unreviewed			pos_from_wordnet
gote_N	N	gotë		03438257-n	Albanet/OMW	wns/als/wn-data-als.tab	imported_unreviewed			pos_from_wordnet
gote_qelqi_N	N	gotë qelqi		03438257-n	Albanet/OMW	wns/als/wn-data-als.tab	imported_unreviewed			multiword,pos_from_wordnet
grabis_N	N	grabis		00138956-n	Albanet/OMW	wns/als/wn-data-als.tab	imported_unreviewed			pos_from_wordnet
grabitqar_N	N	grabitqar		02152740-n	Albanet/OMW	wns/als/wn-data-als.tab	imported_unreviewed			pos_from_wordnet
grabites_N	N	grabitës		08401819-n	Albanet/OMW	wns/als/wn-data-als.tab	imported_unreviewed			pos_from_wordnet
gracke_N	N	grackë		03829563-n	Albanet/OMW	wns/als/wn-data-als.tab	imported_unreviewed			pos_from_wordnet
gradacion_N	N	gradacion		13780180-n	Albanet/OMW	wns/als/wn-data-als.tab	imported_unreviewed			pos_from_wordnet
gradim_N	N	gradim		00999245-n	Albanet/OMW	wns/als/wn-data-als.tab	imported_unreviewed			pos_from_wordnet
grade_N	N	gradë		05093890-n	Albanet/OMW	wns/als/wn-data-als.tab	imported_unreviewed			pos_from_wordnet
grafik_N	N	grafik		06998748-n	Albanet/OMW	wns/als/wn-data-als.tab	imported_unreviewed			pos_from_wordnet
gramatike_N	N	gramatikë			Baseline LexiconSqi	grammar_N	baseline_lexicon_exact	grammar_N		lexicon_sqi_exact
grame_N	N	gramë		13723712-n	Albanet/OMW	wns/als/wn-data-als.tab	imported_unreviewed			pos_from_wordnet
greve_N	N	grevë		01243674-n	Albanet/OMW	wns/als/wn-data-als.tab	imported_unreviewed			pos_from_wordnet
greve_urie_N	N	grevë urie		01242962-n	Albanet/OMW	wns/als/wn-data-als.tab	imported_unreviewed			multiword,pos_from_wordnet
grimce_N	N	grimcë		09386422-n	Albanet/OMW	wns/als/wn-data-als.tab	imported_unreviewed			pos_from_wordnet
grindje_N	N	grindje		07448038-n	Albanet/OMW	wns/als/wn-data-als.tab	imported_unreviewed			pos_from_wordnet
grisje_N	N	grisje		09410928-n	Albanet/OMW	wns/als/wn-data-als.tab	imported_unreviewed			pos_from_wordnet
grope_N	N	gropë		03302121-n	Albanet/OMW	wns/als/wn-data-als.tab	imported_unreviewed			pos_from_wordnet
grope_vrime_N	N	gropë , vrimë		03526198-n	Albanet/OMW	wns/als/wn-data-als.tab	imported_unreviewed			multiword,pos_from_wordnet,punctuation
grope_me_uje_N	N	gropë me ujë		08678615-n	Albanet/OMW	wns/als/wn-data-als.tab	imported_unreviewed			multiword,pos_from_wordnet
grua_N	N	grua		08477634-n	Albanet/OMW | Baseline LexiconSqi	wns/als/wn-data-als.tab | wife_N | woman_N	baseline_lexicon_exact	wife_N	woman_N	lexicon_sqi_exact,pos_from_wordnet
grua_e_re_N	N	grua e re		10129825-n	Albanet/OMW	wns/als/wn-data-als.tab	imported_unreviewed			multiword,pos_from_wordnet
grua_shtepie_N	N	grua shtepie		10189776-n	Albanet/OMW	wns/als/wn-data-als.tab	imported_unreviewed			multiword,pos_from_wordnet
grumbull_N	N	grumbull		07961480-n	Albanet/OMW	wns/als/wn-data-als.tab	imported_unreviewed			pos_from_wordnet
grumbull_hekurishtesh_N	N	grumbull hekurishtesh		02924554-n	Albanet/OMW	wns/als/wn-data-als.tab	imported_unreviewed			multiword,pos_from_wordnet
grumbullim_N	N	grumbullim		01014066-n	Albanet/OMW	wns/als/wn-data-als.tab	imported_unreviewed			pos_from_wordnet
grumbulloj_N	N	grumbulloj		00372013-n	Albanet/OMW	wns/als/wn-data-als.tab	imported_unreviewed			pos_from_wordnet
grup_N	N	grup		00031264-n	Albanet/OMW	wns/als/wn-data-als.tab	imported_unreviewed			pos_from_wordnet
grup_biologjike_N	N	grup biologjike		07941170-n	Albanet/OMW	wns/als/wn-data-als.tab	imported_unreviewed			multiword,pos_from_wordnet
grup_familjar_N	N	grup familjar		07969695-n	Albanet/OMW	wns/als/wn-data-als.tab	imported_unreviewed			multiword,pos_from_wordnet
grup_farefisnor_N	N	grup farefisnor		07969695-n	Albanet/OMW	wns/als/wn-data-als.tab	imported_unreviewed			multiword,pos_from_wordnet
grup_gjaku_N	N	grup gjaku		05400601-n	Albanet/OMW	wns/als/wn-data-als.tab	imported_unreviewed			multiword,pos_from_wordnet
grup_informatoresh_N	N	grup informatoresh		08274718-n	Albanet/OMW	wns/als/wn-data-als.tab	imported_unreviewed			multiword,pos_from_wordnet
grup_interesash_N	N	grup interesash		07968702-n	Albanet/OMW	wns/als/wn-data-als.tab	imported_unreviewed			multiword,pos_from_wordnet
grup_kafshesh_N	N	grup kafshësh		07993929-n	Albanet/OMW	wns/als/wn-data-als.tab	imported_unreviewed			multiword,pos_from_wordnet
grup_kimik_N	N	grup kimik		14621446-n	Albanet/OMW	wns/als/wn-data-als.tab	imported_unreviewed			multiword,pos_from_wordnet
grup_komunikimi_N	N	grup komunikimi		06261260-n	Albanet/OMW	wns/als/wn-data-als.tab	imported_unreviewed			multiword,pos_from_wordnet
grup_muzikal_N	N	grup muzikal		08246613-n	Albanet/OMW	wns/als/wn-data-als.tab	imported_unreviewed			multiword,pos_from_wordnet
grup_politik_N	N	grup politik		08359949-n	Albanet/OMW	wns/als/wn-data-als.tab	imported_unreviewed			multiword,pos_from_wordnet
grup_profesional_N	N	grup profesional		08403631-n	Albanet/OMW	wns/als/wn-data-als.tab	imported_unreviewed			multiword,pos_from_wordnet
grup_social_N	N	grup social		07950920-n	Albanet/OMW	wns/als/wn-data-als.tab	imported_unreviewed			multiword,pos_from_wordnet
grup_tabelash_N	N	grup tabelash		08266235-n	Albanet/OMW	wns/als/wn-data-als.tab	imported_unreviewed			multiword,pos_from_wordnet
grup_ushtarak_N	N	grup ushtarak		08198398-n	Albanet/OMW	wns/als/wn-data-als.tab	imported_unreviewed			multiword,pos_from_wordnet
grupazh_N	N	grupazh		08240633-n	Albanet/OMW	wns/als/wn-data-als.tab	imported_unreviewed			pos_from_wordnet
grupim_N	N	grupim		00031264-n	Albanet/OMW	wns/als/wn-data-als.tab	imported_unreviewed			pos_from_wordnet
grupim_moshe_N	N	grupim moshë		07943480-n	Albanet/OMW	wns/als/wn-data-als.tab	imported_unreviewed			multiword,pos_from_wordnet
grupmoshe_N	N	grupmoshë		07943480-n	Albanet/OMW	wns/als/wn-data-als.tab	imported_unreviewed			pos_from_wordnet
grupoj_N	N	grupoj		01012360-n	Albanet/OMW	wns/als/wn-data-als.tab	imported_unreviewed			pos_from_wordnet
gryke_N	N	grykë		09362316-n	Albanet/OMW	wns/als/wn-data-als.tab	imported_unreviewed			pos_from_wordnet
gryke_mali_N	N	grykë mali		09386842-n	Albanet/OMW	wns/als/wn-data-als.tab	imported_unreviewed			multiword,pos_from_wordnet
guaske_N	N	guaskë		01904182-n	Albanet/OMW	wns/als/wn-data-als.tab	imported_unreviewed			pos_from_wordnet
guaske_deti_N	N	guaskë deti		01940736-n	Albanet/OMW	wns/als/wn-data-als.tab	imported_unreviewed			multiword,pos_from_wordnet
gumezhitje_N	N	gumezhitje		07386920-n	Albanet/OMW	wns/als/wn-data-als.tab	imported_unreviewed			pos_from_wordnet
gur_N	N	gur		09227839-n	Albanet/OMW | Baseline LexiconSqi	wns/als/wn-data-als.tab | stone_N	baseline_lexicon_exact	stone_N		lexicon_sqi_exact,pos_from_wordnet
gur_i_themelit_N	N	gur i themelit		05793554-n	Albanet/OMW	wns/als/wn-data-als.tab	imported_unreviewed			multiword,pos_from_wordnet
guralec_N	N	guralec		14696793-n	Albanet/OMW	wns/als/wn-data-als.tab	imported_unreviewed			pos_from_wordnet
gurr_i_cmuar_N	N	gurr i çmuar		09416076-n	Albanet/OMW	wns/als/wn-data-als.tab	imported_unreviewed			multiword,pos_from_wordnet
gurr_ne_veshka_N	N	gurr ne veshka		09230768-n	Albanet/OMW	wns/als/wn-data-als.tab	imported_unreviewed			multiword,pos_from_wordnet
gelltitje_N	N	gëlltitje		00838098-n	Albanet/OMW	wns/als/wn-data-als.tab	imported_unreviewed			pos_from_wordnet
gemushe_N	N	gëmushë		13112664-n	Albanet/OMW	wns/als/wn-data-als.tab	imported_unreviewed			pos_from_wordnet
genjeshter_N	N	gënjeshtër		00752431-n	Albanet/OMW	wns/als/wn-data-als.tab	imported_unreviewed			pos_from_wordnet
genjim_N	N	gënjim		00515414-n	Albanet/OMW	wns/als/wn-data-als.tab	imported_unreviewed			pos_from_wordnet
gergere_N	N	gërgëre		04454240-n	Albanet/OMW	wns/als/wn-data-als.tab	imported_unreviewed			pos_from_wordnet
germadhe_N__2	N	gërmadhë		00217014-n	Albanet/OMW	wns/als/wn-data-als.tab	imported_unreviewed			pos_from_wordnet
gerryerje_N	N	gërryerje		13475538-n	Albanet/OMW	wns/als/wn-data-als.tab	imported_unreviewed			pos_from_wordnet
gezim_N	N	gëzim		00428000-n	Albanet/OMW	wns/als/wn-data-als.tab	imported_unreviewed			pos_from_wordnet
gezof_N	N	gëzof		01895735-n	Albanet/OMW	wns/als/wn-data-als.tab	imported_unreviewed			pos_from_wordnet
h2o_N	N	H2O		14845743-n	Albanet/OMW	wns/als/wn-data-als.tab	imported_unreviewed			case_marked,pos_from_wordnet
habi_N	N	habi		07509572-n	Albanet/OMW	wns/als/wn-data-als.tab	imported_unreviewed			pos_from_wordnet
hajat_hyrje_N	N	hajat , hyrje		03984381-n	Albanet/OMW	wns/als/wn-data-als.tab	imported_unreviewed			multiword,pos_from_wordnet,punctuation
hajdutllek_N	N	hajdutllëk		00780889-n	Albanet/OMW	wns/als/wn-data-als.tab	imported_unreviewed			pos_from_wordnet
hak_N	N	hak		01181475-n	Albanet/OMW	wns/als/wn-data-als.tab	imported_unreviewed			pos_from_wordnet
hakmarrje_N	N	hakmarrje		07213395-n	Albanet/OMW	wns/als/wn-data-als.tab	imported_unreviewed			pos_from_wordnet
hall_N	N	hall		05687338-n	Albanet/OMW	wns/als/wn-data-als.tab	imported_unreviewed			pos_from_wordnet
hallakatje_N	N	hallakatje		00787061-n	Albanet/OMW	wns/als/wn-data-als.tab	imported_unreviewed			pos_from_wordnet
hallke_N	N	hallkë		03533972-n	Albanet/OMW	wns/als/wn-data-als.tab	imported_unreviewed			pos_from_wordnet
hamendje_N	N	hamendje		05892096-n	Albanet/OMW	wns/als/wn-data-als.tab	imported_unreviewed			pos_from_wordnet
hamshore_N	N	hamshorë		02377181-n	Albanet/OMW	wns/als/wn-data-als.tab	imported_unreviewed			pos_from_wordnet
hap_N	N	hap		00285557-n	Albanet/OMW	wns/als/wn-data-als.tab	imported_unreviewed			pos_from_wordnet
hap_i_madh_N	N	hap i madh		13757249-n	Albanet/OMW	wns/als/wn-data-als.tab	imported_unreviewed			multiword,pos_from_wordnet
hap_zjarr_N	N	hap zjarr		00986938-n	Albanet/OMW	wns/als/wn-data-als.tab	imported_unreviewed			multiword,pos_from_wordnet
hapa_N	N	hapa		00533922-n	Albanet/OMW	wns/als/wn-data-als.tab	imported_unreviewed			pos_from_wordnet
hapa_kercimi_N	N	hapa kërcimi		00533922-n	Albanet/OMW	wns/als/wn-data-als.tab	imported_unreviewed			multiword,pos_from_wordnet
hapje_N	N	hapje		00383390-n	Albanet/OMW	wns/als/wn-data-als.tab	imported_unreviewed			pos_from_wordnet
hapsire_N	N	hapsire		06389553-n	Albanet/OMW	wns/als/wn-data-als.tab	imported_unreviewed			pos_from_wordnet
hapsire_e_bardhe_N	N	hapsire e bardhe		06389553-n	Albanet/OMW	wns/als/wn-data-als.tab	imported_unreviewed			multiword,pos_from_wordnet
hapsire_loje_N	N	hapsire loje		08570758-n	Albanet/OMW	wns/als/wn-data-als.tab	imported_unreviewed			multiword,pos_from_wordnet
hapsire_matematike_N	N	hapsire matematike		08001685-n	Albanet/OMW	wns/als/wn-data-als.tab	imported_unreviewed			multiword,pos_from_wordnet
hapsire_topologjike_N	N	hapsire topologjike		08001685-n	Albanet/OMW	wns/als/wn-data-als.tab	imported_unreviewed			multiword,pos_from_wordnet
hapesire_N	N	hapësirë		05062748-n	Albanet/OMW	wns/als/wn-data-als.tab	imported_unreviewed			pos_from_wordnet
hapesire_ndarje_N	N	hapësirë ndarje		05083328-n	Albanet/OMW	wns/als/wn-data-als.tab	imported_unreviewed			multiword,pos_from_wordnet
hapesire_zone_N	N	hapësirë,zonë		02735688-n	Albanet/OMW	wns/als/wn-data-als.tab	imported_unreviewed			pos_from_wordnet,punctuation
hard_drive_N	N	hard drive		03209666-n	Albanet/OMW	wns/als/wn-data-als.tab	imported_unreviewed			multiword,pos_from_wordnet
hardhi_N	N	hardhi		13100677-n	Albanet/OMW	wns/als/wn-data-als.tab	imported_unreviewed			pos_from_wordnet
hark_N	N	hark		02733524-n	Albanet/OMW	wns/als/wn-data-als.tab	imported_unreviewed			pos_from_wordnet
harmoni_N	N	harmoni		07175241-n	Albanet/OMW	wns/als/wn-data-als.tab	imported_unreviewed			pos_from_wordnet
hartim_N	N	hartim		03081660-n	Albanet/OMW	wns/als/wn-data-als.tab	imported_unreviewed			pos_from_wordnet
harte_N	N	hartë		03720163-n	Albanet/OMW	wns/als/wn-data-als.tab	imported_unreviewed			pos_from_wordnet
harxhim_N	N	harxhim		13451804-n	Albanet/OMW	wns/als/wn-data-als.tab	imported_unreviewed			pos_from_wordnet
hebre_N	N	Hebre		09681351-n	Albanet/OMW	wns/als/wn-data-als.tab	imported_unreviewed			case_marked,pos_from_wordnet
hedhje_N	N	hedhje		00043609-n	Albanet/OMW	wns/als/wn-data-als.tab	imported_unreviewed			pos_from_wordnet
hedhje_poshte_N	N	hedhje poshtë		00203342-n	Albanet/OMW	wns/als/wn-data-als.tab	imported_unreviewed			multiword,pos_from_wordnet
hedhje_shorti_N	N	hedhje shorti		00183505-n	Albanet/OMW	wns/als/wn-data-als.tab	imported_unreviewed			multiword,pos_from_wordnet
heje_N	N	heje		00216174-n	Albanet/OMW	wns/als/wn-data-als.tab	imported_unreviewed			pos_from_wordnet
hekur_N	N	hekur		03585337-n	Albanet/OMW | Baseline LexiconSqi	wns/als/wn-data-als.tab | iron_N	baseline_lexicon_exact	iron_N		lexicon_sqi_exact,pos_from_wordnet
helikopter_N	N	helikopter		03512147-n	Albanet/OMW	wns/als/wn-data-als.tab	imported_unreviewed			pos_from_wordnet
helm_N	N	helm		15032376-n	Albanet/OMW	wns/als/wn-data-als.tab	imported_unreviewed			pos_from_wordnet
hemisfere_N	N	hemisferë		08583095-n	Albanet/OMW	wns/als/wn-data-als.tab	imported_unreviewed			pos_from_wordnet
heq_N	N	heq		00043609-n	Albanet/OMW	wns/als/wn-data-als.tab	imported_unreviewed			pos_from_wordnet
heq_dore_N	N	heq dore		07206096-n	Albanet/OMW	wns/als/wn-data-als.tab	imported_unreviewed			multiword,pos_from_wordnet
hesht_N	N	hesht		01062817-n	Albanet/OMW	wns/als/wn-data-als.tab	imported_unreviewed			pos_from_wordnet
heshtje_N	N	heshtje		04652438-n	Albanet/OMW	wns/als/wn-data-als.tab	imported_unreviewed			pos_from_wordnet
heshte_N	N	heshtë		04271148-n	Albanet/OMW	wns/als/wn-data-als.tab	imported_unreviewed			pos_from_wordnet
hetim_N	N	hetim		00633864-n	Albanet/OMW	wns/als/wn-data-als.tab	imported_unreviewed			pos_from_wordnet
hi_N	N	hi			Baseline LexiconSqi	ashes_N	baseline_lexicon_exact	ashes_N		lexicon_sqi_exact
hidhem_N	N	hidhem		00119568-n	Albanet/OMW	wns/als/wn-data-als.tab	imported_unreviewed			pos_from_wordnet
hidherim_N	N	hidhërim		13989051-n	Albanet/OMW	wns/als/wn-data-als.tab	imported_unreviewed			pos_from_wordnet
hijeshi_N	N	hijeshi		14458181-n	Albanet/OMW	wns/als/wn-data-als.tab	imported_unreviewed			pos_from_wordnet
hile_N	N	hile		00752431-n	Albanet/OMW	wns/als/wn-data-als.tab	imported_unreviewed			pos_from_wordnet
hipoteze_N	N	hipotezë		05888929-n	Albanet/OMW	wns/als/wn-data-als.tab	imported_unreviewed			pos_from_wordnet
histori_N	N	histori		06514093-n	Albanet/OMW	wns/als/wn-data-als.tab	imported_unreviewed			pos_from_wordnet
histori_dashurie_N	N	histori dashurie		13931436-n	Albanet/OMW	wns/als/wn-data-als.tab	imported_unreviewed			multiword,pos_from_wordnet
histori_jete_N	N	histori jete		06515827-n	Albanet/OMW	wns/als/wn-data-als.tab	imported_unreviewed			multiword,pos_from_wordnet
hit_N	N	hit		00064504-n	Albanet/OMW	wns/als/wn-data-als.tab	imported_unreviewed			pos_from_wordnet
hic_N	N	hiç		13740168-n	Albanet/OMW	wns/als/wn-data-als.tab	imported_unreviewed			pos_from_wordnet
holl_N	N	holl		03718581-n	Albanet/OMW	wns/als/wn-data-als.tab	imported_unreviewed			pos_from_wordnet
holl_sallon_pritje_N	N	holl ,sallon pritje		03478756-n	Albanet/OMW	wns/als/wn-data-als.tab	imported_unreviewed			multiword,pos_from_wordnet,punctuation
hollesi_N	N	hollësi		04711256-n	Albanet/OMW	wns/als/wn-data-als.tab	imported_unreviewed			pos_from_wordnet
hominid_N	N	hominid		02471762-n	Albanet/OMW	wns/als/wn-data-als.tab	imported_unreviewed			pos_from_wordnet
hormon_N	N	hormon		05407119-n	Albanet/OMW	wns/als/wn-data-als.tab	imported_unreviewed			pos_from_wordnet
hotel_N	N	hotel		03541696-n	Albanet/OMW	wns/als/wn-data-als.tab	imported_unreviewed			pos_from_wordnet
hotel_i_vogel_N	N	hotel i vogël		03541537-n	Albanet/OMW	wns/als/wn-data-als.tab	imported_unreviewed			multiword,pos_from_wordnet
hoy_N	N	hoy		02792552-n	Albanet/OMW	wns/als/wn-data-als.tab	imported_unreviewed			pos_from_wordnet
huadhenie_N	N	huadhënie		13398953-n	Albanet/OMW	wns/als/wn-data-als.tab	imported_unreviewed			pos_from_wordnet
humaniteti_N	N	humaniteti		02472987-n	Albanet/OMW	wns/als/wn-data-als.tab	imported_unreviewed			pos_from_wordnet
humbje_N	N	humbje		00067526-n	Albanet/OMW	wns/als/wn-data-als.tab	imported_unreviewed			pos_from_wordnet
humbje_e_mendjes_N	N	humbje e mendjes		00515414-n	Albanet/OMW	wns/als/wn-data-als.tab	imported_unreviewed			multiword,pos_from_wordnet
humbje_financiare_N	N	humbje financiare		13327896-n	Albanet/OMW	wns/als/wn-data-als.tab	imported_unreviewed			multiword,pos_from_wordnet
humbje_ndjenjash_N	N	humbje ndjenjash		05678932-n	Albanet/OMW	wns/als/wn-data-als.tab	imported_unreviewed			multiword,pos_from_wordnet
humor_N	N	humor		07551052-n	Albanet/OMW	wns/als/wn-data-als.tab	imported_unreviewed			pos_from_wordnet
hunde_N	N	hundë			Baseline LexiconSqi	nose_N	baseline_lexicon_exact	nose_N		lexicon_sqi_exact
hutim_N	N	hutim		00515414-n	Albanet/OMW	wns/als/wn-data-als.tab	imported_unreviewed			pos_from_wordnet
hydrokarbur_N	N	hydrokarbur		14911057-n	Albanet/OMW	wns/als/wn-data-als.tab	imported_unreviewed			pos_from_wordnet
hyjni_N	N	hyjni		09505418-n	Albanet/OMW	wns/als/wn-data-als.tab	imported_unreviewed			pos_from_wordnet
hymenopter_N	N	hymenopter		02206270-n	Albanet/OMW	wns/als/wn-data-als.tab	imported_unreviewed			pos_from_wordnet
hymenopteran_N	N	hymenopteran		02206270-n	Albanet/OMW	wns/als/wn-data-als.tab	imported_unreviewed			pos_from_wordnet
hymenopteron_N	N	hymenopteron		02206270-n	Albanet/OMW	wns/als/wn-data-als.tab	imported_unreviewed			pos_from_wordnet
hymenopterous_insect_N	N	hymenopterous insect		02206270-n	Albanet/OMW	wns/als/wn-data-als.tab	imported_unreviewed			multiword,pos_from_wordnet
hyrje_N	N	hyrje		00049003-n	Albanet/OMW	wns/als/wn-data-als.tab	imported_unreviewed			pos_from_wordnet
hene_N	N	hënë		09358550-n	Albanet/OMW | Baseline LexiconSqi	wns/als/wn-data-als.tab | moon_N	baseline_lexicon_exact	moon_N		lexicon_sqi_exact,pos_from_wordnet
i_anasjellte_N	N	i anasjelltë		13858833-n	Albanet/OMW	wns/als/wn-data-als.tab	imported_unreviewed			multiword,pos_from_wordnet
i_ardhur_N	N	i ardhur		00049003-n	Albanet/OMW	wns/als/wn-data-als.tab	imported_unreviewed			multiword,pos_from_wordnet
i_burgosur_N	N	i burgosur		13998576-n	Albanet/OMW	wns/als/wn-data-als.tab	imported_unreviewed			multiword,pos_from_wordnet
i_dashur_N	N	i dashur		09849598-n	Albanet/OMW	wns/als/wn-data-als.tab	imported_unreviewed			multiword,pos_from_wordnet
i_dashuruar_N	N	i dashuruar		09622302-n	Albanet/OMW	wns/als/wn-data-als.tab	imported_unreviewed			multiword,pos_from_wordnet
i_dhimshem_N	N	i dhimshëm		13989051-n	Albanet/OMW	wns/als/wn-data-als.tab	imported_unreviewed			multiword,pos_from_wordnet
i_eger_N	N	i egër		13939353-n	Albanet/OMW	wns/als/wn-data-als.tab	imported_unreviewed			multiword,pos_from_wordnet
i_embel_N	N	i embel		09849598-n	Albanet/OMW	wns/als/wn-data-als.tab	imported_unreviewed			multiword,pos_from_wordnet
i_erret_N	N	i errët		13983515-n	Albanet/OMW	wns/als/wn-data-als.tab	imported_unreviewed			multiword,pos_from_wordnet
i_fuqishem_N	N	i fuqishëm		14482620-n	Albanet/OMW	wns/als/wn-data-als.tab	imported_unreviewed			multiword,pos_from_wordnet
i_gatshem_N	N	i gatshëm		01143040-n	Albanet/OMW	wns/als/wn-data-als.tab	imported_unreviewed			multiword,pos_from_wordnet
i_gjalle_N	N	i gjallë		13961642-n	Albanet/OMW	wns/als/wn-data-als.tab	imported_unreviewed			multiword,pos_from_wordnet
i_gjithe_N	N	i gjithë		00003553-n	Albanet/OMW	wns/als/wn-data-als.tab	imported_unreviewed			multiword,pos_from_wordnet
i_hedhur_N	N	i hedhur		13961642-n	Albanet/OMW	wns/als/wn-data-als.tab	imported_unreviewed			multiword,pos_from_wordnet
i_huaj_N	N	i huaj		10103485-n	Albanet/OMW	wns/als/wn-data-als.tab	imported_unreviewed			multiword,pos_from_wordnet
i_jashtem_N	N	i jashtëm		08613593-n	Albanet/OMW	wns/als/wn-data-als.tab	imported_unreviewed			multiword,pos_from_wordnet
i_kundert_N	N	i kundërt		13858833-n	Albanet/OMW	wns/als/wn-data-als.tab	imported_unreviewed			multiword,pos_from_wordnet
i_kushtueshem_N	N	i kushtueshëm		14492373-n	Albanet/OMW	wns/als/wn-data-als.tab	imported_unreviewed			multiword,pos_from_wordnet
i_luget_N	N	i lugët		13864965-n	Albanet/OMW	wns/als/wn-data-als.tab	imported_unreviewed			multiword,pos_from_wordnet
i_moshuar_N	N	i moshuar		10376523-n	Albanet/OMW	wns/als/wn-data-als.tab	imported_unreviewed			multiword,pos_from_wordnet
i_ngrenshme_N	N	i ngrënshme		07556637-n	Albanet/OMW	wns/als/wn-data-als.tab	imported_unreviewed			multiword,pos_from_wordnet
i_njome_N	N	i njomë		01321579-n	Albanet/OMW	wns/als/wn-data-als.tab	imported_unreviewed			multiword,pos_from_wordnet
i_pafat_N	N	i pafat		09630641-n	Albanet/OMW	wns/als/wn-data-als.tab	imported_unreviewed			multiword,pos_from_wordnet
i_palidhur_N	N	i palidhur		13794226-n	Albanet/OMW	wns/als/wn-data-als.tab	imported_unreviewed			multiword,pos_from_wordnet
i_paprekur_N	N	i paprekur		14526764-n	Albanet/OMW	wns/als/wn-data-als.tab	imported_unreviewed			multiword,pos_from_wordnet
i_pari_N	N	i pari		09906986-n	Albanet/OMW	wns/als/wn-data-als.tab	imported_unreviewed			multiword,pos_from_wordnet
i_pavdekshem_N	N	i pavdekshem		09505418-n	Albanet/OMW	wns/als/wn-data-als.tab	imported_unreviewed			multiword,pos_from_wordnet
i_potershem_N	N	i potershëm		00064504-n	Albanet/OMW	wns/als/wn-data-als.tab	imported_unreviewed			multiword,pos_from_wordnet
i_punesuar_N	N	i punësuar		10053808-n	Albanet/OMW	wns/als/wn-data-als.tab	imported_unreviewed			multiword,pos_from_wordnet
i_perkohshem_N	N	i përkohshëm		05044528-n	Albanet/OMW	wns/als/wn-data-als.tab	imported_unreviewed			multiword,pos_from_wordnet
i_ri_N	N	i ri		09917593-n	Albanet/OMW	wns/als/wn-data-als.tab	imported_unreviewed			multiword,pos_from_wordnet
i_rrumbullake_N	N	i rrumbullake		07961016-n	Albanet/OMW	wns/als/wn-data-als.tab	imported_unreviewed			multiword,pos_from_wordnet
i_shpejte_N	N	i shpejtë		05058140-n	Albanet/OMW	wns/als/wn-data-als.tab	imported_unreviewed			multiword,pos_from_wordnet
i_shtrenjte_N	N	i shtrenjtë		09849598-n	Albanet/OMW	wns/als/wn-data-als.tab	imported_unreviewed			multiword,pos_from_wordnet
i_semure_N	N	i sëmurë		14052046-n	Albanet/OMW	wns/als/wn-data-als.tab	imported_unreviewed			multiword,pos_from_wordnet
i_vdekshem_N	N	i vdekshëm		00007846-n	Albanet/OMW	wns/als/wn-data-als.tab	imported_unreviewed			multiword,pos_from_wordnet
i_zoti_N	N	i zoti		09762509-n	Albanet/OMW	wns/als/wn-data-als.tab	imported_unreviewed			multiword,pos_from_wordnet
ibrik_N	N	ibrik		13769033-n	Albanet/OMW	wns/als/wn-data-als.tab	imported_unreviewed			pos_from_wordnet
ide_N	N	ide		05770926-n	Albanet/OMW	wns/als/wn-data-als.tab	imported_unreviewed			pos_from_wordnet
ide_e_drejte_N	N	ide e drejtë		04753455-n	Albanet/OMW	wns/als/wn-data-als.tab	imported_unreviewed			multiword,pos_from_wordnet
ideal_N	N	ideal		05923696-n	Albanet/OMW	wns/als/wn-data-als.tab	imported_unreviewed			pos_from_wordnet
identifikim_N	N	identifikim		06885083-n	Albanet/OMW	wns/als/wn-data-als.tab	imported_unreviewed			pos_from_wordnet
identik_N	N	identik		04743024-n	Albanet/OMW	wns/als/wn-data-als.tab	imported_unreviewed			pos_from_wordnet
identitet_N	N	identitet		04618070-n	Albanet/OMW	wns/als/wn-data-als.tab	imported_unreviewed			pos_from_wordnet
ideologji_N	N	ideologji		06212839-n	Albanet/OMW	wns/als/wn-data-als.tab	imported_unreviewed			pos_from_wordnet
idiom_N	N	idiom		07154330-n	Albanet/OMW	wns/als/wn-data-als.tab	imported_unreviewed			pos_from_wordnet
idiom_frazeologjike_N	N	idiom frazeologjike		07154330-n	Albanet/OMW	wns/als/wn-data-als.tab	imported_unreviewed			multiword,pos_from_wordnet
ikje_N	N	ikje		00042757-n	Albanet/OMW	wns/als/wn-data-als.tab	imported_unreviewed			pos_from_wordnet
ikon_N	N	ikon		03925226-n	Albanet/OMW	wns/als/wn-data-als.tab	imported_unreviewed			pos_from_wordnet
ilac_N	N	ilaç		03740161-n	Albanet/OMW	wns/als/wn-data-als.tab	imported_unreviewed			pos_from_wordnet
ilac_qetesues_N	N	ilaç qetësues		04166553-n	Albanet/OMW	wns/als/wn-data-als.tab	imported_unreviewed			multiword,pos_from_wordnet
iluminim_N	N	iluminim		13983147-n	Albanet/OMW	wns/als/wn-data-als.tab	imported_unreviewed			pos_from_wordnet
ilustrim_N	N	ilustrim		05820620-n	Albanet/OMW	wns/als/wn-data-als.tab	imported_unreviewed			pos_from_wordnet
imagjinate_N	N	imagjinatë		05625465-n	Albanet/OMW	wns/als/wn-data-als.tab	imported_unreviewed			pos_from_wordnet
imitacion_N	N	imitacion		00549472-n	Albanet/OMW	wns/als/wn-data-als.tab	imported_unreviewed			pos_from_wordnet
imitim_N	N	imitim		00549284-n	Albanet/OMW	wns/als/wn-data-als.tab	imported_unreviewed			pos_from_wordnet
impiant_ngrohje_N	N	impiant ngrohje		03509025-n	Albanet/OMW	wns/als/wn-data-als.tab	imported_unreviewed			multiword,pos_from_wordnet
implementim_N	N	implementim		00044150-n	Albanet/OMW	wns/als/wn-data-als.tab	imported_unreviewed			pos_from_wordnet
import_N	N	import		03564667-n	Albanet/OMW	wns/als/wn-data-als.tab	imported_unreviewed			pos_from_wordnet
importim_N	N	importim		03564667-n	Albanet/OMW	wns/als/wn-data-als.tab	imported_unreviewed			pos_from_wordnet
impotence_N	N	impotencë		05204637-n	Albanet/OMW	wns/als/wn-data-als.tab	imported_unreviewed			pos_from_wordnet
impuls_N	N	impuls		07308042-n	Albanet/OMW	wns/als/wn-data-als.tab	imported_unreviewed			pos_from_wordnet
impuls_nervor_N	N	impuls nervor		07308042-n	Albanet/OMW	wns/als/wn-data-als.tab	imported_unreviewed			multiword,pos_from_wordnet
inat_N	N	inat		07516354-n	Albanet/OMW	wns/als/wn-data-als.tab	imported_unreviewed			pos_from_wordnet
incident_N	N	incident		07307477-n	Albanet/OMW	wns/als/wn-data-als.tab	imported_unreviewed			pos_from_wordnet
ind_N	N	ind		05267345-n	Albanet/OMW	wns/als/wn-data-als.tab	imported_unreviewed			pos_from_wordnet
indiference_N	N	indiference		07505676-n	Albanet/OMW	wns/als/wn-data-als.tab	imported_unreviewed			pos_from_wordnet
indigjen_N	N	indigjen		09620794-n	Albanet/OMW	wns/als/wn-data-als.tab	imported_unreviewed			pos_from_wordnet
individ_N	N	individ		00007846-n	Albanet/OMW	wns/als/wn-data-als.tab	imported_unreviewed			pos_from_wordnet
individuale_N	N	individuale		10203839-n	Albanet/OMW	wns/als/wn-data-als.tab	imported_unreviewed			pos_from_wordnet
individualitet_N	N	individualitet		04618070-n	Albanet/OMW	wns/als/wn-data-als.tab	imported_unreviewed			pos_from_wordnet
industri_N	N	industri		00923444-n	Albanet/OMW | Baseline LexiconSqi	wns/als/wn-data-als.tab | industry_N	baseline_lexicon_exact	industry_N		lexicon_sqi_exact,pos_from_wordnet
inekzistence_N	N	inekzistencë		13959931-n	Albanet/OMW	wns/als/wn-data-als.tab	imported_unreviewed			pos_from_wordnet
infeksion_N	N	infeksion		14174549-n	Albanet/OMW	wns/als/wn-data-als.tab	imported_unreviewed			pos_from_wordnet
infektim_N	N	infektim		00276987-n	Albanet/OMW	wns/als/wn-data-als.tab	imported_unreviewed			pos_from_wordnet
infermiere_N	N	infermiere		10366966-n	Albanet/OMW	wns/als/wn-data-als.tab	imported_unreviewed			pos_from_wordnet
inflacion_N	N	inflacion		13498828-n	Albanet/OMW	wns/als/wn-data-als.tab	imported_unreviewed			pos_from_wordnet
influence_N	N	influencë		00157081-n	Albanet/OMW	wns/als/wn-data-als.tab	imported_unreviewed			pos_from_wordnet
informacion_N	N	informacion		05816287-n	Albanet/OMW	wns/als/wn-data-als.tab	imported_unreviewed			pos_from_wordnet
informim_N	N	informim		06634376-n	Albanet/OMW	wns/als/wn-data-als.tab	imported_unreviewed			pos_from_wordnet
informuar_N	N	informuar		05675905-n	Albanet/OMW	wns/als/wn-data-als.tab	imported_unreviewed			pos_from_wordnet
infrastrukture_N	N	infrastrukturë		03569964-n	Albanet/OMW	wns/als/wn-data-als.tab	imported_unreviewed			pos_from_wordnet
ingredient_N	N	ingredient		07809096-n	Albanet/OMW	wns/als/wn-data-als.tab	imported_unreviewed			pos_from_wordnet
inkrement_N	N	inkrement		13497135-n	Albanet/OMW	wns/als/wn-data-als.tab	imported_unreviewed			pos_from_wordnet
inkuadrim_N	N	inkuadrim		03391770-n	Albanet/OMW	wns/als/wn-data-als.tab	imported_unreviewed			pos_from_wordnet
inspektim_N	N	inspektim		00652069-n	Albanet/OMW	wns/als/wn-data-als.tab	imported_unreviewed			pos_from_wordnet
instalim_N	N	instalim		00266806-n	Albanet/OMW	wns/als/wn-data-als.tab	imported_unreviewed			pos_from_wordnet
instance_N	N	instance		07308889-n	Albanet/OMW	wns/als/wn-data-als.tab	imported_unreviewed			pos_from_wordnet
institucion_N	N	institucion		03297735-n	Albanet/OMW	wns/als/wn-data-als.tab	imported_unreviewed			pos_from_wordnet
institucion_edukimi_N	N	institucion edukimi		08276342-n	Albanet/OMW	wns/als/wn-data-als.tab	imported_unreviewed			multiword,pos_from_wordnet
institucion_mjekesor_N	N	institucion mjekësor		08053905-n	Albanet/OMW	wns/als/wn-data-als.tab	imported_unreviewed			multiword,pos_from_wordnet
institut_N	N	institut		08407330-n	Albanet/OMW	wns/als/wn-data-als.tab	imported_unreviewed			pos_from_wordnet
instrument_N	N	instrument		03574816-n	Albanet/OMW	wns/als/wn-data-als.tab	imported_unreviewed			pos_from_wordnet
instrument_i_njehsueshem_N	N	instrument i njehsueshëm		03733925-n	Albanet/OMW	wns/als/wn-data-als.tab	imported_unreviewed			multiword,pos_from_wordnet
instrument_ligji_N	N	instrument ligji		06479665-n	Albanet/OMW	wns/als/wn-data-als.tab	imported_unreviewed			multiword,pos_from_wordnet
instrument_me_perkusion_N	N	instrument me perkusion		03915437-n	Albanet/OMW	wns/als/wn-data-als.tab	imported_unreviewed			multiword,pos_from_wordnet
instrumenta_me_tela_N	N	instrumenta me tela		04338517-n	Albanet/OMW	wns/als/wn-data-als.tab	imported_unreviewed			multiword,pos_from_wordnet
instrumente_N	N	instrumente		03575240-n	Albanet/OMW	wns/als/wn-data-als.tab	imported_unreviewed			pos_from_wordnet
instrumente_muzikore_N	N	instrumente muzikore		03800933-n	Albanet/OMW	wns/als/wn-data-als.tab	imported_unreviewed			multiword,pos_from_wordnet
instrumentist_N	N	instrumentist		10340312-n	Albanet/OMW	wns/als/wn-data-als.tab	imported_unreviewed			pos_from_wordnet
intelekt_N	N	intelekt		05618849-n	Albanet/OMW	wns/als/wn-data-als.tab	imported_unreviewed			pos_from_wordnet
intelektual_N	N	intelektual		09621545-n	Albanet/OMW	wns/als/wn-data-als.tab	imported_unreviewed			pos_from_wordnet
inteligjence_N	N	inteligjencë		05617606-n	Albanet/OMW	wns/als/wn-data-als.tab	imported_unreviewed			pos_from_wordnet
interes_N	N	interes		05682950-n	Albanet/OMW	wns/als/wn-data-als.tab	imported_unreviewed			pos_from_wordnet
interesant_N	N	interesant		05192451-n	Albanet/OMW	wns/als/wn-data-als.tab	imported_unreviewed			pos_from_wordnet
interesante_N	N	interesante		05192451-n	Albanet/OMW	wns/als/wn-data-als.tab	imported_unreviewed			pos_from_wordnet
interesim_N	N	interesim		00431552-n	Albanet/OMW	wns/als/wn-data-als.tab	imported_unreviewed			pos_from_wordnet
interferent_N	N	interferent		01073995-n	Albanet/OMW	wns/als/wn-data-als.tab	imported_unreviewed			pos_from_wordnet
interlinje_N	N	interlinjë		03651265-n	Albanet/OMW	wns/als/wn-data-als.tab	imported_unreviewed			pos_from_wordnet
interpretoj_N	N	interpretoj		00548326-n	Albanet/OMW	wns/als/wn-data-als.tab	imported_unreviewed			pos_from_wordnet
interrogim_N	N	interrogim		07193958-n	Albanet/OMW	wns/als/wn-data-als.tab	imported_unreviewed			pos_from_wordnet
interstice_N	N	interstice		05230171-n	Albanet/OMW	wns/als/wn-data-als.tab	imported_unreviewed			pos_from_wordnet
interval_N	N	interval		15269513-n	Albanet/OMW	wns/als/wn-data-als.tab	imported_unreviewed			pos_from_wordnet
interval_kohe_N	N	interval kohe		15270245-n	Albanet/OMW	wns/als/wn-data-als.tab	imported_unreviewed			multiword,pos_from_wordnet
interval_kohor_N	N	interval kohor		15269513-n	Albanet/OMW	wns/als/wn-data-als.tab	imported_unreviewed			multiword,pos_from_wordnet
intolerance_N	N	intolerance		06205154-n	Albanet/OMW	wns/als/wn-data-als.tab	imported_unreviewed			pos_from_wordnet
investigim_N	N	investigim		00633864-n	Albanet/OMW	wns/als/wn-data-als.tab	imported_unreviewed			pos_from_wordnet
investim_N	N	investim		01099436-n	Albanet/OMW	wns/als/wn-data-als.tab	imported_unreviewed			pos_from_wordnet
inxhinier_N	N	inxhinier		09615807-n	Albanet/OMW	wns/als/wn-data-als.tab	imported_unreviewed			pos_from_wordnet
inxhinieri_N	N	inxhinieri		06125041-n	Albanet/OMW	wns/als/wn-data-als.tab	imported_unreviewed			pos_from_wordnet
iriq_deti_N	N	iriq deti		02316707-n	Albanet/OMW	wns/als/wn-data-als.tab	imported_unreviewed			multiword,pos_from_wordnet
ishull_N	N	ishull		03587318-n	Albanet/OMW	wns/als/wn-data-als.tab	imported_unreviewed			pos_from_wordnet
israelit_N	N	Israelit		09681351-n	Albanet/OMW	wns/als/wn-data-als.tab	imported_unreviewed			case_marked,pos_from_wordnet
itinerar_N	N	itinerar		08616311-n	Albanet/OMW	wns/als/wn-data-als.tab	imported_unreviewed			pos_from_wordnet
jaht_N	N	jaht		04610013-n	Albanet/OMW	wns/als/wn-data-als.tab	imported_unreviewed			pos_from_wordnet
jaht_garash_N	N	jaht garash		04610013-n	Albanet/OMW	wns/als/wn-data-als.tab	imported_unreviewed			multiword,pos_from_wordnet
jake_N	N	jakë		03068181-n	Albanet/OMW	wns/als/wn-data-als.tab	imported_unreviewed			pos_from_wordnet
jastek_N	N	jastëk		03151500-n	Albanet/OMW	wns/als/wn-data-als.tab	imported_unreviewed			pos_from_wordnet
jastecke_per_gjilpera_N	N	jastëçkë për gjilpëra		03942126-n	Albanet/OMW	wns/als/wn-data-als.tab	imported_unreviewed			multiword,pos_from_wordnet
jave_N	N	javë		15169873-n	Albanet/OMW	wns/als/wn-data-als.tab	imported_unreviewed			pos_from_wordnet
jave_pune_N	N	javë pune		15135996-n	Albanet/OMW	wns/als/wn-data-als.tab	imported_unreviewed			multiword,pos_from_wordnet
jeep_N	N	jeep		03594945-n	Albanet/OMW	wns/als/wn-data-als.tab	imported_unreviewed			pos_from_wordnet
jeshile_N	N	jeshile		07709333-n	Albanet/OMW	wns/als/wn-data-als.tab	imported_unreviewed			pos_from_wordnet
jesnaf_N	N	jesnaf		09974648-n	Albanet/OMW	wns/als/wn-data-als.tab	imported_unreviewed			pos_from_wordnet
jeta_N	N	jeta		06515827-n	Albanet/OMW	wns/als/wn-data-als.tab	imported_unreviewed			pos_from_wordnet
jete_N	N	jete		09178727-n	Albanet/OMW	wns/als/wn-data-als.tab	imported_unreviewed			pos_from_wordnet
jetese_N	N	jetesë		05810561-n	Albanet/OMW	wns/als/wn-data-als.tab	imported_unreviewed			pos_from_wordnet
jete_N__2	N	jetë		05810561-n	Albanet/OMW	wns/als/wn-data-als.tab	imported_unreviewed			pos_from_wordnet
jete_bashkeshortore_N	N	jetë bashkëshortore		13963970-n	Albanet/OMW	wns/als/wn-data-als.tab	imported_unreviewed			multiword,pos_from_wordnet
jete_bimore_N	N	jetë bimore		00017222-n	Albanet/OMW	wns/als/wn-data-als.tab	imported_unreviewed			multiword,pos_from_wordnet
jetegjatesi_N	N	jetëgjatësi		13961399-n	Albanet/OMW	wns/als/wn-data-als.tab	imported_unreviewed			pos_from_wordnet
jo_arrites_N	N	jo arritës		00066216-n	Albanet/OMW	wns/als/wn-data-als.tab	imported_unreviewed			multiword,pos_from_wordnet
jo_emocional_N	N	jo emocional		04629194-n	Albanet/OMW	wns/als/wn-data-als.tab	imported_unreviewed			multiword,pos_from_wordnet
jo_origjinal_N	N	jo origjinal		04801168-n	Albanet/OMW	wns/als/wn-data-als.tab	imported_unreviewed			multiword,pos_from_wordnet
jo_shtetas_N	N	jo shtetas		10103485-n	Albanet/OMW	wns/als/wn-data-als.tab	imported_unreviewed			multiword,pos_from_wordnet
john_barleycorn_N	N	John Barleycorn		07901587-n	Albanet/OMW	wns/als/wn-data-als.tab	imported_unreviewed			case_marked,multiword,pos_from_wordnet
jovertebror_N	N	jovertebror		01905661-n	Albanet/OMW	wns/als/wn-data-als.tab	imported_unreviewed			pos_from_wordnet
juri_N	N	juri		08414119-n	Albanet/OMW	wns/als/wn-data-als.tab	imported_unreviewed			pos_from_wordnet
juridiksion_N	N	juridiksion		08329453-n	Albanet/OMW	wns/als/wn-data-als.tab	imported_unreviewed			pos_from_wordnet
jurist_N	N	jurist		10225219-n	Albanet/OMW	wns/als/wn-data-als.tab	imported_unreviewed			pos_from_wordnet
justifikim_N	N	justifikim		05823054-n	Albanet/OMW	wns/als/wn-data-als.tab	imported_unreviewed			pos_from_wordnet
kabriolet_N	N	kabriolet		02931013-n	Albanet/OMW	wns/als/wn-data-als.tab	imported_unreviewed			pos_from_wordnet
kacavirrem_N	N	kacavirrem		00325110-n	Albanet/OMW	wns/als/wn-data-als.tab	imported_unreviewed			pos_from_wordnet
kacube_N	N	kacube		08438223-n	Albanet/OMW	wns/als/wn-data-als.tab	imported_unreviewed			pos_from_wordnet
kadife_N	N	kadife		03106722-n	Albanet/OMW	wns/als/wn-data-als.tab	imported_unreviewed			pos_from_wordnet
kadife_me_vija_N	N	kadife me vija		03106722-n	Albanet/OMW	wns/als/wn-data-als.tab	imported_unreviewed			multiword,pos_from_wordnet
kafe_N	N	kafe		07929519-n	Albanet/OMW	wns/als/wn-data-als.tab	imported_unreviewed			pos_from_wordnet
kafshe_pune_N	N	kafshe pune		01316949-n	Albanet/OMW	wns/als/wn-data-als.tab	imported_unreviewed			multiword,pos_from_wordnet
kafshe_N	N	kafshë		00015388-n	Albanet/OMW | Baseline LexiconSqi	wns/als/wn-data-als.tab | animal_N	baseline_lexicon_exact	animal_N		lexicon_sqi_exact,pos_from_wordnet
kafshe_brejtese_N	N	kafshë brejtëse		02329401-n	Albanet/OMW	wns/als/wn-data-als.tab	imported_unreviewed			multiword,pos_from_wordnet
kafshe_gjahu_N	N	kafshë gjahu		02152991-n	Albanet/OMW	wns/als/wn-data-als.tab	imported_unreviewed			multiword,pos_from_wordnet
kafshe_grabitqare_N	N	kafshë grabitqare		02152740-n	Albanet/OMW	wns/als/wn-data-als.tab	imported_unreviewed			multiword,pos_from_wordnet
kafshe_me_thunder_N	N	kafshë me thundër		02370806-n	Albanet/OMW	wns/als/wn-data-als.tab	imported_unreviewed			multiword,pos_from_wordnet
kafshe_ngarkese_N	N	kafshë ngarkesë		01317089-n	Albanet/OMW	wns/als/wn-data-als.tab	imported_unreviewed			multiword,pos_from_wordnet
kafshe_per_kafshe_N	N	kafshë për kafshë		01317391-n	Albanet/OMW	wns/als/wn-data-als.tab	imported_unreviewed			multiword,pos_from_wordnet
kafshe_shtepiake_N	N	kafshë shtëpiake		01317541-n	Albanet/OMW	wns/als/wn-data-als.tab	imported_unreviewed			multiword,pos_from_wordnet
kaike_N	N	kaike		02951358-n	Albanet/OMW	wns/als/wn-data-als.tab	imported_unreviewed			pos_from_wordnet
kalama_N	N	kalama		09917593-n	Albanet/OMW	wns/als/wn-data-als.tab	imported_unreviewed			pos_from_wordnet
kalbje_N	N	kalbje		14560612-n	Albanet/OMW	wns/als/wn-data-als.tab	imported_unreviewed			pos_from_wordnet
kalbje_dhembi_N	N	kalbje dhembi		13444513-n	Albanet/OMW	wns/als/wn-data-als.tab	imported_unreviewed			multiword,pos_from_wordnet
kalendar_N	N	kalendar		15173479-n	Albanet/OMW	wns/als/wn-data-als.tab	imported_unreviewed			pos_from_wordnet
kalibrim_N	N	kalibrim		00999245-n	Albanet/OMW	wns/als/wn-data-als.tab	imported_unreviewed			pos_from_wordnet
kalim_N	N	kalim		00201058-n	Albanet/OMW	wns/als/wn-data-als.tab	imported_unreviewed			pos_from_wordnet
kalim_kohe_N	N	kalim kohe		00431552-n	Albanet/OMW	wns/als/wn-data-als.tab	imported_unreviewed			multiword,pos_from_wordnet
kalime_N	N	kalime		00119568-n	Albanet/OMW	wns/als/wn-data-als.tab	imported_unreviewed			pos_from_wordnet
kallaj_N	N	kallaj		14658855-n	Albanet/OMW	wns/als/wn-data-als.tab	imported_unreviewed			pos_from_wordnet
kalli_N	N	kalli		13133613-n	Albanet/OMW	wns/als/wn-data-als.tab	imported_unreviewed			pos_from_wordnet
kaluar_N	N	kaluar		15141693-n	Albanet/OMW	wns/als/wn-data-als.tab	imported_unreviewed			pos_from_wordnet
kaluc_N	N	kaluç		04524142-n	Albanet/OMW	wns/als/wn-data-als.tab	imported_unreviewed			pos_from_wordnet
kale_N	N	kalë		02374149-n	Albanet/OMW | Baseline LexiconSqi	wns/als/wn-data-als.tab | horse_N	baseline_lexicon_exact	horse_N		lexicon_sqi_exact,pos_from_wordnet
kam_N	N	kam		00032613-n	Albanet/OMW	wns/als/wn-data-als.tab	imported_unreviewed			pos_from_wordnet
kam_nevoje_N	N	kam nevojë		14449126-n	Albanet/OMW	wns/als/wn-data-als.tab	imported_unreviewed			multiword,pos_from_wordnet
kamare_N	N	kamare		04061969-n	Albanet/OMW	wns/als/wn-data-als.tab	imported_unreviewed			pos_from_wordnet
kambane_N	N	kambanë		02824858-n	Albanet/OMW	wns/als/wn-data-als.tab	imported_unreviewed			pos_from_wordnet
kamere_N	N	kamerë			Baseline LexiconSqi	camera_N	baseline_lexicon_exact	camera_N		lexicon_sqi_exact
kamion_N	N	kamion		04490091-n	Albanet/OMW	wns/als/wn-data-als.tab	imported_unreviewed			pos_from_wordnet
kamion_i_vogel_N	N	kamion i vogël		02814533-n	Albanet/OMW	wns/als/wn-data-als.tab	imported_unreviewed			multiword,pos_from_wordnet
kamioncine_N	N	kamionçinë		02814533-n	Albanet/OMW	wns/als/wn-data-als.tab	imported_unreviewed			pos_from_wordnet
kamioncine_plazhi_N	N	kamionçinë plazhi		02814533-n	Albanet/OMW	wns/als/wn-data-als.tab	imported_unreviewed			multiword,pos_from_wordnet
kamioncine_stacioni_N	N	kamionçinë stacioni		02814533-n	Albanet/OMW	wns/als/wn-data-als.tab	imported_unreviewed			multiword,pos_from_wordnet
kamje_N	N	kamje		13250398-n	Albanet/OMW	wns/als/wn-data-als.tab	imported_unreviewed			pos_from_wordnet
kamp_N	N	kamp		02945161-n	Albanet/OMW	wns/als/wn-data-als.tab	imported_unreviewed			pos_from_wordnet
kamping_N	N	kamping		09393605-n	Albanet/OMW	wns/als/wn-data-als.tab	imported_unreviewed			pos_from_wordnet
kampion_N	N	kampion		09762509-n	Albanet/OMW	wns/als/wn-data-als.tab	imported_unreviewed			pos_from_wordnet
kamzhik_N	N	kamzhik		04577769-n	Albanet/OMW	wns/als/wn-data-als.tab	imported_unreviewed			pos_from_wordnet
kanal_N	N	kanal		05248181-n	Albanet/OMW	wns/als/wn-data-als.tab	imported_unreviewed			pos_from_wordnet
kander_N	N	kandër		02159955-n	Albanet/OMW	wns/als/wn-data-als.tab	imported_unreviewed			pos_from_wordnet
kanoe_anije_lumore_N	N	kanoe,anije lumore		02792552-n	Albanet/OMW	wns/als/wn-data-als.tab	imported_unreviewed			multiword,pos_from_wordnet,punctuation
kanotazh_N	N	kanotazh		00445351-n	Albanet/OMW	wns/als/wn-data-als.tab	imported_unreviewed			pos_from_wordnet
kap_N	N	kap		00138956-n	Albanet/OMW	wns/als/wn-data-als.tab	imported_unreviewed			pos_from_wordnet
kapacitet_mendor_N	N	kapacitet mendor		05618056-n	Albanet/OMW	wns/als/wn-data-als.tab	imported_unreviewed			multiword,pos_from_wordnet
kapak_N	N	kapak		02954938-n	Albanet/OMW	wns/als/wn-data-als.tab	imported_unreviewed			pos_from_wordnet
kapele_N	N	kapelë		03497657-n	Albanet/OMW | Baseline LexiconSqi	wns/als/wn-data-als.tab | cap_N | hat_N	baseline_lexicon_exact	cap_N	hat_N	lexicon_sqi_exact,pos_from_wordnet
kapital_N	N	kapital		13353607-n	Albanet/OMW	wns/als/wn-data-als.tab	imported_unreviewed			pos_from_wordnet
kapital_aktiv_N	N	kapital aktiv		13354420-n	Albanet/OMW	wns/als/wn-data-als.tab	imported_unreviewed			multiword,pos_from_wordnet
kapitalizem_N	N	kapitalizëm		09609232-n	Albanet/OMW	wns/als/wn-data-als.tab	imported_unreviewed			pos_from_wordnet
kapitullim_N	N	kapitullim		00067707-n	Albanet/OMW	wns/als/wn-data-als.tab	imported_unreviewed			pos_from_wordnet
kapsul_qetesues_N	N	kapsul qetësues		02707683-n	Albanet/OMW	wns/als/wn-data-als.tab	imported_unreviewed			multiword,pos_from_wordnet
kapuc_N	N	kapuç		03497657-n	Albanet/OMW	wns/als/wn-data-als.tab	imported_unreviewed			pos_from_wordnet
karakatine_N	N	karakatinë		02924554-n	Albanet/OMW	wns/als/wn-data-als.tab	imported_unreviewed			pos_from_wordnet
karakter_N	N	karakter		04620216-n	Albanet/OMW	wns/als/wn-data-als.tab	imported_unreviewed			pos_from_wordnet
karakteristike_N	N	karakteristikë		04731497-n	Albanet/OMW	wns/als/wn-data-als.tab	imported_unreviewed			pos_from_wordnet
karakteristike_trupore_N	N	karakteristikë trupore		04997988-n	Albanet/OMW	wns/als/wn-data-als.tab	imported_unreviewed			multiword,pos_from_wordnet
karakterizim_N	N	karakterizim		00548802-n	Albanet/OMW	wns/als/wn-data-als.tab	imported_unreviewed			pos_from_wordnet
karbon_N	N	karbon		14633206-n	Albanet/OMW	wns/als/wn-data-als.tab	imported_unreviewed			pos_from_wordnet
karies_N	N	karies		13444513-n	Albanet/OMW	wns/als/wn-data-als.tab	imported_unreviewed			pos_from_wordnet
karies_dentar_N	N	karies dentar		13444513-n	Albanet/OMW	wns/als/wn-data-als.tab	imported_unreviewed			multiword,pos_from_wordnet
karikature_N	N	karikaturë		00549610-n	Albanet/OMW	wns/als/wn-data-als.tab	imported_unreviewed			pos_from_wordnet
karkase_makinerie_N	N	karkasë makinerie		03546766-n	Albanet/OMW	wns/als/wn-data-als.tab	imported_unreviewed			multiword,pos_from_wordnet
karrige_N	N	karrige		00721431-n	Albanet/OMW | Baseline LexiconSqi	wns/als/wn-data-als.tab | chair_N	baseline_lexicon_exact	chair_N		lexicon_sqi_exact,pos_from_wordnet
karroce_N	N	karrocë		02968473-n	Albanet/OMW	wns/als/wn-data-als.tab	imported_unreviewed			pos_from_wordnet
karshillek_N	N	karshillek		13811410-n	Albanet/OMW	wns/als/wn-data-als.tab	imported_unreviewed			pos_from_wordnet
karte_N	N	kartë		06492939-n	Albanet/OMW	wns/als/wn-data-als.tab	imported_unreviewed			pos_from_wordnet
karte_qenderimi_N	N	kartë qenderimi		06492939-n	Albanet/OMW	wns/als/wn-data-als.tab	imported_unreviewed			multiword,pos_from_wordnet
karte_telefoni_N	N	kartë telefoni		06633205-n	Albanet/OMW	wns/als/wn-data-als.tab	imported_unreviewed			multiword,pos_from_wordnet
kartevizite_N	N	kartëvizite		06633205-n	Albanet/OMW	wns/als/wn-data-als.tab	imported_unreviewed			pos_from_wordnet
kat_N	N	kat		03365991-n	Albanet/OMW	wns/als/wn-data-als.tab	imported_unreviewed			pos_from_wordnet
kat_perdhese_N	N	kat përdhese		03463381-n	Albanet/OMW	wns/als/wn-data-als.tab	imported_unreviewed			multiword,pos_from_wordnet
katalog_N	N	katalog		06495000-n	Albanet/OMW	wns/als/wn-data-als.tab	imported_unreviewed			pos_from_wordnet
kategori_N	N	kategori		05838765-n	Albanet/OMW	wns/als/wn-data-als.tab	imported_unreviewed			pos_from_wordnet
kategori_gramatikore_N	N	kategori gramatikore		06309383-n	Albanet/OMW	wns/als/wn-data-als.tab	imported_unreviewed			multiword,pos_from_wordnet
kategori_sintaksore_N	N	kategori sintaksore		06309383-n	Albanet/OMW	wns/als/wn-data-als.tab	imported_unreviewed			multiword,pos_from_wordnet
kategorizoj_N	N	kategorizoj		05732756-n	Albanet/OMW	wns/als/wn-data-als.tab	imported_unreviewed			pos_from_wordnet
kati_i_pare_N	N	kati i parë		03463381-n	Albanet/OMW	wns/als/wn-data-als.tab	imported_unreviewed			multiword,pos_from_wordnet
katranos_N	N	katranos		00074790-n	Albanet/OMW	wns/als/wn-data-als.tab	imported_unreviewed			pos_from_wordnet
katror_N	N	katror		13731021-n	Albanet/OMW	wns/als/wn-data-als.tab	imported_unreviewed			pos_from_wordnet
katund_N	N	katund		08226699-n	Albanet/OMW	wns/als/wn-data-als.tab	imported_unreviewed			pos_from_wordnet
kavitet_N	N	kavitet		13444513-n	Albanet/OMW	wns/als/wn-data-als.tab	imported_unreviewed			pos_from_wordnet
kacube_N__2	N	kaçubë		13112664-n	Albanet/OMW	wns/als/wn-data-als.tab	imported_unreviewed			pos_from_wordnet
kek_N	N	kek		07628870-n	Albanet/OMW	wns/als/wn-data-als.tab	imported_unreviewed			pos_from_wordnet
kenete_N	N	kenete		09347779-n	Albanet/OMW	wns/als/wn-data-als.tab	imported_unreviewed			pos_from_wordnet
keqardhje_N	N	keqardhje		07535670-n	Albanet/OMW	wns/als/wn-data-als.tab	imported_unreviewed			pos_from_wordnet
keqberje_N	N	keqbërje		00735936-n	Albanet/OMW	wns/als/wn-data-als.tab	imported_unreviewed			pos_from_wordnet
keqberes_N	N	keqbërës		00732746-n	Albanet/OMW	wns/als/wn-data-als.tab	imported_unreviewed			pos_from_wordnet
keqdashje_N	N	keqdashje		00745637-n	Albanet/OMW	wns/als/wn-data-als.tab	imported_unreviewed			pos_from_wordnet
keqkuptim_N	N	keqkuptim		00070965-n	Albanet/OMW	wns/als/wn-data-als.tab	imported_unreviewed			pos_from_wordnet
keqperdorim_N	N	keqpërdorim		00419908-n	Albanet/OMW	wns/als/wn-data-als.tab	imported_unreviewed			pos_from_wordnet
keqtrajtim_N	N	keqtrajtim		00418025-n	Albanet/OMW	wns/als/wn-data-als.tab	imported_unreviewed			pos_from_wordnet
keqesim_ne_cilesi_N	N	keqësim në cilësi		13464204-n	Albanet/OMW	wns/als/wn-data-als.tab	imported_unreviewed			multiword,pos_from_wordnet
kerkese_N	N	kerkese		07185325-n	Albanet/OMW	wns/als/wn-data-als.tab	imported_unreviewed			pos_from_wordnet
kerkese_indirekte_N	N	kerkese indirekte		07185870-n	Albanet/OMW	wns/als/wn-data-als.tab	imported_unreviewed			multiword,pos_from_wordnet
key_N	N	key		13724838-n	Albanet/OMW	wns/als/wn-data-als.tab	imported_unreviewed			pos_from_wordnet
kimi_N	N	kimi		06084469-n	Albanet/OMW	wns/als/wn-data-als.tab	imported_unreviewed			pos_from_wordnet
kimik_N	N	kimik		14806838-n	Albanet/OMW	wns/als/wn-data-als.tab	imported_unreviewed			pos_from_wordnet
kinema_N	N	kinema		06613686-n	Albanet/OMW	wns/als/wn-data-als.tab	imported_unreviewed			pos_from_wordnet
kinkaleri_N	N	kinkaleri		03252064-n	Albanet/OMW	wns/als/wn-data-als.tab	imported_unreviewed			pos_from_wordnet
kishe_N	N	kishë		01032368-n	Albanet/OMW | Baseline LexiconSqi	wns/als/wn-data-als.tab | church_N	baseline_lexicon_exact	church_N		lexicon_sqi_exact,pos_from_wordnet
klan_N	N	klan		07970721-n	Albanet/OMW	wns/als/wn-data-als.tab	imported_unreviewed			pos_from_wordnet
klasa_N	N	klasa		07997703-n	Albanet/OMW	wns/als/wn-data-als.tab	imported_unreviewed			pos_from_wordnet
klasat_e_fjales_N	N	klasat e fjalës		06317464-n	Albanet/OMW	wns/als/wn-data-als.tab	imported_unreviewed			multiword,pos_from_wordnet
klasifikim_N	N	klasifikim		05732756-n	Albanet/OMW	wns/als/wn-data-als.tab	imported_unreviewed			pos_from_wordnet
klasifikoj_N	N	klasifikoj		05732756-n	Albanet/OMW	wns/als/wn-data-als.tab	imported_unreviewed			pos_from_wordnet
klase_N	N	klasë		08238463-n	Albanet/OMW	wns/als/wn-data-als.tab	imported_unreviewed			pos_from_wordnet
kler_N	N	kler		08152787-n	Albanet/OMW	wns/als/wn-data-als.tab	imported_unreviewed			pos_from_wordnet
klientele_N	N	klientele		08401554-n	Albanet/OMW	wns/als/wn-data-als.tab	imported_unreviewed			pos_from_wordnet
kllape_hekuri_N	N	kllapë hekuri		03126090-n	Albanet/OMW	wns/als/wn-data-als.tab	imported_unreviewed			multiword,pos_from_wordnet
kllape_shtrenguese_N	N	kllapë shtrënguese		03126090-n	Albanet/OMW	wns/als/wn-data-als.tab	imported_unreviewed			multiword,pos_from_wordnet
klub_N	N	klub		03054311-n	Albanet/OMW	wns/als/wn-data-als.tab	imported_unreviewed			pos_from_wordnet
koalicion_N	N	koalicion		08293982-n	Albanet/OMW	wns/als/wn-data-als.tab	imported_unreviewed			pos_from_wordnet
kocke_N	N	kockë		05269901-n	Albanet/OMW | Baseline LexiconSqi	wns/als/wn-data-als.tab | bone_N	baseline_lexicon_exact	bone_N		lexicon_sqi_exact,pos_from_wordnet
koder_N	N	kodër		09303008-n	Albanet/OMW | Baseline LexiconSqi	wns/als/wn-data-als.tab | hill_N	baseline_lexicon_exact	hill_N		lexicon_sqi_exact,pos_from_wordnet
koha_dimerore_N	N	koha dimërore		15237782-n	Albanet/OMW	wns/als/wn-data-als.tab	imported_unreviewed			multiword,pos_from_wordnet
koha_e_dites_N	N	koha e ditës		15228378-n	Albanet/OMW	wns/als/wn-data-als.tab	imported_unreviewed			multiword,pos_from_wordnet
koha_e_jetes_N	N	koha e jetës		15144371-n	Albanet/OMW	wns/als/wn-data-als.tab	imported_unreviewed			multiword,pos_from_wordnet
koha_e_lojes_N	N	koha e lojës		15256915-n	Albanet/OMW	wns/als/wn-data-als.tab	imported_unreviewed			multiword,pos_from_wordnet
koha_e_sotshme_N	N	koha e sotshme		15119536-n	Albanet/OMW	wns/als/wn-data-als.tab	imported_unreviewed			multiword,pos_from_wordnet
koha_muzikore_N	N	koha muzikore		15122011-n	Albanet/OMW	wns/als/wn-data-als.tab	imported_unreviewed			multiword,pos_from_wordnet
koha_pranverore_N	N	koha pranverore		15237044-n	Albanet/OMW	wns/als/wn-data-als.tab	imported_unreviewed			multiword,pos_from_wordnet
koha_yjore_N	N	koha yjore		15208162-n	Albanet/OMW	wns/als/wn-data-als.tab	imported_unreviewed			multiword,pos_from_wordnet
kohe_N	N	kohe		06329506-n	Albanet/OMW	wns/als/wn-data-als.tab	imported_unreviewed			pos_from_wordnet
kohezion_N	N	kohezion		14420464-n	Albanet/OMW	wns/als/wn-data-als.tab	imported_unreviewed			pos_from_wordnet
kohe_N__2	N	kohë		00028270-n	Albanet/OMW	wns/als/wn-data-als.tab	imported_unreviewed			pos_from_wordnet
kohe_e_ardhme_N	N	kohë e ardhme		15121625-n	Albanet/OMW	wns/als/wn-data-als.tab	imported_unreviewed			multiword,pos_from_wordnet
kohe_e_gjate_N	N	kohë e gjatë		15242955-n	Albanet/OMW	wns/als/wn-data-als.tab	imported_unreviewed			multiword,pos_from_wordnet
kohe_e_limituar_N	N	kohë e limituar		15224156-n	Albanet/OMW	wns/als/wn-data-als.tab	imported_unreviewed			multiword,pos_from_wordnet
kohe_e_shkuar_N	N	kohë e shkuar		15120823-n	Albanet/OMW	wns/als/wn-data-als.tab	imported_unreviewed			multiword,pos_from_wordnet
kohe_e_vazhduar_N	N	kohë e vazhduar		15123754-n	Albanet/OMW	wns/als/wn-data-als.tab	imported_unreviewed			multiword,pos_from_wordnet
kohe_gjeologjike_N	N	kohë gjeologjike		15116283-n	Albanet/OMW	wns/als/wn-data-als.tab	imported_unreviewed			multiword,pos_from_wordnet
kohe_kozmike_N	N	kohë kozmike		15116724-n	Albanet/OMW	wns/als/wn-data-als.tab	imported_unreviewed			multiword,pos_from_wordnet
kohe_periodike_N	N	kohë periodike		15113229-n	Albanet/OMW	wns/als/wn-data-als.tab	imported_unreviewed			multiword,pos_from_wordnet
kohe_pune_N	N	kohë pune		15118228-n	Albanet/OMW	wns/als/wn-data-als.tab	imported_unreviewed			multiword,pos_from_wordnet
kohe_perpara_N	N	kohë përpara		15120823-n	Albanet/OMW	wns/als/wn-data-als.tab	imported_unreviewed			multiword,pos_from_wordnet
kohemates_N	N	kohëmatës		04437953-n	Albanet/OMW	wns/als/wn-data-als.tab	imported_unreviewed			pos_from_wordnet
koks_N	N	koks		14685768-n	Albanet/OMW	wns/als/wn-data-als.tab	imported_unreviewed			pos_from_wordnet
koke_N	N	kokë		05538625-n	Albanet/OMW | Baseline LexiconSqi	wns/als/wn-data-als.tab | head_N	baseline_lexicon_exact	head_N		lexicon_sqi_exact,pos_from_wordnet
koke_e_madhe_N	N	kokë e madhe		05618056-n	Albanet/OMW	wns/als/wn-data-als.tab	imported_unreviewed			multiword,pos_from_wordnet
koke_shteti_N	N	kokë shteti		10164747-n	Albanet/OMW	wns/als/wn-data-als.tab	imported_unreviewed			multiword,pos_from_wordnet
kokeforte_N	N	kokëfortë		04907269-n	Albanet/OMW	wns/als/wn-data-als.tab	imported_unreviewed			pos_from_wordnet
kokeshkemb_N	N	kokëshkëmb		04907269-n	Albanet/OMW	wns/als/wn-data-als.tab	imported_unreviewed			pos_from_wordnet
koleg_N	N	koleg		09816771-n	Albanet/OMW	wns/als/wn-data-als.tab	imported_unreviewed			pos_from_wordnet
kolegj_N	N	kolegj		03069752-n	Albanet/OMW	wns/als/wn-data-als.tab	imported_unreviewed			pos_from_wordnet
koleksion_N	N	koleksion		06591442-n	Albanet/OMW	wns/als/wn-data-als.tab	imported_unreviewed			pos_from_wordnet
koloni_N	N	koloni		00920510-n	Albanet/OMW	wns/als/wn-data-als.tab	imported_unreviewed			pos_from_wordnet
kolonializem_N	N	kolonializëm		00426526-n	Albanet/OMW	wns/als/wn-data-als.tab	imported_unreviewed			pos_from_wordnet
kolonizim_N	N	kolonizim		08374049-n	Albanet/OMW	wns/als/wn-data-als.tab	imported_unreviewed			pos_from_wordnet
komande_N	N	komandë		07168131-n	Albanet/OMW	wns/als/wn-data-als.tab	imported_unreviewed			pos_from_wordnet
kombinacion_N	N	kombinacion		07963711-n	Albanet/OMW	wns/als/wn-data-als.tab	imported_unreviewed			pos_from_wordnet
kombinim_N	N	kombinim		00378985-n	Albanet/OMW	wns/als/wn-data-als.tab	imported_unreviewed			pos_from_wordnet
kombinoj_N	N	kombinoj		00378985-n	Albanet/OMW	wns/als/wn-data-als.tab	imported_unreviewed			pos_from_wordnet
kombetar_N	N	kombëtar		09625401-n	Albanet/OMW	wns/als/wn-data-als.tab	imported_unreviewed			pos_from_wordnet
koment_N	N	koment		06765044-n	Albanet/OMW	wns/als/wn-data-als.tab	imported_unreviewed			pos_from_wordnet
komentim_N	N	komentim		06686736-n	Albanet/OMW	wns/als/wn-data-als.tab	imported_unreviewed			pos_from_wordnet
komercializem_N	N	komercializëm		01090446-n	Albanet/OMW	wns/als/wn-data-als.tab	imported_unreviewed			pos_from_wordnet
komfort_N	N	komfort		07492516-n	Albanet/OMW	wns/als/wn-data-als.tab	imported_unreviewed			pos_from_wordnet
komision_N	N	komision		01140471-n	Albanet/OMW	wns/als/wn-data-als.tab	imported_unreviewed			pos_from_wordnet
komisioner_N	N	komisioner		09777012-n	Albanet/OMW	wns/als/wn-data-als.tab	imported_unreviewed			pos_from_wordnet
komitet_N	N	komitet		08324514-n	Albanet/OMW	wns/als/wn-data-als.tab	imported_unreviewed			pos_from_wordnet
komoditet_N	N	komoditet		14445379-n	Albanet/OMW	wns/als/wn-data-als.tab	imported_unreviewed			pos_from_wordnet
kompani_N	N	kompani		08058098-n	Albanet/OMW	wns/als/wn-data-als.tab	imported_unreviewed			pos_from_wordnet
kompani_anijesh_N	N	kompani anijesh		08219059-n	Albanet/OMW	wns/als/wn-data-als.tab	imported_unreviewed			multiword,pos_from_wordnet
kompani_njerezish_N	N	kompani njerëzish		08184861-n	Albanet/OMW	wns/als/wn-data-als.tab	imported_unreviewed			multiword,pos_from_wordnet
kompensim_N	N	kompensim		13282550-n	Albanet/OMW	wns/als/wn-data-als.tab	imported_unreviewed			pos_from_wordnet
kompetence_N	N	kompetencë		08401554-n	Albanet/OMW	wns/als/wn-data-als.tab	imported_unreviewed			pos_from_wordnet
kompetent_N	N	kompetent		09762509-n	Albanet/OMW	wns/als/wn-data-als.tab	imported_unreviewed			pos_from_wordnet
kompjuter_N	N	kompjuter		03082979-n	Albanet/OMW | Baseline LexiconSqi	wns/als/wn-data-als.tab | computer_N	baseline_lexicon_exact	computer_N		lexicon_sqi_exact,pos_from_wordnet
kompjuter_elektronik_N	N	kompjuter elektronik		03082979-n	Albanet/OMW	wns/als/wn-data-als.tab	imported_unreviewed			multiword,pos_from_wordnet
kompleks_N	N	kompleks		05870365-n	Albanet/OMW	wns/als/wn-data-als.tab	imported_unreviewed			pos_from_wordnet
kompleks_ndertesash_N	N	kompleks ndërtesash		02914991-n	Albanet/OMW	wns/als/wn-data-als.tab	imported_unreviewed			multiword,pos_from_wordnet
komponent_N	N	komponent		03081021-n	Albanet/OMW	wns/als/wn-data-als.tab	imported_unreviewed			pos_from_wordnet
kompozim_N	N	kompozim		00939452-n	Albanet/OMW	wns/als/wn-data-als.tab	imported_unreviewed			pos_from_wordnet
kompozim_muzikor_N	N	kompozim muzikor		07037465-n	Albanet/OMW	wns/als/wn-data-als.tab	imported_unreviewed			multiword,pos_from_wordnet
kompozitor_N	N	kompozitor		09947232-n	Albanet/OMW	wns/als/wn-data-als.tab	imported_unreviewed			pos_from_wordnet
kompozoj_N	N	kompozoj		00939452-n	Albanet/OMW	wns/als/wn-data-als.tab	imported_unreviewed			pos_from_wordnet
kompresim_N	N	kompresim		00356790-n	Albanet/OMW	wns/als/wn-data-als.tab	imported_unreviewed			pos_from_wordnet
komshi_N	N	komshi		08225090-n	Albanet/OMW	wns/als/wn-data-als.tab	imported_unreviewed			pos_from_wordnet
komune_N	N	komune		08541609-n	Albanet/OMW	wns/als/wn-data-als.tab	imported_unreviewed			pos_from_wordnet
komunikacion_i_shkruar_N	N	komunikacion i shkruar		06349220-n	Albanet/OMW	wns/als/wn-data-als.tab	imported_unreviewed			multiword,pos_from_wordnet
komunikator_N	N	komunikator		09610660-n	Albanet/OMW	wns/als/wn-data-als.tab	imported_unreviewed			pos_from_wordnet
komunikim_N	N	komunikim		00033020-n	Albanet/OMW	wns/als/wn-data-als.tab	imported_unreviewed			pos_from_wordnet
komunikim_auditor_N	N	komunikim auditor		07109019-n	Albanet/OMW	wns/als/wn-data-als.tab	imported_unreviewed			multiword,pos_from_wordnet
komunikim_gojor_N	N	komunikim gojor		07109196-n	Albanet/OMW	wns/als/wn-data-als.tab	imported_unreviewed			multiword,pos_from_wordnet
komunikim_i_folur_N	N	komunikim i folur		07109196-n	Albanet/OMW	wns/als/wn-data-als.tab	imported_unreviewed			multiword,pos_from_wordnet
komunikim_me_ze_N	N	komunikim me zë		07109196-n	Albanet/OMW	wns/als/wn-data-als.tab	imported_unreviewed			multiword,pos_from_wordnet
komunikim_vizual_N	N	komunikim vizual		06873252-n	Albanet/OMW	wns/als/wn-data-als.tab	imported_unreviewed			multiword,pos_from_wordnet
komunitet_N	N	komunitet		08223802-n	Albanet/OMW	wns/als/wn-data-als.tab	imported_unreviewed			pos_from_wordnet
komune_N__2	N	komunë		08225581-n	Albanet/OMW	wns/als/wn-data-als.tab	imported_unreviewed			pos_from_wordnet
kome_N	N	komë		05680193-n	Albanet/OMW	wns/als/wn-data-als.tab	imported_unreviewed			pos_from_wordnet
koncept_N	N	koncept		05835747-n	Albanet/OMW	wns/als/wn-data-als.tab	imported_unreviewed			pos_from_wordnet
konceptim_N	N	konceptim		07328942-n	Albanet/OMW	wns/als/wn-data-als.tab	imported_unreviewed			pos_from_wordnet
koncert_N	N	koncert		06892775-n	Albanet/OMW	wns/als/wn-data-als.tab	imported_unreviewed			pos_from_wordnet
koncetroj_N	N	koncetroj		01231980-n	Albanet/OMW	wns/als/wn-data-als.tab	imported_unreviewed			pos_from_wordnet
konfederate_N	N	konfederatë		08303275-n	Albanet/OMW	wns/als/wn-data-als.tab	imported_unreviewed			pos_from_wordnet
konfiguracion_N	N	konfiguracion		05731779-n	Albanet/OMW	wns/als/wn-data-als.tab	imported_unreviewed			pos_from_wordnet
konflikt_N	N	konflikt		00953559-n	Albanet/OMW	wns/als/wn-data-als.tab	imported_unreviewed			pos_from_wordnet
konik_N	N	konik		13872975-n	Albanet/OMW	wns/als/wn-data-als.tab	imported_unreviewed			pos_from_wordnet
konjak_N	N	konjak		07903208-n	Albanet/OMW	wns/als/wn-data-als.tab	imported_unreviewed			pos_from_wordnet
konkav_N	N	konkav		13864965-n	Albanet/OMW	wns/als/wn-data-als.tab	imported_unreviewed			pos_from_wordnet
konkluzion_N	N	konkluzion		00162632-n	Albanet/OMW	wns/als/wn-data-als.tab	imported_unreviewed			pos_from_wordnet
konkurrent_N	N	konkurrent		10533013-n	Albanet/OMW	wns/als/wn-data-als.tab	imported_unreviewed			pos_from_wordnet
konkurrim_N	N	konkurrim		07456188-n	Albanet/OMW	wns/als/wn-data-als.tab	imported_unreviewed			pos_from_wordnet
konkurrues_N	N	konkurrues		09613191-n	Albanet/OMW	wns/als/wn-data-als.tab	imported_unreviewed			pos_from_wordnet
konstruksion_N	N	konstruksion		00911048-n	Albanet/OMW	wns/als/wn-data-als.tab	imported_unreviewed			pos_from_wordnet
konstruktor_N	N	konstruktor		09878275-n	Albanet/OMW	wns/als/wn-data-als.tab	imported_unreviewed			pos_from_wordnet
konsum_N	N	konsum		00838098-n	Albanet/OMW	wns/als/wn-data-als.tab	imported_unreviewed			pos_from_wordnet
konsum_ekonomik_N	N	konsum ekonomik		13451804-n	Albanet/OMW	wns/als/wn-data-als.tab	imported_unreviewed			multiword,pos_from_wordnet
konsumator_N	N	konsumator		09612848-n	Albanet/OMW	wns/als/wn-data-als.tab	imported_unreviewed			pos_from_wordnet
kontakt_N	N	kontakt		00039297-n	Albanet/OMW	wns/als/wn-data-als.tab	imported_unreviewed			pos_from_wordnet
kontekst_N	N	kontekst		14512817-n	Albanet/OMW	wns/als/wn-data-als.tab	imported_unreviewed			pos_from_wordnet
konteporan_N	N	konteporan		08369406-n	Albanet/OMW	wns/als/wn-data-als.tab	imported_unreviewed			pos_from_wordnet
kontigjent_N	N	kontigjent		00050037-n	Albanet/OMW	wns/als/wn-data-als.tab	imported_unreviewed			pos_from_wordnet
kontrate_qiraje_N	N	kontratë qiraje		13248393-n	Albanet/OMW	wns/als/wn-data-als.tab	imported_unreviewed			multiword,pos_from_wordnet
kontroll_N	N	kontroll		00635850-n	Albanet/OMW	wns/als/wn-data-als.tab	imported_unreviewed			pos_from_wordnet
kontroll_dhe_pagese_N	N	kontroll dhe pagesë		00141806-n	Albanet/OMW	wns/als/wn-data-als.tab	imported_unreviewed			multiword,pos_from_wordnet
kontrolli_social_N	N	kontrolli social		01123598-n	Albanet/OMW	wns/als/wn-data-als.tab	imported_unreviewed			multiword,pos_from_wordnet
kontrolloj_N	N	kontrolloj		00141806-n	Albanet/OMW	wns/als/wn-data-als.tab	imported_unreviewed			pos_from_wordnet
kontrolloj_me_ngulm_N	N	kontrolloj me ngulm		00945401-n	Albanet/OMW	wns/als/wn-data-als.tab	imported_unreviewed			multiword,pos_from_wordnet
kontrollor_N	N	kontrollor		10676877-n	Albanet/OMW	wns/als/wn-data-als.tab	imported_unreviewed			pos_from_wordnet
konture_N	N	konturë		05064037-n	Albanet/OMW	wns/als/wn-data-als.tab	imported_unreviewed			pos_from_wordnet
konvekse_N	N	konvekse		13864153-n	Albanet/OMW	wns/als/wn-data-als.tab	imported_unreviewed			pos_from_wordnet
konvergjence_N	N	konvergjencë		07414740-n	Albanet/OMW	wns/als/wn-data-als.tab	imported_unreviewed			pos_from_wordnet
konvikt_N	N	konvikt		03541537-n	Albanet/OMW	wns/als/wn-data-als.tab	imported_unreviewed			pos_from_wordnet
kope_N	N	kope		08184217-n	Albanet/OMW	wns/als/wn-data-als.tab	imported_unreviewed			pos_from_wordnet
kopesht_N	N	kopesht		08615149-n	Albanet/OMW	wns/als/wn-data-als.tab	imported_unreviewed			pos_from_wordnet
kopje_N	N	kopje		03104594-n	Albanet/OMW	wns/als/wn-data-als.tab	imported_unreviewed			pos_from_wordnet
kopsht_N	N	kopsht		03417345-n	Albanet/OMW | Baseline LexiconSqi	wns/als/wn-data-als.tab | garden_N	baseline_lexicon_exact	garden_N		lexicon_sqi_exact,pos_from_wordnet
kopsht_me_lule_N	N	kopsht me lule		00921399-n	Albanet/OMW	wns/als/wn-data-als.tab	imported_unreviewed			multiword,pos_from_wordnet
kopshtari_N	N	kopshtari		00918383-n	Albanet/OMW	wns/als/wn-data-als.tab	imported_unreviewed			pos_from_wordnet
kopse_N	N	kopsë		02928608-n	Albanet/OMW	wns/als/wn-data-als.tab	imported_unreviewed			pos_from_wordnet
kordak_N	N	kordak		01466257-n	Albanet/OMW	wns/als/wn-data-als.tab	imported_unreviewed			pos_from_wordnet
kore_N	N	kore		09260218-n	Albanet/OMW	wns/als/wn-data-als.tab	imported_unreviewed			pos_from_wordnet
korespondence_N	N	korespondence		06264398-n	Albanet/OMW	wns/als/wn-data-als.tab	imported_unreviewed			pos_from_wordnet
kornize_N	N	kornizë		03960783-n	Albanet/OMW	wns/als/wn-data-als.tab	imported_unreviewed			pos_from_wordnet
korporate_qeveritare_N	N	korporatë qeveritare		09966255-n	Albanet/OMW	wns/als/wn-data-als.tab	imported_unreviewed			multiword,pos_from_wordnet
korrektim_N	N	korrektim		00258854-n	Albanet/OMW	wns/als/wn-data-als.tab	imported_unreviewed			pos_from_wordnet
korrektues_N	N	korrektues		03111899-n	Albanet/OMW	wns/als/wn-data-als.tab	imported_unreviewed			pos_from_wordnet
korrent_N	N	korrent		11443532-n	Albanet/OMW	wns/als/wn-data-als.tab	imported_unreviewed			pos_from_wordnet
korrent_ajri_N	N	korrent ajri		11525955-n	Albanet/OMW	wns/als/wn-data-als.tab	imported_unreviewed			multiword,pos_from_wordnet
korrigjim_N	N	korrigjim		00045907-n	Albanet/OMW	wns/als/wn-data-als.tab	imported_unreviewed			pos_from_wordnet
korrje_N	N	korrje		13085864-n	Albanet/OMW	wns/als/wn-data-als.tab	imported_unreviewed			pos_from_wordnet
kosh_N	N	kosh		03964495-n	Albanet/OMW	wns/als/wn-data-als.tab	imported_unreviewed			pos_from_wordnet
kosh_femijesh_N	N	kosh fëmijësh		03964495-n	Albanet/OMW	wns/als/wn-data-als.tab	imported_unreviewed			multiword,pos_from_wordnet
kosmos_N	N	kosmos		09466280-n	Albanet/OMW	wns/als/wn-data-als.tab	imported_unreviewed			pos_from_wordnet
kosto_N	N	kosto		13275847-n	Albanet/OMW	wns/als/wn-data-als.tab	imported_unreviewed			pos_from_wordnet
kostum_N	N	kostum		04350905-n	Albanet/OMW	wns/als/wn-data-als.tab	imported_unreviewed			pos_from_wordnet
kostum_klasik_N	N	kostum klasik		04350905-n	Albanet/OMW	wns/als/wn-data-als.tab	imported_unreviewed			multiword,pos_from_wordnet
kozmetike_N	N	kozmetikë		03113152-n	Albanet/OMW	wns/als/wn-data-als.tab	imported_unreviewed			pos_from_wordnet
kqyres_N	N	kqyres		10271216-n	Albanet/OMW	wns/als/wn-data-als.tab	imported_unreviewed			pos_from_wordnet
krah_N	N	krah		02151625-n	Albanet/OMW | Baseline LexiconSqi	wns/als/wn-data-als.tab | wing_N	baseline_lexicon_exact	wing_N		lexicon_sqi_exact,pos_from_wordnet
kraharor_N	N	kraharor		05552607-n	Albanet/OMW	wns/als/wn-data-als.tab	imported_unreviewed			pos_from_wordnet
kraharori_N	N	kraharori		05553486-n	Albanet/OMW	wns/als/wn-data-als.tab	imported_unreviewed			pos_from_wordnet
krahasim_N	N	krahasim		00142665-n	Albanet/OMW	wns/als/wn-data-als.tab	imported_unreviewed			pos_from_wordnet
krahasues_N	N	krahasues		00142665-n	Albanet/OMW	wns/als/wn-data-als.tab	imported_unreviewed			pos_from_wordnet
krahine_N	N	krahinë		08630039-n	Albanet/OMW	wns/als/wn-data-als.tab	imported_unreviewed			pos_from_wordnet
kredit_N	N	kredit		13378518-n	Albanet/OMW	wns/als/wn-data-als.tab	imported_unreviewed			pos_from_wordnet
kreher_N	N	krehër		03074855-n	Albanet/OMW	wns/als/wn-data-als.tab	imported_unreviewed			pos_from_wordnet
krem_N	N	krem		03128519-n	Albanet/OMW	wns/als/wn-data-als.tab	imported_unreviewed			pos_from_wordnet
kremtim_N	N	kremtim		00428000-n	Albanet/OMW	wns/als/wn-data-als.tab	imported_unreviewed			pos_from_wordnet
kreshme_N	N	kreshmë		01069980-n	Albanet/OMW	wns/als/wn-data-als.tab	imported_unreviewed			pos_from_wordnet
krijese_N	N	krijesë		00015388-n	Albanet/OMW	wns/als/wn-data-als.tab	imported_unreviewed			pos_from_wordnet
krijese_anormale_N	N	krijesë anormale		10109443-n	Albanet/OMW	wns/als/wn-data-als.tab	imported_unreviewed			multiword,pos_from_wordnet
krijese_imagjinare_N	N	krijesë imagjinare		09483738-n	Albanet/OMW	wns/als/wn-data-als.tab	imported_unreviewed			multiword,pos_from_wordnet
krijim_N	N	krijim		00237078-n	Albanet/OMW	wns/als/wn-data-als.tab	imported_unreviewed			pos_from_wordnet
krijim_artistik_N	N	krijim artistik		00933420-n	Albanet/OMW	wns/als/wn-data-als.tab	imported_unreviewed			multiword,pos_from_wordnet
krijim_imagjinar_N	N	krijim imagjinar		00927261-n	Albanet/OMW	wns/als/wn-data-als.tab	imported_unreviewed			multiword,pos_from_wordnet
krijim_letrar_N	N	krijim letrar			Albanet/OMW	wns/als/wn-data-als.tab	imported_unreviewed			multiword,pos_from_wordnet
krijoj_nga_materiale_te_pa_punuar_N	N	krijoj nga materiale të pa punuar			Albanet/OMW	wns/als/wn-data-als.tab	imported_unreviewed			multiword,pos_from_wordnet
krijues_N	N	krijues			Albanet/OMW	wns/als/wn-data-als.tab	imported_unreviewed			pos_from_wordnet
krijueshmeri_N	N	krijueshmëri			Albanet/OMW	wns/als/wn-data-als.tab	imported_unreviewed			pos_from_wordnet
krim_N	N	krim			Albanet/OMW	wns/als/wn-data-als.tab	imported_unreviewed			pos_from_wordnet
krim_i_organizuar_N	N	krim i organizuar			Albanet/OMW	wns/als/wn-data-als.tab	imported_unreviewed			multiword,pos_from_wordnet
krimb_N	N	krimb			Albanet/OMW | Baseline LexiconSqi	wns/als/wn-data-als.tab | worm_N	baseline_lexicon_exact	worm_N		lexicon_sqi_exact,pos_from_wordnet
kripe_N	N	kripë			Albanet/OMW | Baseline LexiconSqi	wns/als/wn-data-als.tab | salt_N	baseline_lexicon_exact	salt_N		lexicon_sqi_exact,pos_from_wordnet
kristali_i_syrit_N	N	kristali i syrit			Albanet/OMW	wns/als/wn-data-als.tab	imported_unreviewed			multiword,pos_from_wordnet
kritike_N	N	kritike			Albanet/OMW	wns/als/wn-data-als.tab	imported_unreviewed			pos_from_wordnet
krize_N	N	krizë			Albanet/OMW	wns/als/wn-data-als.tab	imported_unreviewed			pos_from_wordnet
kronike_N	N	kronike			Albanet/OMW	wns/als/wn-data-als.tab	imported_unreviewed			pos_from_wordnet
kronometer_N	N	kronometër			Albanet/OMW	wns/als/wn-data-als.tab	imported_unreviewed			pos_from_wordnet
krye_N	N	krye			Albanet/OMW	wns/als/wn-data-als.tab	imported_unreviewed			pos_from_wordnet
kryeminister_N	N	kryeministër			Albanet/OMW	wns/als/wn-data-als.tab	imported_unreviewed			pos_from_wordnet
kryengritje_N	N	kryengritje			Albanet/OMW	wns/als/wn-data-als.tab	imported_unreviewed			pos_from_wordnet
kryepunetor_N	N	kryepunëtor			Albanet/OMW	wns/als/wn-data-als.tab	imported_unreviewed			pos_from_wordnet
kryerje_N	N	kryerje			Albanet/OMW	wns/als/wn-data-als.tab	imported_unreviewed			pos_from_wordnet
kryetar_N	N	kryetar			Albanet/OMW	wns/als/wn-data-als.tab	imported_unreviewed			pos_from_wordnet
kryetar_bashkie_N	N	kryetar bashkie			Albanet/OMW	wns/als/wn-data-als.tab	imported_unreviewed			multiword,pos_from_wordnet
kryetare_N	N	kryetare			Albanet/OMW	wns/als/wn-data-als.tab	imported_unreviewed			pos_from_wordnet
kryq_N	N	kryq			Albanet/OMW	wns/als/wn-data-als.tab	imported_unreviewed			pos_from_wordnet
kthej_mbrapsht_N	N	kthej mbrapsht			Albanet/OMW	wns/als/wn-data-als.tab	imported_unreviewed			multiword,pos_from_wordnet
kthese_N	N	kthese			Albanet/OMW	wns/als/wn-data-als.tab	imported_unreviewed			pos_from_wordnet
kthese_N__2	N	kthesë			Albanet/OMW	wns/als/wn-data-als.tab	imported_unreviewed			pos_from_wordnet
kthim_N	N	kthim			Albanet/OMW	wns/als/wn-data-als.tab	imported_unreviewed			pos_from_wordnet
kthim_mbrapa_N	N	kthim mbrapa			Albanet/OMW	wns/als/wn-data-als.tab	imported_unreviewed			multiword,pos_from_wordnet
kthim_ne_shtepi_N	N	kthim në shtëpi			Albanet/OMW	wns/als/wn-data-als.tab	imported_unreviewed			multiword,pos_from_wordnet
kthjelltesi_N	N	kthjelltësi			Albanet/OMW	wns/als/wn-data-als.tab	imported_unreviewed			pos_from_wordnet
kuader_N	N	kuadër			Albanet/OMW	wns/als/wn-data-als.tab	imported_unreviewed			pos_from_wordnet
kualifikim_njohurush_N	N	kualifikim njohurush			Albanet/OMW	wns/als/wn-data-als.tab	imported_unreviewed			multiword,pos_from_wordnet
kub_N	N	kub			Albanet/OMW	wns/als/wn-data-als.tab	imported_unreviewed			pos_from_wordnet
kube_N	N	kube			Albanet/OMW	wns/als/wn-data-als.tab	imported_unreviewed			pos_from_wordnet
kudher_N	N	kudhër			Albanet/OMW	wns/als/wn-data-als.tab	imported_unreviewed			pos_from_wordnet
kufi_N	N	kufi			Albanet/OMW	wns/als/wn-data-als.tab	imported_unreviewed			pos_from_wordnet
kufi_i_siperm_N	N	kufi i sipërm			Albanet/OMW	wns/als/wn-data-als.tab	imported_unreviewed			multiword,pos_from_wordnet
kufi_verior_N	N	kufi verior			Albanet/OMW	wns/als/wn-data-als.tab	imported_unreviewed			multiword,pos_from_wordnet
kufizim_N	N	kufizim			Albanet/OMW	wns/als/wn-data-als.tab	imported_unreviewed			pos_from_wordnet
kufome_N	N	kufomë			Albanet/OMW	wns/als/wn-data-als.tab	imported_unreviewed			pos_from_wordnet
kujdes_mjekesor_N	N	kujdes mjekësor			Albanet/OMW	wns/als/wn-data-als.tab	imported_unreviewed			multiword,pos_from_wordnet
kujdes_shendetesor_N	N	kujdes shëndetësor			Albanet/OMW	wns/als/wn-data-als.tab	imported_unreviewed			multiword,pos_from_wordnet
kujdesem_N	N	kujdesem			Albanet/OMW	wns/als/wn-data-als.tab	imported_unreviewed			pos_from_wordnet
kujtese_N	N	kujtesë			Albanet/OMW	wns/als/wn-data-als.tab	imported_unreviewed			pos_from_wordnet
kujtim_N	N	kujtim			Albanet/OMW	wns/als/wn-data-als.tab	imported_unreviewed			pos_from_wordnet
kujtoj_N	N	kujtoj			Albanet/OMW	wns/als/wn-data-als.tab	imported_unreviewed			pos_from_wordnet
kukull_N	N	kukull			Albanet/OMW	wns/als/wn-data-als.tab	imported_unreviewed			pos_from_wordnet
kulac_N	N	kulaç			Albanet/OMW	wns/als/wn-data-als.tab	imported_unreviewed			pos_from_wordnet
kulle_N	N	kullë			Albanet/OMW	wns/als/wn-data-als.tab	imported_unreviewed			pos_from_wordnet
kulm_N	N	kulm			Albanet/OMW	wns/als/wn-data-als.tab	imported_unreviewed			pos_from_wordnet
kulm_i_dellit_N	N	kulm i dellit			Albanet/OMW	wns/als/wn-data-als.tab	imported_unreviewed			multiword,pos_from_wordnet
kultivim_N	N	kultivim			Albanet/OMW	wns/als/wn-data-als.tab	imported_unreviewed			pos_from_wordnet
kulture_N	N	kulturë			Albanet/OMW	wns/als/wn-data-als.tab	imported_unreviewed			pos_from_wordnet
kulture_prehistorike_N	N	kulturë prehistorike			Albanet/OMW	wns/als/wn-data-als.tab	imported_unreviewed			multiword,pos_from_wordnet
kumar_N	N	kumar			Albanet/OMW	wns/als/wn-data-als.tab	imported_unreviewed			pos_from_wordnet
kumbim_N	N	kumbim			Albanet/OMW	wns/als/wn-data-als.tab	imported_unreviewed			pos_from_wordnet
kunderpeshe_N	N	kunderpeshe			Albanet/OMW	wns/als/wn-data-als.tab	imported_unreviewed			pos_from_wordnet
kundershtar_N	N	kundershtar			Albanet/OMW	wns/als/wn-data-als.tab	imported_unreviewed			pos_from_wordnet
kundershtim_N	N	kundershtim			Albanet/OMW	wns/als/wn-data-als.tab	imported_unreviewed			pos_from_wordnet
kundert_N	N	kundert			Albanet/OMW	wns/als/wn-data-als.tab	imported_unreviewed			pos_from_wordnet
kundervenie_N	N	kundervenie			Albanet/OMW	wns/als/wn-data-als.tab	imported_unreviewed			pos_from_wordnet
kundermim_N	N	kundërmim			Albanet/OMW	wns/als/wn-data-als.tab	imported_unreviewed			pos_from_wordnet
kunderpergjigje_N	N	kundërpërgjigje			Albanet/OMW	wns/als/wn-data-als.tab	imported_unreviewed			pos_from_wordnet
kundershtar_N__2	N	kundërshtar			Albanet/OMW	wns/als/wn-data-als.tab	imported_unreviewed			pos_from_wordnet
kundershtim_N__2	N	kundërshtim			Albanet/OMW	wns/als/wn-data-als.tab	imported_unreviewed			pos_from_wordnet
kuota_N	N	kuota			Albanet/OMW	wns/als/wn-data-als.tab	imported_unreviewed			pos_from_wordnet
kupe_qiellore_N	N	kupe qiellore			Albanet/OMW	wns/als/wn-data-als.tab	imported_unreviewed			multiword,pos_from_wordnet
kupole_N	N	kupolë			Albanet/OMW	wns/als/wn-data-als.tab	imported_unreviewed			pos_from_wordnet
kupole_qiellore_N	N	kupolë qiellore			Albanet/OMW	wns/als/wn-data-als.tab	imported_unreviewed			multiword,pos_from_wordnet
kuptim_N	N	kuptim			Albanet/OMW	wns/als/wn-data-als.tab	imported_unreviewed			pos_from_wordnet
kuptueshmeria_N	N	kuptueshmeria			Albanet/OMW	wns/als/wn-data-als.tab	imported_unreviewed			pos_from_wordnet
kurbe_N	N	kurbë			Albanet/OMW	wns/als/wn-data-als.tab	imported_unreviewed			pos_from_wordnet
kureshtje_N	N	kureshtje			Albanet/OMW	wns/als/wn-data-als.tab	imported_unreviewed			pos_from_wordnet
kuriozitet_N	N	kuriozitet			Albanet/OMW	wns/als/wn-data-als.tab	imported_unreviewed			pos_from_wordnet
kurriz_N	N	kurriz			Albanet/OMW	wns/als/wn-data-als.tab	imported_unreviewed			pos_from_wordnet
kurrizor_N	N	kurrizor			Albanet/OMW	wns/als/wn-data-als.tab	imported_unreviewed			pos_from_wordnet
kurs_N	N	kurs			Albanet/OMW	wns/als/wn-data-als.tab	imported_unreviewed			pos_from_wordnet
kurs_drejtim_N	N	kurs , drejtim			Albanet/OMW	wns/als/wn-data-als.tab	imported_unreviewed			multiword,pos_from_wordnet,punctuation
kurs_studimesh_N	N	kurs studimesh			Albanet/OMW	wns/als/wn-data-als.tab	imported_unreviewed			multiword,pos_from_wordnet
kursim_N	N	kursim			Albanet/OMW	wns/als/wn-data-als.tab	imported_unreviewed			pos_from_wordnet
kurth_N	N	kurth			Albanet/OMW	wns/als/wn-data-als.tab	imported_unreviewed			pos_from_wordnet
kure_N	N	kurë			Albanet/OMW	wns/als/wn-data-als.tab	imported_unreviewed			pos_from_wordnet
kusht_N	N	kusht			Albanet/OMW	wns/als/wn-data-als.tab	imported_unreviewed			pos_from_wordnet
kushte_higjenike_N	N	kushte higjenike			Albanet/OMW	wns/als/wn-data-als.tab	imported_unreviewed			multiword,pos_from_wordnet
kushtet_ekonomike_N	N	kushtet ekonomike			Albanet/OMW	wns/als/wn-data-als.tab	imported_unreviewed			multiword,pos_from_wordnet
kushtet_financiare_N	N	kushtet financiare			Albanet/OMW	wns/als/wn-data-als.tab	imported_unreviewed			multiword,pos_from_wordnet
kushtetute_N	N	kushtetutë			Albanet/OMW	wns/als/wn-data-als.tab	imported_unreviewed			pos_from_wordnet
kusheri_N	N	kushëri			Albanet/OMW | Baseline LexiconSqi	wns/als/wn-data-als.tab | cousin_N	baseline_lexicon_exact	cousin_N		lexicon_sqi_exact,pos_from_wordnet
kusheri_i_pare_N	N	kushëri i pare			Albanet/OMW	wns/als/wn-data-als.tab	imported_unreviewed			multiword,pos_from_wordnet
kusur_N	N	kusur			Albanet/OMW	wns/als/wn-data-als.tab	imported_unreviewed			pos_from_wordnet
kuti_N	N	kuti			Albanet/OMW	wns/als/wn-data-als.tab	imported_unreviewed			pos_from_wordnet
kuti_konservash_N	N	kuti konservash			Albanet/OMW	wns/als/wn-data-als.tab	imported_unreviewed			multiword,pos_from_wordnet
kuti_teneqe_N	N	kuti teneqe			Albanet/OMW	wns/als/wn-data-als.tab	imported_unreviewed			multiword,pos_from_wordnet
kuti_teneqeje_N	N	kuti teneqeje			Albanet/OMW	wns/als/wn-data-als.tab	imported_unreviewed			multiword,pos_from_wordnet
kuvend_N	N	kuvend			Albanet/OMW	wns/als/wn-data-als.tab	imported_unreviewed			pos_from_wordnet
kuzhine_N	N	kuzhinë			Albanet/OMW	wns/als/wn-data-als.tab	imported_unreviewed			pos_from_wordnet
kyc_N	N	kyç			Albanet/OMW	wns/als/wn-data-als.tab	imported_unreviewed			pos_from_wordnet
kyc_i_dores_N	N	kyç i dorës			Albanet/OMW	wns/als/wn-data-als.tab	imported_unreviewed			multiword,pos_from_wordnet
kellef_dhembi_N	N	këllëf dhëmbi			Albanet/OMW	wns/als/wn-data-als.tab	imported_unreviewed			multiword,pos_from_wordnet
kelysh_N	N	këlysh			Albanet/OMW	wns/als/wn-data-als.tab	imported_unreviewed			pos_from_wordnet
kembim_valutor_N	N	këmbim valutor			Albanet/OMW	wns/als/wn-data-als.tab	imported_unreviewed			multiword,pos_from_wordnet
kembe_N	N	këmbë			Albanet/OMW | Baseline LexiconSqi	wns/als/wn-data-als.tab | foot_N | leg_N	baseline_lexicon_exact	foot_N	leg_N	lexicon_sqi_exact,pos_from_wordnet
kembe_pantallonash_N	N	këmbë pantallonash			Albanet/OMW	wns/als/wn-data-als.tab	imported_unreviewed			multiword,pos_from_wordnet
kembe_shkalle_N	N	këmbë shkalle			Albanet/OMW	wns/als/wn-data-als.tab	imported_unreviewed			multiword,pos_from_wordnet
kembet_N	N	këmbët			Albanet/OMW	wns/als/wn-data-als.tab	imported_unreviewed			pos_from_wordnet
kemishe_N	N	këmishë			Albanet/OMW | Baseline LexiconSqi	wns/als/wn-data-als.tab | shirt_N	baseline_lexicon_exact	shirt_N		lexicon_sqi_exact,pos_from_wordnet
kenaqesi_N	N	kënaqësi			Albanet/OMW	wns/als/wn-data-als.tab	imported_unreviewed			pos_from_wordnet
kenaqesi_njohje_N	N	kënaqësi njohje			Albanet/OMW	wns/als/wn-data-als.tab	imported_unreviewed			multiword,pos_from_wordnet
kend_N	N	kënd			Albanet/OMW	wns/als/wn-data-als.tab	imported_unreviewed			pos_from_wordnet
kenge_N	N	këngë			Albanet/OMW | Baseline LexiconSqi	wns/als/wn-data-als.tab | song_N	baseline_lexicon_exact	song_N		lexicon_sqi_exact,pos_from_wordnet
kengetar_N	N	këngëtar			Albanet/OMW	wns/als/wn-data-als.tab	imported_unreviewed			pos_from_wordnet
kepuce_N	N	këpucë			Albanet/OMW | Baseline LexiconSqi	wns/als/wn-data-als.tab | shoe_N	baseline_lexicon_exact	shoe_N		lexicon_sqi_exact,pos_from_wordnet
kepuce_druri_N	N	këpucë druri			Albanet/OMW	wns/als/wn-data-als.tab	imported_unreviewed			multiword,pos_from_wordnet
kepuje_N	N	këpuje			Albanet/OMW	wns/als/wn-data-als.tab	imported_unreviewed			pos_from_wordnet
keqyrje_N	N	këqyrje			Albanet/OMW	wns/als/wn-data-als.tab	imported_unreviewed			pos_from_wordnet
kercej_N	N	kërcej			Albanet/OMW	wns/als/wn-data-als.tab	imported_unreviewed			pos_from_wordnet
kercell_N	N	kërcell			Albanet/OMW	wns/als/wn-data-als.tab	imported_unreviewed			pos_from_wordnet
kerci_N	N	kërci			Albanet/OMW	wns/als/wn-data-als.tab	imported_unreviewed			pos_from_wordnet
kercim_N	N	kërcim			Albanet/OMW	wns/als/wn-data-als.tab	imported_unreviewed			pos_from_wordnet
kercitje_N	N	kërcitje			Albanet/OMW	wns/als/wn-data-als.tab	imported_unreviewed			pos_from_wordnet
kerkese_N__2	N	kërkesë			Albanet/OMW	wns/als/wn-data-als.tab	imported_unreviewed			pos_from_wordnet
kerkim_N	N	kërkim			Albanet/OMW	wns/als/wn-data-als.tab	imported_unreviewed			pos_from_wordnet
kerkim_te_dhenash_N	N	kërkim te dhenash			Albanet/OMW	wns/als/wn-data-als.tab	imported_unreviewed			multiword,pos_from_wordnet
kerkoj_N	N	kërkoj			Albanet/OMW	wns/als/wn-data-als.tab	imported_unreviewed			pos_from_wordnet
kerpudhe_N	N	kërpudhë			Albanet/OMW	wns/als/wn-data-als.tab	imported_unreviewed			pos_from_wordnet
kerpudhe_sferike_N	N	kërpudhë sferike			Albanet/OMW	wns/als/wn-data-als.tab	imported_unreviewed			multiword,pos_from_wordnet
kerthize_N	N	kërthizë			Albanet/OMW	wns/als/wn-data-als.tab	imported_unreviewed			pos_from_wordnet
keshill_N	N	këshill			Albanet/OMW	wns/als/wn-data-als.tab	imported_unreviewed			pos_from_wordnet
keshillim_N	N	këshillim			Albanet/OMW	wns/als/wn-data-als.tab	imported_unreviewed			pos_from_wordnet
keshille_N	N	këshillë			Albanet/OMW	wns/als/wn-data-als.tab	imported_unreviewed			pos_from_wordnet
kesmet_N	N	kësmet			Albanet/OMW	wns/als/wn-data-als.tab	imported_unreviewed			pos_from_wordnet
kesule_N	N	kësulë			Albanet/OMW	wns/als/wn-data-als.tab	imported_unreviewed			pos_from_wordnet
lafshe_N	N	lafshë			Albanet/OMW	wns/als/wn-data-als.tab	imported_unreviewed			pos_from_wordnet
lafshe_gjeli_N	N	lafshë gjeli			Albanet/OMW	wns/als/wn-data-als.tab	imported_unreviewed			multiword,pos_from_wordnet
lagje_N	N	lagje			Albanet/OMW	wns/als/wn-data-als.tab	imported_unreviewed			pos_from_wordnet
lajm_N	N	lajm			Albanet/OMW	wns/als/wn-data-als.tab	imported_unreviewed			pos_from_wordnet
lajm_histori_N	N	lajm histori			Albanet/OMW	wns/als/wn-data-als.tab	imported_unreviewed			multiword,pos_from_wordnet
lajme_N	N	lajme			Albanet/OMW	wns/als/wn-data-als.tab	imported_unreviewed			pos_from_wordnet
lajmerim_N	N	lajmërim			Albanet/OMW	wns/als/wn-data-als.tab	imported_unreviewed			pos_from_wordnet
lajthitje_N	N	lajthitje			Albanet/OMW	wns/als/wn-data-als.tab	imported_unreviewed			pos_from_wordnet
lak_N	N	lak			Albanet/OMW	wns/als/wn-data-als.tab	imported_unreviewed			pos_from_wordnet
lakim_N	N	lakim			Albanet/OMW	wns/als/wn-data-als.tab	imported_unreviewed			pos_from_wordnet
lakmi_N	N	lakmi			Albanet/OMW	wns/als/wn-data-als.tab	imported_unreviewed			pos_from_wordnet
lakuriq_N	N	lakuriq			Albanet/OMW	wns/als/wn-data-als.tab	imported_unreviewed			pos_from_wordnet
lakuriqesi_N	N	lakuriqësi			Albanet/OMW	wns/als/wn-data-als.tab	imported_unreviewed			pos_from_wordnet
lamtumire_N	N	lamtumirë			Albanet/OMW	wns/als/wn-data-als.tab	imported_unreviewed			pos_from_wordnet
landrover_N	N	landrover			Albanet/OMW	wns/als/wn-data-als.tab	imported_unreviewed			pos_from_wordnet
largim_N	N	largim			Albanet/OMW	wns/als/wn-data-als.tab	imported_unreviewed			pos_from_wordnet
largoj_N	N	largoj			Albanet/OMW	wns/als/wn-data-als.tab	imported_unreviewed			pos_from_wordnet
larje_N	N	larje			Albanet/OMW	wns/als/wn-data-als.tab	imported_unreviewed			pos_from_wordnet
lartesi_N	N	lartësi			Albanet/OMW	wns/als/wn-data-als.tab	imported_unreviewed			pos_from_wordnet
lartesi_e_ngritjes_N	N	lartësi e ngritjes			Albanet/OMW	wns/als/wn-data-als.tab	imported_unreviewed			multiword,pos_from_wordnet
lartesim_N	N	lartësim			Albanet/OMW	wns/als/wn-data-als.tab	imported_unreviewed			pos_from_wordnet
lartesoj_N	N	lartësoj			Albanet/OMW	wns/als/wn-data-als.tab	imported_unreviewed			pos_from_wordnet
larve_N	N	larvë			Albanet/OMW	wns/als/wn-data-als.tab	imported_unreviewed			pos_from_wordnet
legjislacion_N	N	legjislacion			Albanet/OMW	wns/als/wn-data-als.tab	imported_unreviewed			pos_from_wordnet
legjislature_N	N	legjislaturë			Albanet/OMW	wns/als/wn-data-als.tab	imported_unreviewed			pos_from_wordnet
lehtebesim_ju_besoj_N	N	lehtëbesim ,ju besoj			Albanet/OMW	wns/als/wn-data-als.tab	imported_unreviewed			multiword,pos_from_wordnet,punctuation
lehtesim_N	N	lehtësim			Albanet/OMW	wns/als/wn-data-als.tab	imported_unreviewed			pos_from_wordnet
leje_N	N	leje			Albanet/OMW	wns/als/wn-data-als.tab	imported_unreviewed			pos_from_wordnet
lek_N	N	lek			Albanet/OMW	wns/als/wn-data-als.tab	imported_unreviewed			pos_from_wordnet
lente_N	N	lente			Albanet/OMW	wns/als/wn-data-als.tab	imported_unreviewed			pos_from_wordnet
lepur_N	N	lepur			Albanet/OMW	wns/als/wn-data-als.tab	imported_unreviewed			pos_from_wordnet
lesh_angora_N	N	lesh angora			Albanet/OMW	wns/als/wn-data-als.tab	imported_unreviewed			multiword,pos_from_wordnet
leter_N	N	leter			Albanet/OMW	wns/als/wn-data-als.tab	imported_unreviewed			pos_from_wordnet
letra_N	N	letra			Albanet/OMW	wns/als/wn-data-als.tab	imported_unreviewed			pos_from_wordnet
letra_bixhozi_N	N	letra bixhozi			Albanet/OMW	wns/als/wn-data-als.tab	imported_unreviewed			multiword,pos_from_wordnet
leter_N__2	N	letër			Albanet/OMW | Baseline LexiconSqi	wns/als/wn-data-als.tab | paper_N	baseline_lexicon_exact	paper_N		lexicon_sqi_exact,pos_from_wordnet
leter_ambalazh_N	N	letër ambalazh			Albanet/OMW	wns/als/wn-data-als.tab	imported_unreviewed			multiword,pos_from_wordnet
leter_bixhozi_N	N	letër bixhozi			Albanet/OMW	wns/als/wn-data-als.tab	imported_unreviewed			multiword,pos_from_wordnet
leter_mbeshtjellese_N	N	letër mbështjellëse			Albanet/OMW	wns/als/wn-data-als.tab	imported_unreviewed			multiword,pos_from_wordnet
levizje_e_kreshtes_N	N	levizje e kreshtes			Albanet/OMW	wns/als/wn-data-als.tab	imported_unreviewed			multiword,pos_from_wordnet
lexim_N	N	lexim			Albanet/OMW	wns/als/wn-data-als.tab	imported_unreviewed			pos_from_wordnet
lexim_publik_N	N	lexim publik			Albanet/OMW	wns/als/wn-data-als.tab	imported_unreviewed			multiword,pos_from_wordnet
lezetim_N	N	lezetim			Albanet/OMW	wns/als/wn-data-als.tab	imported_unreviewed			pos_from_wordnet
librari_N	N	librari			Albanet/OMW	wns/als/wn-data-als.tab	imported_unreviewed			pos_from_wordnet
liber_N	N	libër			Albanet/OMW | Baseline LexiconSqi	wns/als/wn-data-als.tab | book_N	baseline_lexicon_exact	book_N		lexicon_sqi_exact,pos_from_wordnet
liber_i_llogarive_N	N	libër i llogarive			Albanet/OMW	wns/als/wn-data-als.tab	imported_unreviewed			multiword,pos_from_wordnet
liber_llogarish_N	N	libër llogarish			Albanet/OMW	wns/als/wn-data-als.tab	imported_unreviewed			multiword,pos_from_wordnet
liber_me_fakte_N	N	libër me fakte			Albanet/OMW	wns/als/wn-data-als.tab	imported_unreviewed			multiword,pos_from_wordnet
liber_shenimesh_N	N	libër shënimesh			Albanet/OMW	wns/als/wn-data-als.tab	imported_unreviewed			multiword,pos_from_wordnet
lidhje_N	N	lidhje			Albanet/OMW	wns/als/wn-data-als.tab	imported_unreviewed			pos_from_wordnet
lidhje_bashkerenditese_N	N	lidhje bashkërenditëse			Albanet/OMW	wns/als/wn-data-als.tab	imported_unreviewed			multiword,pos_from_wordnet
lidhje_bashkeshortore_N	N	lidhje bashkëshortore			Albanet/OMW	wns/als/wn-data-als.tab	imported_unreviewed			multiword,pos_from_wordnet
lidhje_biznesi_N	N	lidhje biznesi			Albanet/OMW	wns/als/wn-data-als.tab	imported_unreviewed			multiword,pos_from_wordnet
lidhje_dashurie_N	N	lidhje dashurie			Albanet/OMW	wns/als/wn-data-als.tab	imported_unreviewed			multiword,pos_from_wordnet
lidhje_dashurore_N	N	lidhje dashurore			Albanet/OMW	wns/als/wn-data-als.tab	imported_unreviewed			multiword,pos_from_wordnet
lidhje_e_perkohshme_N	N	lidhje e perkohshme			Albanet/OMW	wns/als/wn-data-als.tab	imported_unreviewed			multiword,pos_from_wordnet
lidhje_familjare_N	N	lidhje familjare			Albanet/OMW	wns/als/wn-data-als.tab	imported_unreviewed			multiword,pos_from_wordnet
lidhje_gjaku_N	N	lidhje gjaku			Albanet/OMW	wns/als/wn-data-als.tab	imported_unreviewed			multiword,pos_from_wordnet
lidhje_gjuhesore_N	N	lidhje gjuhësorë			Albanet/OMW	wns/als/wn-data-als.tab	imported_unreviewed			multiword,pos_from_wordnet
lidhje_gramatikore_N	N	lidhje gramatikore			Albanet/OMW	wns/als/wn-data-als.tab	imported_unreviewed			multiword,pos_from_wordnet
lidhje_kovalente_N	N	lidhje kovalente			Albanet/OMW	wns/als/wn-data-als.tab	imported_unreviewed			multiword,pos_from_wordnet
lidhje_logjike_N	N	lidhje logjike			Albanet/OMW	wns/als/wn-data-als.tab	imported_unreviewed			multiword,pos_from_wordnet
lidhje_madhesie_N	N	lidhje madhesie			Albanet/OMW	wns/als/wn-data-als.tab	imported_unreviewed			multiword,pos_from_wordnet
lidhje_politike_N	N	lidhje politike			Albanet/OMW	wns/als/wn-data-als.tab	imported_unreviewed			multiword,pos_from_wordnet
lidhje_sasie_N	N	lidhje sasie			Albanet/OMW	wns/als/wn-data-als.tab	imported_unreviewed			multiword,pos_from_wordnet
lidhes_N	N	lidhës			Albanet/OMW	wns/als/wn-data-als.tab	imported_unreviewed			pos_from_wordnet
ligj_N	N	ligj			Albanet/OMW	wns/als/wn-data-als.tab	imported_unreviewed			pos_from_wordnet
ligj_civil_N	N	ligj civil			Albanet/OMW	wns/als/wn-data-als.tab	imported_unreviewed			multiword,pos_from_wordnet
ligj_i_organizuar_N	N	ligj i organizuar			Albanet/OMW	wns/als/wn-data-als.tab	imported_unreviewed			multiword,pos_from_wordnet
ligj_i_rendesishem_N	N	ligj i rëndësishëm			Albanet/OMW	wns/als/wn-data-als.tab	imported_unreviewed			multiword,pos_from_wordnet
ligjet_e_natyres_N	N	ligjet e natyrës			Albanet/OMW	wns/als/wn-data-als.tab	imported_unreviewed			multiword,pos_from_wordnet
ligjshmeri_N	N	ligjshmëri			Albanet/OMW	wns/als/wn-data-als.tab	imported_unreviewed			pos_from_wordnet
ligjvenes_N	N	ligjvënës			Albanet/OMW	wns/als/wn-data-als.tab	imported_unreviewed			pos_from_wordnet
ligjerate_N	N	ligjëratë			Albanet/OMW	wns/als/wn-data-als.tab	imported_unreviewed			pos_from_wordnet
ligesi_N	N	ligësi			Albanet/OMW	wns/als/wn-data-als.tab	imported_unreviewed			pos_from_wordnet
liken_N	N	liken			Albanet/OMW	wns/als/wn-data-als.tab	imported_unreviewed			pos_from_wordnet
liker_N	N	liker			Albanet/OMW	wns/als/wn-data-als.tab	imported_unreviewed			pos_from_wordnet
liker_i_forte_N	N	liker i forte			Albanet/OMW	wns/als/wn-data-als.tab	imported_unreviewed			multiword,pos_from_wordnet
liman_N	N	liman			Albanet/OMW	wns/als/wn-data-als.tab	imported_unreviewed			pos_from_wordnet
limit_N	N	limit			Albanet/OMW	wns/als/wn-data-als.tab	imported_unreviewed			pos_from_wordnet
lind_N	N	lind			Albanet/OMW	wns/als/wn-data-als.tab	imported_unreviewed			pos_from_wordnet
lindje_N	N	lindje			Albanet/OMW	wns/als/wn-data-als.tab	imported_unreviewed			pos_from_wordnet
lindor_N	N	lindor			Albanet/OMW	wns/als/wn-data-als.tab	imported_unreviewed			pos_from_wordnet
line_N	N	line			Albanet/OMW	wns/als/wn-data-als.tab	imported_unreviewed			pos_from_wordnet
linje_N	N	linjë			Albanet/OMW	wns/als/wn-data-als.tab	imported_unreviewed			pos_from_wordnet
link_N	N	link			Albanet/OMW	wns/als/wn-data-als.tab	imported_unreviewed			pos_from_wordnet
lipide_N	N	lipide			Albanet/OMW	wns/als/wn-data-als.tab	imported_unreviewed			pos_from_wordnet
liqen_N	N	liqen			Albanet/OMW | Baseline LexiconSqi	wns/als/wn-data-als.tab | lake_N	baseline_lexicon_exact	lake_N		lexicon_sqi_exact,pos_from_wordnet
liquid_N	N	liquid			Albanet/OMW	wns/als/wn-data-als.tab	imported_unreviewed			pos_from_wordnet
liri_N	N	liri			Albanet/OMW	wns/als/wn-data-als.tab	imported_unreviewed			pos_from_wordnet
lirim_N	N	lirim			Albanet/OMW	wns/als/wn-data-als.tab	imported_unreviewed			pos_from_wordnet
liste_N	N	liste			Albanet/OMW	wns/als/wn-data-als.tab	imported_unreviewed			pos_from_wordnet
listimi_N	N	listimi			Albanet/OMW	wns/als/wn-data-als.tab	imported_unreviewed			pos_from_wordnet
litar_N	N	litar			Albanet/OMW | Baseline LexiconSqi	wns/als/wn-data-als.tab | rope_N	baseline_lexicon_exact	rope_N		lexicon_sqi_exact,pos_from_wordnet
liturgji_N	N	liturgji			Albanet/OMW	wns/als/wn-data-als.tab	imported_unreviewed			pos_from_wordnet
livadh_N	N	livadh			Albanet/OMW	wns/als/wn-data-als.tab	imported_unreviewed			pos_from_wordnet
living_substance_N	N	living substance			Albanet/OMW	wns/als/wn-data-als.tab	imported_unreviewed			multiword,pos_from_wordnet
llafe_N	N	llafe			Albanet/OMW	wns/als/wn-data-als.tab	imported_unreviewed			pos_from_wordnet
llambadar_N	N	llambadar			Albanet/OMW	wns/als/wn-data-als.tab	imported_unreviewed			pos_from_wordnet
llambe_N	N	llambë			Baseline LexiconSqi	lamp_N	baseline_lexicon_exact	lamp_N		lexicon_sqi_exact
llape_N	N	llapë			Albanet/OMW	wns/als/wn-data-als.tab	imported_unreviewed			pos_from_wordnet
llogari_N	N	llogari			Albanet/OMW	wns/als/wn-data-als.tab	imported_unreviewed			pos_from_wordnet
llogari_bankare_N	N	llogari bankare			Albanet/OMW	wns/als/wn-data-als.tab	imported_unreviewed			multiword,pos_from_wordnet
llogaris_N	N	llogaris			Albanet/OMW	wns/als/wn-data-als.tab	imported_unreviewed			pos_from_wordnet
lloj_N	N	lloj			Albanet/OMW	wns/als/wn-data-als.tab	imported_unreviewed			pos_from_wordnet
lloj_tendence_N	N	lloj tendencë			Albanet/OMW	wns/als/wn-data-als.tab	imported_unreviewed			multiword,pos_from_wordnet
llulle_duhani_N	N	llullë duhani			Albanet/OMW	wns/als/wn-data-als.tab	imported_unreviewed			multiword,pos_from_wordnet
llum_N	N	llum			Albanet/OMW	wns/als/wn-data-als.tab	imported_unreviewed			pos_from_wordnet
load_N	N	load			Albanet/OMW	wns/als/wn-data-als.tab	imported_unreviewed			pos_from_wordnet
lodroj_N	N	lodroj			Albanet/OMW	wns/als/wn-data-als.tab	imported_unreviewed			pos_from_wordnet
loder_N	N	lodër			Albanet/OMW	wns/als/wn-data-als.tab	imported_unreviewed			pos_from_wordnet
lojtar_N	N	lojtar			Albanet/OMW	wns/als/wn-data-als.tab	imported_unreviewed			pos_from_wordnet
lojtar_kryesor_N	N	lojtar kryesor			Albanet/OMW	wns/als/wn-data-als.tab	imported_unreviewed			multiword,pos_from_wordnet
loje_N	N	lojë			Albanet/OMW	wns/als/wn-data-als.tab	imported_unreviewed			pos_from_wordnet
loje_atletike_N	N	lojë atletike			Albanet/OMW	wns/als/wn-data-als.tab	imported_unreviewed			multiword,pos_from_wordnet
loje_e_lozur_ne_lokale_N	N	lojë e lozur në lokale			Albanet/OMW	wns/als/wn-data-als.tab	imported_unreviewed			multiword,pos_from_wordnet
loje_e_marre_N	N	lojë e marrë			Albanet/OMW	wns/als/wn-data-als.tab	imported_unreviewed			multiword,pos_from_wordnet
loje_fushe_N	N	lojë fushe			Albanet/OMW	wns/als/wn-data-als.tab	imported_unreviewed			multiword,pos_from_wordnet
loje_futbolli_N	N	lojë futbolli			Albanet/OMW	wns/als/wn-data-als.tab	imported_unreviewed			multiword,pos_from_wordnet
loje_jashte_shtepie_N	N	lojë jashtë shtëpie			Albanet/OMW	wns/als/wn-data-als.tab	imported_unreviewed			multiword,pos_from_wordnet
loje_me_letra_N	N	lojë me letra			Albanet/OMW	wns/als/wn-data-als.tab	imported_unreviewed			multiword,pos_from_wordnet
loje_me_pasa_N	N	Lojë me pasa		00492871-n	Albanet/OMW	wns/als/wn-data-als.tab	imported_unreviewed			case_marked,multiword,pos_from_wordnet
loje_me_shah_N	N	lojë me shah			Albanet/OMW	wns/als/wn-data-als.tab	imported_unreviewed			multiword,pos_from_wordnet
loje_me_tabele_N	N	lojë me tabelë			Albanet/OMW	wns/als/wn-data-als.tab	imported_unreviewed			multiword,pos_from_wordnet
loje_pokeri_N	N	lojë pokeri			Albanet/OMW	wns/als/wn-data-als.tab	imported_unreviewed			multiword,pos_from_wordnet
lokomotive_N	N	lokomotivë			Albanet/OMW	wns/als/wn-data-als.tab	imported_unreviewed			pos_from_wordnet
lopate_varke_N	N	lopatë varke			Albanet/OMW	wns/als/wn-data-als.tab	imported_unreviewed			multiword,pos_from_wordnet
lope_N	N	lopë			Baseline LexiconSqi	cow_N	baseline_lexicon_exact	cow_N		lexicon_sqi_exact
lot_N	N	lot			Albanet/OMW	wns/als/wn-data-als.tab	imported_unreviewed			pos_from_wordnet
luaj_N	N	luaj			Albanet/OMW	wns/als/wn-data-als.tab	imported_unreviewed			pos_from_wordnet
luaj_kumar_N	N	luaj kumar			Albanet/OMW	wns/als/wn-data-als.tab	imported_unreviewed			multiword,pos_from_wordnet
luaj_rol_N	N	luaj rol			Albanet/OMW	wns/als/wn-data-als.tab	imported_unreviewed			multiword,pos_from_wordnet
luajtes_rolesh_N	N	luajtes rolesh			Albanet/OMW	wns/als/wn-data-als.tab	imported_unreviewed			multiword,pos_from_wordnet
lubrifikant_N	N	lubrifikant			Albanet/OMW	wns/als/wn-data-als.tab	imported_unreviewed			pos_from_wordnet
lubrifikues_N	N	lubrifikues			Albanet/OMW	wns/als/wn-data-als.tab	imported_unreviewed			pos_from_wordnet
luftanije_N	N	luftanije			Albanet/OMW	wns/als/wn-data-als.tab	imported_unreviewed			pos_from_wordnet
luftim_N	N	luftim			Albanet/OMW	wns/als/wn-data-als.tab	imported_unreviewed			pos_from_wordnet
luftoj_N	N	luftoj			Albanet/OMW	wns/als/wn-data-als.tab	imported_unreviewed			pos_from_wordnet
lufte_N	N	luftë			Albanet/OMW | Baseline LexiconSqi	wns/als/wn-data-als.tab | war_N	baseline_lexicon_exact	war_N		lexicon_sqi_exact,pos_from_wordnet
lugine_N	N	luginë			Albanet/OMW	wns/als/wn-data-als.tab	imported_unreviewed			pos_from_wordnet
luhatje_N	N	luhatje			Albanet/OMW	wns/als/wn-data-als.tab	imported_unreviewed			pos_from_wordnet
luks_N	N	luks			Albanet/OMW	wns/als/wn-data-als.tab	imported_unreviewed			pos_from_wordnet
lule_N	N	lule			Albanet/OMW | Baseline LexiconSqi	wns/als/wn-data-als.tab | flower_N	baseline_lexicon_exact	flower_N		lexicon_sqi_exact,pos_from_wordnet
lulese_N	N	lulesë			Albanet/OMW	wns/als/wn-data-als.tab	imported_unreviewed			pos_from_wordnet
lultari_N	N	lultari			Albanet/OMW	wns/als/wn-data-als.tab	imported_unreviewed			pos_from_wordnet
lulezoj_N	N	lulëzoj			Albanet/OMW	wns/als/wn-data-als.tab	imported_unreviewed			pos_from_wordnet
lum_N	N	lum			Albanet/OMW	wns/als/wn-data-als.tab	imported_unreviewed			pos_from_wordnet
lume_N	N	lume			Albanet/OMW	wns/als/wn-data-als.tab	imported_unreviewed			pos_from_wordnet
lumturi_N	N	lumturi			Albanet/OMW	wns/als/wn-data-als.tab	imported_unreviewed			pos_from_wordnet
lume_N__2	N	lumë			Baseline LexiconSqi	river_N	baseline_lexicon_exact	river_N		lexicon_sqi_exact
lunder_N	N	lundër			Albanet/OMW	wns/als/wn-data-als.tab	imported_unreviewed			pos_from_wordnet
lunder_e_sheshte_N	N	lundër e sheshtë			Albanet/OMW	wns/als/wn-data-als.tab	imported_unreviewed			multiword,pos_from_wordnet
luspe_N	N	luspë			Albanet/OMW	wns/als/wn-data-als.tab	imported_unreviewed			pos_from_wordnet
lutje_N	N	lutje			Albanet/OMW	wns/als/wn-data-als.tab	imported_unreviewed			pos_from_wordnet
lyerje_N	N	lyerje			Albanet/OMW	wns/als/wn-data-als.tab	imported_unreviewed			pos_from_wordnet
lekundje_N	N	lëkundje			Albanet/OMW	wns/als/wn-data-als.tab	imported_unreviewed			pos_from_wordnet
lekundje_vale_N	N	lëkundje valë			Albanet/OMW	wns/als/wn-data-als.tab	imported_unreviewed			multiword,pos_from_wordnet
lekure_N	N	lëkurë			Albanet/OMW | Baseline LexiconSqi	wns/als/wn-data-als.tab | leather_N | skin_N	baseline_lexicon_exact	leather_N	skin_N	lexicon_sqi_exact,pos_from_wordnet
lendim_N	N	lëndim			Albanet/OMW	wns/als/wn-data-als.tab	imported_unreviewed			pos_from_wordnet
lendine_N	N	lëndinë			Albanet/OMW	wns/als/wn-data-als.tab	imported_unreviewed			pos_from_wordnet
lendoj_N	N	lëndoj			Albanet/OMW	wns/als/wn-data-als.tab	imported_unreviewed			pos_from_wordnet
lende_N	N	lëndë			Albanet/OMW	wns/als/wn-data-als.tab	imported_unreviewed			pos_from_wordnet
lende_djegese_N	N	lëndë djegëse			Albanet/OMW	wns/als/wn-data-als.tab	imported_unreviewed			multiword,pos_from_wordnet
lende_e_pare_N	N	lëndë e parë			Albanet/OMW	wns/als/wn-data-als.tab	imported_unreviewed			multiword,pos_from_wordnet
lende_plastike_N	N	lëndë plastike			Albanet/OMW	wns/als/wn-data-als.tab	imported_unreviewed			multiword,pos_from_wordnet
lende_ushqyese_N	N	lëndë ushqyese			Albanet/OMW	wns/als/wn-data-als.tab	imported_unreviewed			multiword,pos_from_wordnet
leng_N	N	lëng			Albanet/OMW	wns/als/wn-data-als.tab	imported_unreviewed			pos_from_wordnet
levizem_N	N	lëvizem			Albanet/OMW	wns/als/wn-data-als.tab	imported_unreviewed			pos_from_wordnet
levizje_N	N	lëvizje			Albanet/OMW	wns/als/wn-data-als.tab	imported_unreviewed			pos_from_wordnet
levizje_artistike_N	N	lëvizje artistike			Albanet/OMW	wns/als/wn-data-als.tab	imported_unreviewed			multiword,pos_from_wordnet
levizje_mashtruese_N	N	lëvizje mashtruese			Albanet/OMW	wns/als/wn-data-als.tab	imported_unreviewed			multiword,pos_from_wordnet
levizje_rrotulluese_N	N	lëvizje rrotulluese			Albanet/OMW	wns/als/wn-data-als.tab	imported_unreviewed			multiword,pos_from_wordnet
levizje_sociale_N	N	lëvizje sociale			Albanet/OMW	wns/als/wn-data-als.tab	imported_unreviewed			multiword,pos_from_wordnet
levizshmeri_N	N	lëvizshmëri			Albanet/OMW	wns/als/wn-data-als.tab	imported_unreviewed			pos_from_wordnet
levore_N	N	lëvore			Albanet/OMW | Baseline LexiconSqi	wns/als/wn-data-als.tab | bark_N	baseline_lexicon_exact	bark_N		lexicon_sqi_exact,pos_from_wordnet
levozhge_N	N	lëvozhgë			Albanet/OMW	wns/als/wn-data-als.tab	imported_unreviewed			pos_from_wordnet
levozhge_veze_N	N	lëvozhgë vezë			Albanet/OMW	wns/als/wn-data-als.tab	imported_unreviewed			multiword,pos_from_wordnet
mace_N	N	mace			Baseline LexiconSqi	cat_N	baseline_lexicon_exact	cat_N		lexicon_sqi_exact
madam_N	N	madam			Albanet/OMW	wns/als/wn-data-als.tab	imported_unreviewed			pos_from_wordnet
madheshti_N	N	madhështi			Albanet/OMW	wns/als/wn-data-als.tab	imported_unreviewed			pos_from_wordnet
madheshtor_N	N	madhështor			Albanet/OMW	wns/als/wn-data-als.tab	imported_unreviewed			pos_from_wordnet
madhesi_N	N	madhësi			Albanet/OMW	wns/als/wn-data-als.tab	imported_unreviewed			pos_from_wordnet
magazinim_N	N	magazinim			Albanet/OMW	wns/als/wn-data-als.tab	imported_unreviewed			pos_from_wordnet
magazinoj_N	N	magazinoj			Albanet/OMW	wns/als/wn-data-als.tab	imported_unreviewed			pos_from_wordnet
magazine_N	N	magazinë			Albanet/OMW	wns/als/wn-data-als.tab	imported_unreviewed			pos_from_wordnet
magjstrate_N	N	magjstrate			Albanet/OMW	wns/als/wn-data-als.tab	imported_unreviewed			pos_from_wordnet
magnet_N	N	magnet			Albanet/OMW	wns/als/wn-data-als.tab	imported_unreviewed			pos_from_wordnet
maja_N	N	maja			Albanet/OMW	wns/als/wn-data-als.tab	imported_unreviewed			pos_from_wordnet
maja_e_rruges_se_diellit_N	N	maja e rrugës se diellit			Albanet/OMW	wns/als/wn-data-als.tab	imported_unreviewed			multiword,pos_from_wordnet
maje_N	N	majë			Albanet/OMW	wns/als/wn-data-als.tab	imported_unreviewed			pos_from_wordnet
makanizem_N	N	makanizëm			Albanet/OMW	wns/als/wn-data-als.tab	imported_unreviewed			pos_from_wordnet
makijazh_N	N	makijazh			Albanet/OMW	wns/als/wn-data-als.tab	imported_unreviewed			pos_from_wordnet
makine_lufte_N	N	makine lufte			Albanet/OMW	wns/als/wn-data-als.tab	imported_unreviewed			multiword,pos_from_wordnet
makine_ushtarake_N	N	makine ushtarake			Albanet/OMW	wns/als/wn-data-als.tab	imported_unreviewed			multiword,pos_from_wordnet
makineri_N	N	makineri			Albanet/OMW	wns/als/wn-data-als.tab	imported_unreviewed			pos_from_wordnet
makine_N	N	makinë			Albanet/OMW | Baseline LexiconSqi	wns/als/wn-data-als.tab | car_N	baseline_lexicon_exact	car_N		lexicon_sqi_exact,pos_from_wordnet
makine_kompjuteri_N	N	makinë kompjuteri			Albanet/OMW	wns/als/wn-data-als.tab	imported_unreviewed			multiword,pos_from_wordnet
makine_prerese_N	N	makinë prerëse			Albanet/OMW	wns/als/wn-data-als.tab	imported_unreviewed			multiword,pos_from_wordnet
makine_ushtarake_N__2	N	makinë ushtarake			Albanet/OMW	wns/als/wn-data-als.tab	imported_unreviewed			multiword,pos_from_wordnet
makroksmos_N	N	makroksmos			Albanet/OMW	wns/als/wn-data-als.tab	imported_unreviewed			pos_from_wordnet
mal_N	N	mal			Albanet/OMW | Baseline LexiconSqi	wns/als/wn-data-als.tab | mountain_N	baseline_lexicon_exact	mountain_N		lexicon_sqi_exact,pos_from_wordnet
mall_N	N	mall			Albanet/OMW	wns/als/wn-data-als.tab	imported_unreviewed			pos_from_wordnet
mall_i_djegur_N	N	mall i djegur			Albanet/OMW	wns/als/wn-data-als.tab	imported_unreviewed			multiword,pos_from_wordnet
mall_i_gjelber_N	N	mall i gjelber			Albanet/OMW	wns/als/wn-data-als.tab	imported_unreviewed			multiword,pos_from_wordnet
mallra_N	N	mallra			Albanet/OMW	wns/als/wn-data-als.tab	imported_unreviewed			pos_from_wordnet
mallra_sportive_N	N	mallra sportivë			Albanet/OMW	wns/als/wn-data-als.tab	imported_unreviewed			multiword,pos_from_wordnet
mallra_ushqimore_N	N	mallra ushqimore			Albanet/OMW	wns/als/wn-data-als.tab	imported_unreviewed			multiword,pos_from_wordnet
mama_N	N	mama			Albanet/OMW	wns/als/wn-data-als.tab	imported_unreviewed			pos_from_wordnet
manaxhim_N	N	manaxhim			Albanet/OMW	wns/als/wn-data-als.tab	imported_unreviewed			pos_from_wordnet
manaxhues_N	N	manaxhues			Albanet/OMW	wns/als/wn-data-als.tab	imported_unreviewed			pos_from_wordnet
mandat_N	N	mandat			Albanet/OMW	wns/als/wn-data-als.tab	imported_unreviewed			pos_from_wordnet
manekin_N	N	manekin			Albanet/OMW	wns/als/wn-data-als.tab	imported_unreviewed			pos_from_wordnet
manifestim_N	N	manifestim			Albanet/OMW	wns/als/wn-data-als.tab	imported_unreviewed			pos_from_wordnet
manovrim_N	N	manovrim			Albanet/OMW	wns/als/wn-data-als.tab	imported_unreviewed			pos_from_wordnet
manovrim_taktik_N	N	manovrim taktik			Albanet/OMW	wns/als/wn-data-als.tab	imported_unreviewed			multiword,pos_from_wordnet
manovroj_N	N	manovroj			Albanet/OMW	wns/als/wn-data-als.tab	imported_unreviewed			pos_from_wordnet
manover_N	N	manovër			Albanet/OMW	wns/als/wn-data-als.tab	imported_unreviewed			pos_from_wordnet
manover_taktike_N	N	manovër taktike			Albanet/OMW	wns/als/wn-data-als.tab	imported_unreviewed			multiword,pos_from_wordnet
marezi_N	N	marezi			Albanet/OMW	wns/als/wn-data-als.tab	imported_unreviewed			pos_from_wordnet
marifete_N	N	marifetë			Albanet/OMW	wns/als/wn-data-als.tab	imported_unreviewed			pos_from_wordnet
marka_N	N	marka			Albanet/OMW	wns/als/wn-data-als.tab	imported_unreviewed			pos_from_wordnet
marketing_N	N	marketing			Albanet/OMW	wns/als/wn-data-als.tab	imported_unreviewed			pos_from_wordnet
marr_N	N	marr			Albanet/OMW	wns/als/wn-data-als.tab	imported_unreviewed			pos_from_wordnet
marr_persiper_N	N	marr përsipër			Albanet/OMW	wns/als/wn-data-als.tab	imported_unreviewed			multiword,pos_from_wordnet
marr_shenje_N	N	marr shenjë			Albanet/OMW	wns/als/wn-data-als.tab	imported_unreviewed			multiword,pos_from_wordnet
marrje_N	N	marrje			Albanet/OMW	wns/als/wn-data-als.tab	imported_unreviewed			pos_from_wordnet
marrje_ne_pyetje_N	N	marrje ne pyetje			Albanet/OMW	wns/als/wn-data-als.tab	imported_unreviewed			multiword,pos_from_wordnet
marredhenie_N	N	marrëdhënie			Albanet/OMW	wns/als/wn-data-als.tab	imported_unreviewed			pos_from_wordnet
marredhenie_humane_N	N	marrëdhënie humane			Albanet/OMW	wns/als/wn-data-als.tab	imported_unreviewed			multiword,pos_from_wordnet
marredhenie_matematike_N	N	marrëdhënie matematike			Albanet/OMW	wns/als/wn-data-als.tab	imported_unreviewed			multiword,pos_from_wordnet
marredhenie_miqesie_N	N	marrëdhënie miqësie			Albanet/OMW	wns/als/wn-data-als.tab	imported_unreviewed			multiword,pos_from_wordnet
marredhenie_sociale_N	N	marrëdhënie sociale			Albanet/OMW	wns/als/wn-data-als.tab	imported_unreviewed			multiword,pos_from_wordnet
marreveshje_N	N	marrëveshje			Albanet/OMW	wns/als/wn-data-als.tab	imported_unreviewed			pos_from_wordnet
marrezi_N	N	marrëzi			Albanet/OMW	wns/als/wn-data-als.tab	imported_unreviewed			pos_from_wordnet
marshim_N	N	marshim			Albanet/OMW	wns/als/wn-data-als.tab	imported_unreviewed			pos_from_wordnet
marshim_muzikor_N	N	marshim muzikor			Albanet/OMW	wns/als/wn-data-als.tab	imported_unreviewed			multiword,pos_from_wordnet
martese_N	N	martesë			Albanet/OMW	wns/als/wn-data-als.tab	imported_unreviewed			pos_from_wordnet
mas_N	N	mas			Albanet/OMW	wns/als/wn-data-als.tab	imported_unreviewed			pos_from_wordnet
masa_mbrojtese_N	N	masa mbrojtëse			Albanet/OMW	wns/als/wn-data-als.tab	imported_unreviewed			multiword,pos_from_wordnet
mase_N	N	mase			Albanet/OMW	wns/als/wn-data-als.tab	imported_unreviewed			pos_from_wordnet
mashkull_N	N	mashkull			Albanet/OMW	wns/als/wn-data-als.tab	imported_unreviewed			pos_from_wordnet
mashtrim_N	N	mashtrim			Albanet/OMW	wns/als/wn-data-als.tab	imported_unreviewed			pos_from_wordnet
maskim_N	N	maskim			Albanet/OMW	wns/als/wn-data-als.tab	imported_unreviewed			pos_from_wordnet
maskoj_N	N	maskoj			Albanet/OMW	wns/als/wn-data-als.tab	imported_unreviewed			pos_from_wordnet
maske_N	N	maskë			Albanet/OMW	wns/als/wn-data-als.tab	imported_unreviewed			pos_from_wordnet
mase_N__2	N	masë			Albanet/OMW	wns/als/wn-data-als.tab	imported_unreviewed			pos_from_wordnet
mat_me_hapa_N	N	mat me hapa			Albanet/OMW	wns/als/wn-data-als.tab	imported_unreviewed			multiword,pos_from_wordnet
matematike_N	N	matematikë			Albanet/OMW	wns/als/wn-data-als.tab	imported_unreviewed			pos_from_wordnet
material_N	N	material			Albanet/OMW	wns/als/wn-data-als.tab	imported_unreviewed			pos_from_wordnet
material_bimore_N	N	material bimore			Albanet/OMW	wns/als/wn-data-als.tab	imported_unreviewed			multiword,pos_from_wordnet
material_i_shkruar_N	N	material i shkruar			Albanet/OMW	wns/als/wn-data-als.tab	imported_unreviewed			multiword,pos_from_wordnet
material_i_subjektit_N	N	material i subjektit			Albanet/OMW	wns/als/wn-data-als.tab	imported_unreviewed			multiword,pos_from_wordnet
material_mbushes_N	N	material mbushës			Albanet/OMW	wns/als/wn-data-als.tab	imported_unreviewed			multiword,pos_from_wordnet
material_ndertimi_N	N	material ndërtimi			Albanet/OMW	wns/als/wn-data-als.tab	imported_unreviewed			multiword,pos_from_wordnet
material_ngjites_N	N	material ngjitës			Albanet/OMW	wns/als/wn-data-als.tab	imported_unreviewed			multiword,pos_from_wordnet
material_ngjyrues_N	N	material ngjyrues			Albanet/OMW	wns/als/wn-data-als.tab	imported_unreviewed			multiword,pos_from_wordnet
material_pambuku_N	N	material pambuku			Albanet/OMW	wns/als/wn-data-als.tab	imported_unreviewed			multiword,pos_from_wordnet
material_shkrimi_N	N	material shkrimi			Albanet/OMW	wns/als/wn-data-als.tab	imported_unreviewed			multiword,pos_from_wordnet
material_shtazore_N	N	material shtazorë			Albanet/OMW	wns/als/wn-data-als.tab	imported_unreviewed			multiword,pos_from_wordnet
material_teksti_N	N	material teksti			Albanet/OMW	wns/als/wn-data-als.tab	imported_unreviewed			multiword,pos_from_wordnet
mathematike_N	N	mathematikë			Albanet/OMW	wns/als/wn-data-als.tab	imported_unreviewed			pos_from_wordnet
matje_N	N	matje			Albanet/OMW	wns/als/wn-data-als.tab	imported_unreviewed			pos_from_wordnet
matje_katrore_N	N	matje katrore			Albanet/OMW	wns/als/wn-data-als.tab	imported_unreviewed			multiword,pos_from_wordnet
matje_lineare_N	N	matje lineare			Albanet/OMW	wns/als/wn-data-als.tab	imported_unreviewed			multiword,pos_from_wordnet
maturi_N	N	maturi			Albanet/OMW	wns/als/wn-data-als.tab	imported_unreviewed			pos_from_wordnet
maturim_N	N	maturim			Albanet/OMW	wns/als/wn-data-als.tab	imported_unreviewed			pos_from_wordnet
mates_te_dhenash_N	N	matës të dhënash			Albanet/OMW	wns/als/wn-data-als.tab	imported_unreviewed			multiword,pos_from_wordnet
mazgalle_N	N	mazgallë			Albanet/OMW	wns/als/wn-data-als.tab	imported_unreviewed			pos_from_wordnet
mbaj_kreshme_N	N	mbaj kreshmë			Albanet/OMW	wns/als/wn-data-als.tab	imported_unreviewed			multiword,pos_from_wordnet
mbajtje_N	N	mbajtje			Albanet/OMW	wns/als/wn-data-als.tab	imported_unreviewed			pos_from_wordnet
mbajtje_e_trupit_N	N	mbajtje e trupit			Albanet/OMW	wns/als/wn-data-als.tab	imported_unreviewed			multiword,pos_from_wordnet
mbajtes_N	N	mbajtës			Albanet/OMW	wns/als/wn-data-als.tab	imported_unreviewed			pos_from_wordnet
mbarim_N	N	mbarim			Albanet/OMW	wns/als/wn-data-als.tab	imported_unreviewed			pos_from_wordnet
mbartje_N	N	mbartje			Albanet/OMW	wns/als/wn-data-als.tab	imported_unreviewed			pos_from_wordnet
mbeshtetes_N	N	mbeshtetes			Albanet/OMW	wns/als/wn-data-als.tab	imported_unreviewed			pos_from_wordnet
mbetje_N	N	mbetje			Albanet/OMW	wns/als/wn-data-als.tab	imported_unreviewed			pos_from_wordnet
mbeturina_N	N	mbeturina			Albanet/OMW	wns/als/wn-data-als.tab	imported_unreviewed			pos_from_wordnet
mbiemer_N	N	mbiemër			Albanet/OMW	wns/als/wn-data-als.tab	imported_unreviewed			pos_from_wordnet
mbikqyrje_N	N	mbikqyrje			Albanet/OMW	wns/als/wn-data-als.tab	imported_unreviewed			pos_from_wordnet
mbikeqyres_N	N	mbikëqyrës			Albanet/OMW	wns/als/wn-data-als.tab	imported_unreviewed			pos_from_wordnet
mbishkrim_N	N	mbishkrim			Albanet/OMW	wns/als/wn-data-als.tab	imported_unreviewed			pos_from_wordnet
mbiujes_N	N	mbiujës			Albanet/OMW	wns/als/wn-data-als.tab	imported_unreviewed			pos_from_wordnet
mbledh_N	N	mbledh			Albanet/OMW	wns/als/wn-data-als.tab	imported_unreviewed			pos_from_wordnet
mbledh_taksa_N	N	mbledh taksa			Albanet/OMW	wns/als/wn-data-als.tab	imported_unreviewed			multiword,pos_from_wordnet
mbledhje_N	N	mbledhje			Albanet/OMW	wns/als/wn-data-als.tab	imported_unreviewed			pos_from_wordnet
mbledhje_e_pergjithshme_N	N	mbledhje e përgjithshme			Albanet/OMW	wns/als/wn-data-als.tab	imported_unreviewed			multiword,pos_from_wordnet
mbledhje_legjslative_N	N	mbledhje legjslative			Albanet/OMW	wns/als/wn-data-als.tab	imported_unreviewed			multiword,pos_from_wordnet
mbledhje_votash_N	N	mbledhje votash			Albanet/OMW	wns/als/wn-data-als.tab	imported_unreviewed			multiword,pos_from_wordnet
mbrapa_N	N	mbrapa			Albanet/OMW	wns/als/wn-data-als.tab	imported_unreviewed			pos_from_wordnet
mbret_N	N	mbret			Baseline LexiconSqi	king_N	baseline_lexicon_exact	king_N		lexicon_sqi_exact
mbreteri_N	N	mbreteri			Albanet/OMW	wns/als/wn-data-als.tab	imported_unreviewed			pos_from_wordnet
mbretereshe_N	N	mbretëreshë			Albanet/OMW | Baseline LexiconSqi	wns/als/wn-data-als.tab | queen_N	baseline_lexicon_exact	queen_N		lexicon_sqi_exact,pos_from_wordnet
mbrojte_N	N	mbrojte			Albanet/OMW	wns/als/wn-data-als.tab	imported_unreviewed			pos_from_wordnet
mbrojtje_N	N	mbrojtje			Albanet/OMW	wns/als/wn-data-als.tab	imported_unreviewed			pos_from_wordnet
mbrojtes_N	N	mbrojtës			Albanet/OMW	wns/als/wn-data-als.tab	imported_unreviewed			pos_from_wordnet
mbremje_N	N	mbrëmje			Albanet/OMW	wns/als/wn-data-als.tab	imported_unreviewed			pos_from_wordnet
mbulese_N	N	mbulesë			Albanet/OMW	wns/als/wn-data-als.tab	imported_unreviewed			pos_from_wordnet
mbulese_dyshemeje_N	N	mbulesë dyshemeje			Albanet/OMW	wns/als/wn-data-als.tab	imported_unreviewed			multiword,pos_from_wordnet
mbulese_e_holle_N	N	mbulesë e hollë			Albanet/OMW	wns/als/wn-data-als.tab	imported_unreviewed			multiword,pos_from_wordnet
mbuloj_N	N	mbuloj			Albanet/OMW	wns/als/wn-data-als.tab	imported_unreviewed			pos_from_wordnet
mburoje_N	N	mburojë			Albanet/OMW	wns/als/wn-data-als.tab	imported_unreviewed			pos_from_wordnet
mbyllje_N	N	mbyllje			Albanet/OMW	wns/als/wn-data-als.tab	imported_unreviewed			pos_from_wordnet
mbyllur_N	N	mbyllur			Albanet/OMW	wns/als/wn-data-als.tab	imported_unreviewed			pos_from_wordnet
mbzoterim_N	N	mbzotërim			Albanet/OMW	wns/als/wn-data-als.tab	imported_unreviewed			pos_from_wordnet
mberritje_N	N	mbërritje			Albanet/OMW	wns/als/wn-data-als.tab	imported_unreviewed			pos_from_wordnet
mberthej_N	N	mbërthej			Albanet/OMW	wns/als/wn-data-als.tab	imported_unreviewed			pos_from_wordnet
mbeshjelles_N	N	mbëshjellës			Albanet/OMW	wns/als/wn-data-als.tab	imported_unreviewed			pos_from_wordnet
mbeshtetje_N	N	mbështetje			Albanet/OMW	wns/als/wn-data-als.tab	imported_unreviewed			pos_from_wordnet
mbeshtetese_N	N	mbështetëse			Albanet/OMW	wns/als/wn-data-als.tab	imported_unreviewed			pos_from_wordnet
mbeshtjell_N	N	mbështjell			Albanet/OMW	wns/als/wn-data-als.tab	imported_unreviewed			pos_from_wordnet
mbeshtjelles_N	N	mbështjellës			Albanet/OMW	wns/als/wn-data-als.tab	imported_unreviewed			pos_from_wordnet
mbeshtjellese_N	N	mbështjellëse			Albanet/OMW	wns/als/wn-data-als.tab	imported_unreviewed			pos_from_wordnet
megalomani_N	N	megalomani			Albanet/OMW	wns/als/wn-data-als.tab	imported_unreviewed			pos_from_wordnet
meit_N	N	meit			Albanet/OMW	wns/als/wn-data-als.tab	imported_unreviewed			pos_from_wordnet
mekanike_N	N	mekanikë			Albanet/OMW	wns/als/wn-data-als.tab	imported_unreviewed			pos_from_wordnet
mekanizem_N	N	mekanizëm			Albanet/OMW	wns/als/wn-data-als.tab	imported_unreviewed			pos_from_wordnet
mekanizem_i_thjeshte_N	N	mekanizëm i thjeshtë			Albanet/OMW	wns/als/wn-data-als.tab	imported_unreviewed			multiword,pos_from_wordnet
membrane_N	N	membranë			Albanet/OMW	wns/als/wn-data-als.tab	imported_unreviewed			pos_from_wordnet
memorje_N	N	memorje			Albanet/OMW	wns/als/wn-data-als.tab	imported_unreviewed			pos_from_wordnet
menaxher_N	N	menaxher			Albanet/OMW	wns/als/wn-data-als.tab	imported_unreviewed			pos_from_wordnet
mend_N	N	mend			Albanet/OMW	wns/als/wn-data-als.tab	imported_unreviewed			pos_from_wordnet
mendim_N	N	mendim			Albanet/OMW	wns/als/wn-data-als.tab	imported_unreviewed			pos_from_wordnet
mendim_i_refuzuar_N	N	mendim i refuzuar			Albanet/OMW	wns/als/wn-data-als.tab	imported_unreviewed			multiword,pos_from_wordnet
mendim_krijues_N	N	mendim krijues			Albanet/OMW	wns/als/wn-data-als.tab	imported_unreviewed			multiword,pos_from_wordnet
mendim_llogjik_N	N	mendim llogjik			Albanet/OMW	wns/als/wn-data-als.tab	imported_unreviewed			multiword,pos_from_wordnet
mendje_N	N	mendje			Albanet/OMW	wns/als/wn-data-als.tab	imported_unreviewed			pos_from_wordnet
mendjeholle_N	N	mendjehollë			Albanet/OMW	wns/als/wn-data-als.tab	imported_unreviewed			pos_from_wordnet
mendjemadhesi_N	N	mendjemadhësi			Albanet/OMW	wns/als/wn-data-als.tab	imported_unreviewed			pos_from_wordnet
mendjemprehtesi_N	N	mendjemprehtësi			Albanet/OMW	wns/als/wn-data-als.tab	imported_unreviewed			pos_from_wordnet
mense_N	N	mensë			Albanet/OMW	wns/als/wn-data-als.tab	imported_unreviewed			pos_from_wordnet
mentalitet_N	N	mentalitet			Albanet/OMW	wns/als/wn-data-als.tab	imported_unreviewed			pos_from_wordnet
menu_N	N	menu			Albanet/OMW	wns/als/wn-data-als.tab	imported_unreviewed			pos_from_wordnet
mencur_N	N	mençur			Albanet/OMW	wns/als/wn-data-als.tab	imported_unreviewed			pos_from_wordnet
mencuri_N	N	mençuri			Albanet/OMW	wns/als/wn-data-als.tab	imported_unreviewed			pos_from_wordnet
merak_N	N	merak			Albanet/OMW	wns/als/wn-data-als.tab	imported_unreviewed			pos_from_wordnet
merite_N	N	meritë			Albanet/OMW	wns/als/wn-data-als.tab	imported_unreviewed			pos_from_wordnet
mes_N	N	mes			Albanet/OMW	wns/als/wn-data-als.tab	imported_unreviewed			pos_from_wordnet
mesatar_N	N	mesatar			Albanet/OMW	wns/als/wn-data-als.tab	imported_unreviewed			pos_from_wordnet
mesazh_N	N	mesazh			Albanet/OMW	wns/als/wn-data-als.tab	imported_unreviewed			pos_from_wordnet
mesazh_i_shkruar_N	N	mesazh i shkruar			Albanet/OMW	wns/als/wn-data-als.tab	imported_unreviewed			multiword,pos_from_wordnet
mesdite_N	N	mesditë			Albanet/OMW	wns/als/wn-data-als.tab	imported_unreviewed			pos_from_wordnet
meshe_N	N	meshë			Albanet/OMW	wns/als/wn-data-als.tab	imported_unreviewed			pos_from_wordnet
metal_N	N	metal			Albanet/OMW	wns/als/wn-data-als.tab	imported_unreviewed			pos_from_wordnet
metan_N	N	metan			Albanet/OMW	wns/als/wn-data-als.tab	imported_unreviewed			pos_from_wordnet
meteor_N	N	meteor			Albanet/OMW	wns/als/wn-data-als.tab	imported_unreviewed			pos_from_wordnet
meteorit_N	N	meteorit			Albanet/OMW	wns/als/wn-data-als.tab	imported_unreviewed			pos_from_wordnet
meterie_jotekstuale_N	N	meterie jotekstuale			Albanet/OMW	wns/als/wn-data-als.tab	imported_unreviewed			multiword,pos_from_wordnet
metodologji_N	N	metodologji			Albanet/OMW	wns/als/wn-data-als.tab	imported_unreviewed			pos_from_wordnet
metode_N	N	metodë			Albanet/OMW	wns/als/wn-data-als.tab	imported_unreviewed			pos_from_wordnet
metrik_N	N	metrik			Albanet/OMW	wns/als/wn-data-als.tab	imported_unreviewed			pos_from_wordnet
metropol_N	N	metropol			Albanet/OMW	wns/als/wn-data-als.tab	imported_unreviewed			pos_from_wordnet
mi_N	N	mi			Albanet/OMW	wns/als/wn-data-als.tab	imported_unreviewed			pos_from_wordnet
mik_N	N	mik			Albanet/OMW | Baseline LexiconSqi	wns/als/wn-data-als.tab | friend_N	baseline_lexicon_exact	friend_N		lexicon_sqi_exact,pos_from_wordnet
mikprites_N	N	mikpritës			Albanet/OMW	wns/als/wn-data-als.tab	imported_unreviewed			pos_from_wordnet
mikrobus_kampimi_N	N	mikrobus kampimi			Albanet/OMW	wns/als/wn-data-als.tab	imported_unreviewed			multiword,pos_from_wordnet
mikroorganizem_N	N	mikroorganizëm			Albanet/OMW	wns/als/wn-data-als.tab	imported_unreviewed			pos_from_wordnet
min_N	N	min			Albanet/OMW	wns/als/wn-data-als.tab	imported_unreviewed			pos_from_wordnet
minare_N	N	minare			Albanet/OMW	wns/als/wn-data-als.tab	imported_unreviewed			pos_from_wordnet
mineral_N	N	mineral			Albanet/OMW	wns/als/wn-data-als.tab	imported_unreviewed			pos_from_wordnet
miniere_N	N	minierë			Albanet/OMW	wns/als/wn-data-als.tab	imported_unreviewed			pos_from_wordnet
ministri_N	N	ministri			Albanet/OMW	wns/als/wn-data-als.tab	imported_unreviewed			pos_from_wordnet
minister_N	N	ministër			Albanet/OMW	wns/als/wn-data-als.tab	imported_unreviewed			pos_from_wordnet
minister_i_pare_N	N	ministër i pare			Albanet/OMW	wns/als/wn-data-als.tab	imported_unreviewed			multiword,pos_from_wordnet
minoren_N	N	minoren			Albanet/OMW	wns/als/wn-data-als.tab	imported_unreviewed			pos_from_wordnet
minute_N	N	minutë			Albanet/OMW	wns/als/wn-data-als.tab	imported_unreviewed			pos_from_wordnet
miq_N	N	miq			Albanet/OMW	wns/als/wn-data-als.tab	imported_unreviewed			pos_from_wordnet
miqesi_N	N	miqësi			Albanet/OMW	wns/als/wn-data-als.tab	imported_unreviewed			pos_from_wordnet
miratim_N	N	miratim			Albanet/OMW	wns/als/wn-data-als.tab	imported_unreviewed			pos_from_wordnet
mirebesim_N	N	mirëbesim			Albanet/OMW	wns/als/wn-data-als.tab	imported_unreviewed			pos_from_wordnet
mirekuptim_N	N	mirëkuptim			Albanet/OMW	wns/als/wn-data-als.tab	imported_unreviewed			pos_from_wordnet
mirenjohje_N	N	mirënjohje			Albanet/OMW	wns/als/wn-data-als.tab	imported_unreviewed			pos_from_wordnet
miresi_N	N	mirësi			Albanet/OMW	wns/als/wn-data-als.tab	imported_unreviewed			pos_from_wordnet
mish_N	N	mish			Albanet/OMW | Baseline LexiconSqi	wns/als/wn-data-als.tab | meat_N	baseline_lexicon_exact	meat_N		lexicon_sqi_exact,pos_from_wordnet
mish_lepur_N	N	mish lepur			Albanet/OMW	wns/als/wn-data-als.tab	imported_unreviewed			multiword,pos_from_wordnet
mishngrenes_N	N	mishngrënës			Albanet/OMW	wns/als/wn-data-als.tab	imported_unreviewed			pos_from_wordnet
misherim_N	N	mishërim			Albanet/OMW	wns/als/wn-data-als.tab	imported_unreviewed			pos_from_wordnet
mision_N	N	mision			Albanet/OMW	wns/als/wn-data-als.tab	imported_unreviewed			pos_from_wordnet
mister_N	N	mister			Albanet/OMW	wns/als/wn-data-als.tab	imported_unreviewed			pos_from_wordnet
mizeri_N	N	mizëri			Albanet/OMW	wns/als/wn-data-als.tab	imported_unreviewed			pos_from_wordnet
mjedis_N	N	mjedis			Albanet/OMW	wns/als/wn-data-als.tab	imported_unreviewed			pos_from_wordnet
mjegull_N	N	mjegull			Baseline LexiconSqi	fog_N	baseline_lexicon_exact	fog_N		lexicon_sqi_exact
mjegullnaje_galaktike_N	N	mjegullnajë galaktike			Albanet/OMW	wns/als/wn-data-als.tab	imported_unreviewed			multiword,pos_from_wordnet
mjek_N	N	mjek			Albanet/OMW | Baseline LexiconSqi	wns/als/wn-data-als.tab | doctor_N	baseline_lexicon_exact	doctor_N		lexicon_sqi_exact,pos_from_wordnet
mjekim_N	N	mjekim			Albanet/OMW	wns/als/wn-data-als.tab	imported_unreviewed			pos_from_wordnet
mjekues_N	N	mjekues			Albanet/OMW	wns/als/wn-data-als.tab	imported_unreviewed			pos_from_wordnet
mjeker_N	N	mjekër			Albanet/OMW	wns/als/wn-data-als.tab	imported_unreviewed			pos_from_wordnet
mjeshter_N	N	mjeshter			Albanet/OMW	wns/als/wn-data-als.tab	imported_unreviewed			pos_from_wordnet
mjeshter_N__2	N	mjeshtër			Albanet/OMW	wns/als/wn-data-als.tab	imported_unreviewed			pos_from_wordnet
mjeshteri_N	N	mjeshtëri			Albanet/OMW	wns/als/wn-data-als.tab	imported_unreviewed			pos_from_wordnet
mjet_N	N	mjet			Albanet/OMW	wns/als/wn-data-als.tab	imported_unreviewed			pos_from_wordnet
mjet_komunikimi_N	N	mjet komunikimi			Albanet/OMW	wns/als/wn-data-als.tab	imported_unreviewed			multiword,pos_from_wordnet
mjet_lidhes_N	N	mjet lidhës			Albanet/OMW	wns/als/wn-data-als.tab	imported_unreviewed			multiword,pos_from_wordnet
mjet_mbrojtes_N	N	mjet mbrojtës			Albanet/OMW	wns/als/wn-data-als.tab	imported_unreviewed			multiword,pos_from_wordnet
mjet_ndricimi_N	N	mjet ndriçimi			Albanet/OMW	wns/als/wn-data-als.tab	imported_unreviewed			multiword,pos_from_wordnet
mjet_optike_N	N	mjet optikë			Albanet/OMW	wns/als/wn-data-als.tab	imported_unreviewed			multiword,pos_from_wordnet
mjet_pastrues_N	N	mjet pastrues			Albanet/OMW	wns/als/wn-data-als.tab	imported_unreviewed			multiword,pos_from_wordnet
mjet_plases_N	N	mjet plasës			Albanet/OMW	wns/als/wn-data-als.tab	imported_unreviewed			multiword,pos_from_wordnet
mjet_preres_N	N	mjet prerës			Albanet/OMW	wns/als/wn-data-als.tab	imported_unreviewed			multiword,pos_from_wordnet
mjet_transporti_me_rrote_N	N	mjet transporti me rrotë			Albanet/OMW	wns/als/wn-data-als.tab	imported_unreviewed			multiword,pos_from_wordnet
mjet_vetelevizese_N	N	mjet vetëlëvizëse			Albanet/OMW	wns/als/wn-data-als.tab	imported_unreviewed			multiword,pos_from_wordnet
mjete_jetese_N	N	mjete jetese			Albanet/OMW	wns/als/wn-data-als.tab	imported_unreviewed			multiword,pos_from_wordnet
mjete_lufte_N	N	mjete lufte			Albanet/OMW	wns/als/wn-data-als.tab	imported_unreviewed			multiword,pos_from_wordnet
mjete_programuese_N	N	mjete programuese			Albanet/OMW	wns/als/wn-data-als.tab	imported_unreviewed			multiword,pos_from_wordnet
mjete_shtepiake_N	N	mjete shtëpiake			Albanet/OMW	wns/als/wn-data-als.tab	imported_unreviewed			multiword,pos_from_wordnet
mjete_sportive_N	N	mjete sportive			Albanet/OMW	wns/als/wn-data-als.tab	imported_unreviewed			multiword,pos_from_wordnet
mjetet_e_golfit_N	N	mjetet e golfit			Albanet/OMW	wns/als/wn-data-als.tab	imported_unreviewed			multiword,pos_from_wordnet
mjetet_e_tualetit_N	N	mjetet e tualetit			Albanet/OMW	wns/als/wn-data-als.tab	imported_unreviewed			multiword,pos_from_wordnet
mjetet_gjimnastikore_N	N	mjetet gjimnastikore			Albanet/OMW	wns/als/wn-data-als.tab	imported_unreviewed			multiword,pos_from_wordnet
mjeshter_N__3	N	mjështër			Albanet/OMW	wns/als/wn-data-als.tab	imported_unreviewed			pos_from_wordnet
mobilje_N	N	mobilje			Albanet/OMW	wns/als/wn-data-als.tab	imported_unreviewed			pos_from_wordnet
mocion_N	N	mocion			Albanet/OMW	wns/als/wn-data-als.tab	imported_unreviewed			pos_from_wordnet
model_N	N	model			Albanet/OMW	wns/als/wn-data-als.tab	imported_unreviewed			pos_from_wordnet
modifikim_N	N	modifikim			Albanet/OMW	wns/als/wn-data-als.tab	imported_unreviewed			pos_from_wordnet
mode_N	N	modë			Albanet/OMW	wns/als/wn-data-als.tab	imported_unreviewed			pos_from_wordnet
mohim_N	N	mohim			Albanet/OMW	wns/als/wn-data-als.tab	imported_unreviewed			pos_from_wordnet
mold_N	N	mold			Albanet/OMW	wns/als/wn-data-als.tab	imported_unreviewed			pos_from_wordnet
molekule_N	N	molekulë			Albanet/OMW	wns/als/wn-data-als.tab	imported_unreviewed			pos_from_wordnet
molle_N	N	mollë			Albanet/OMW | Baseline LexiconSqi	wns/als/wn-data-als.tab | apple_N	baseline_lexicon_exact	apple_N		lexicon_sqi_exact,pos_from_wordnet
moment_N	N	moment			Albanet/OMW	wns/als/wn-data-als.tab	imported_unreviewed			pos_from_wordnet
monedhe_N	N	monedhë			Albanet/OMW	wns/als/wn-data-als.tab	imported_unreviewed			pos_from_wordnet
monster_N	N	monster			Albanet/OMW	wns/als/wn-data-als.tab	imported_unreviewed			pos_from_wordnet
montim_N	N	montim			Albanet/OMW	wns/als/wn-data-als.tab	imported_unreviewed			pos_from_wordnet
monument_N	N	monument			Albanet/OMW	wns/als/wn-data-als.tab	imported_unreviewed			pos_from_wordnet
moral_N	N	moral			Albanet/OMW	wns/als/wn-data-als.tab	imported_unreviewed			pos_from_wordnet
moralitet_N	N	moralitet			Albanet/OMW	wns/als/wn-data-als.tab	imported_unreviewed			pos_from_wordnet
morfine_N	N	morfinë			Albanet/OMW	wns/als/wn-data-als.tab	imported_unreviewed			pos_from_wordnet
mori_N	N	mori			Albanet/OMW	wns/als/wn-data-als.tab	imported_unreviewed			pos_from_wordnet
morr_N	N	morr			Baseline LexiconSqi	louse_N	baseline_lexicon_exact	louse_N		lexicon_sqi_exact
mos_ekzistences_N	N	mos ekzistencës			Albanet/OMW	wns/als/wn-data-als.tab	imported_unreviewed			multiword,pos_from_wordnet
mos_frekuentim_N	N	mos frekuentim			Albanet/OMW	wns/als/wn-data-als.tab	imported_unreviewed			multiword,pos_from_wordnet
mos_paraqitje_N	N	mos paraqitje			Albanet/OMW	wns/als/wn-data-als.tab	imported_unreviewed			multiword,pos_from_wordnet
mosbesim_N	N	mosbesim			Albanet/OMW	wns/als/wn-data-als.tab	imported_unreviewed			pos_from_wordnet
mosbindje_N	N	mosbindje			Albanet/OMW	wns/als/wn-data-als.tab	imported_unreviewed			pos_from_wordnet
moshatare_N	N	moshatarë			Albanet/OMW	wns/als/wn-data-als.tab	imported_unreviewed			pos_from_wordnet
moshe_N	N	moshë			Albanet/OMW	wns/als/wn-data-als.tab	imported_unreviewed			pos_from_wordnet
moshe_e_arte_N	N	moshë e artë			Albanet/OMW	wns/als/wn-data-als.tab	imported_unreviewed			multiword,pos_from_wordnet
mosinteresim_N	N	mosinteresim			Albanet/OMW	wns/als/wn-data-als.tab	imported_unreviewed			pos_from_wordnet
moskokecarje_N	N	moskokëçarje			Albanet/OMW	wns/als/wn-data-als.tab	imported_unreviewed			pos_from_wordnet
mosmarreveshje_N	N	mosmarrëveshje			Albanet/OMW	wns/als/wn-data-als.tab	imported_unreviewed			pos_from_wordnet
mospranim_N	N	mospranim			Albanet/OMW	wns/als/wn-data-als.tab	imported_unreviewed			pos_from_wordnet
mospelqim_N	N	mospëlqim			Albanet/OMW	wns/als/wn-data-als.tab	imported_unreviewed			pos_from_wordnet
mosperfillje_N	N	mospërfillje			Albanet/OMW	wns/als/wn-data-als.tab	imported_unreviewed			pos_from_wordnet
mosqenie_N	N	mosqënie			Albanet/OMW	wns/als/wn-data-als.tab	imported_unreviewed			pos_from_wordnet
mossukses_N	N	mossukses			Albanet/OMW	wns/als/wn-data-als.tab	imported_unreviewed			pos_from_wordnet
moster_N	N	mostër			Albanet/OMW	wns/als/wn-data-als.tab	imported_unreviewed			pos_from_wordnet
mosveprim_N	N	mosveprim			Albanet/OMW	wns/als/wn-data-als.tab	imported_unreviewed			pos_from_wordnet
motiv_N	N	motiv			Albanet/OMW	wns/als/wn-data-als.tab	imported_unreviewed			pos_from_wordnet
motiv_etik_N	N	motiv etik			Albanet/OMW	wns/als/wn-data-als.tab	imported_unreviewed			multiword,pos_from_wordnet
motivim_N	N	motivim			Albanet/OMW	wns/als/wn-data-als.tab	imported_unreviewed			pos_from_wordnet
motokarro_plazhi_N	N	motokarro plazhi			Albanet/OMW	wns/als/wn-data-als.tab	imported_unreviewed			multiword,pos_from_wordnet
motokarro_stacioni_N	N	motokarro stacioni			Albanet/OMW	wns/als/wn-data-als.tab	imported_unreviewed			multiword,pos_from_wordnet
motor_N	N	motor			Albanet/OMW	wns/als/wn-data-als.tab	imported_unreviewed			pos_from_wordnet
motor_skuter_N	N	motor skuter			Albanet/OMW	wns/als/wn-data-als.tab	imported_unreviewed			multiword,pos_from_wordnet
motociklete_N	N	motoçikletë			Albanet/OMW	wns/als/wn-data-als.tab	imported_unreviewed			pos_from_wordnet
moter_N	N	motër			Albanet/OMW | Baseline LexiconSqi	wns/als/wn-data-als.tab | sister_N	baseline_lexicon_exact	sister_N		lexicon_sqi_exact,pos_from_wordnet
mould_N	N	mould			Albanet/OMW	wns/als/wn-data-als.tab	imported_unreviewed			pos_from_wordnet
mouth_N	N	mouth			Albanet/OMW	wns/als/wn-data-als.tab	imported_unreviewed			pos_from_wordnet
mocal_N	N	moçal			Albanet/OMW	wns/als/wn-data-als.tab	imported_unreviewed			pos_from_wordnet
mprehtesi_N	N	mprehtësi			Albanet/OMW	wns/als/wn-data-als.tab	imported_unreviewed			pos_from_wordnet
muaj_N	N	muaj			Albanet/OMW	wns/als/wn-data-als.tab	imported_unreviewed			pos_from_wordnet
muaj_henor_N	N	muaj hënor			Albanet/OMW	wns/als/wn-data-als.tab	imported_unreviewed			multiword,pos_from_wordnet
muaj_kalendarik_N	N	muaj kalendarik			Albanet/OMW	wns/als/wn-data-als.tab	imported_unreviewed			multiword,pos_from_wordnet
mulli_N	N	mulli			Albanet/OMW	wns/als/wn-data-als.tab	imported_unreviewed			pos_from_wordnet
mundim_N	N	mundim			Albanet/OMW	wns/als/wn-data-als.tab	imported_unreviewed			pos_from_wordnet
mundohem_N	N	mundohem			Albanet/OMW	wns/als/wn-data-als.tab	imported_unreviewed			pos_from_wordnet
mundesi_N	N	mundësi			Albanet/OMW	wns/als/wn-data-als.tab	imported_unreviewed			pos_from_wordnet
mundesi_per_te_hyre_ose_perdorur_N	N	mundësi për te hyre ose përdorur			Albanet/OMW	wns/als/wn-data-als.tab	imported_unreviewed			multiword,pos_from_wordnet
mungese_N	N	mungesë			Albanet/OMW	wns/als/wn-data-als.tab	imported_unreviewed			pos_from_wordnet
mungese_saktesie_N	N	mungesë saktësie			Albanet/OMW	wns/als/wn-data-als.tab	imported_unreviewed			multiword,pos_from_wordnet
municion_N	N	municion			Albanet/OMW	wns/als/wn-data-als.tab	imported_unreviewed			pos_from_wordnet
municione_N	N	municione			Albanet/OMW	wns/als/wn-data-als.tab	imported_unreviewed			pos_from_wordnet
mur_N	N	mur			Albanet/OMW	wns/als/wn-data-als.tab	imported_unreviewed			pos_from_wordnet
murmurime_N	N	murmurime			Albanet/OMW	wns/als/wn-data-als.tab	imported_unreviewed			pos_from_wordnet
murmuritje_N	N	murmuritje			Albanet/OMW	wns/als/wn-data-als.tab	imported_unreviewed			pos_from_wordnet
mure_ndares_N	N	murë ndarës			Albanet/OMW	wns/als/wn-data-als.tab	imported_unreviewed			multiword,pos_from_wordnet
muskul_N	N	muskul			Albanet/OMW	wns/als/wn-data-als.tab	imported_unreviewed			pos_from_wordnet
muskul_tkurres_N	N	muskul tkurrës			Albanet/OMW	wns/als/wn-data-als.tab	imported_unreviewed			multiword,pos_from_wordnet
mutacion_N	N	mutacion			Albanet/OMW	wns/als/wn-data-als.tab	imported_unreviewed			pos_from_wordnet
muze_N	N	muze			Albanet/OMW	wns/als/wn-data-als.tab	imported_unreviewed			pos_from_wordnet
muzikant_N	N	muzikant			Albanet/OMW	wns/als/wn-data-als.tab	imported_unreviewed			pos_from_wordnet
muzike_N	N	muzikë			Albanet/OMW | Baseline LexiconSqi	wns/als/wn-data-als.tab | music_N	baseline_lexicon_exact	music_N		lexicon_sqi_exact,pos_from_wordnet
mysafir_N	N	mysafir			Albanet/OMW	wns/als/wn-data-als.tab	imported_unreviewed			pos_from_wordnet
mekat_N	N	mëkat			Albanet/OMW	wns/als/wn-data-als.tab	imported_unreviewed			pos_from_wordnet
mekat_i_vdekshem_N	N	mëkat i vdekshëm			Albanet/OMW	wns/als/wn-data-als.tab	imported_unreviewed			multiword,pos_from_wordnet
mekat_vdekjeprures_N	N	mëkat vdekjeprurës			Albanet/OMW	wns/als/wn-data-als.tab	imported_unreviewed			multiword,pos_from_wordnet
mekatoj_N	N	mëkatoj			Albanet/OMW	wns/als/wn-data-als.tab	imported_unreviewed			pos_from_wordnet
melci_N	N	mëlçi			Baseline LexiconSqi	liver_N	baseline_lexicon_exact	liver_N		lexicon_sqi_exact
mendafsh_N	N	mëndafsh			Albanet/OMW	wns/als/wn-data-als.tab	imported_unreviewed			pos_from_wordnet
mengjes_N	N	mëngjes			Albanet/OMW	wns/als/wn-data-als.tab	imported_unreviewed			pos_from_wordnet
menyre_N	N	mënyrë			Albanet/OMW	wns/als/wn-data-als.tab	imported_unreviewed			pos_from_wordnet
menyre_ekzekutim_N	N	mënyrë ekzekutim			Albanet/OMW	wns/als/wn-data-als.tab	imported_unreviewed			multiword,pos_from_wordnet
menyre_retorike_N	N	mënyrë retorike			Albanet/OMW	wns/als/wn-data-als.tab	imported_unreviewed			multiword,pos_from_wordnet
menyre_sjellje_N	N	mënyrë sjellje			Albanet/OMW	wns/als/wn-data-als.tab	imported_unreviewed			multiword,pos_from_wordnet
menyre_te_foluri_N	N	mënyrë te foluri			Albanet/OMW	wns/als/wn-data-als.tab	imported_unreviewed			multiword,pos_from_wordnet
menyre_te_sjelluri_N	N	mënyrë të sjelluri			Albanet/OMW	wns/als/wn-data-als.tab	imported_unreviewed			multiword,pos_from_wordnet
meshire_N	N	mëshire			Albanet/OMW	wns/als/wn-data-als.tab	imported_unreviewed			pos_from_wordnet
meshirim_N	N	mëshirim			Albanet/OMW	wns/als/wn-data-als.tab	imported_unreviewed			pos_from_wordnet
mesim_N	N	mësim			Albanet/OMW	wns/als/wn-data-als.tab	imported_unreviewed			pos_from_wordnet
mesoj_N	N	mësoj			Albanet/OMW	wns/als/wn-data-als.tab	imported_unreviewed			pos_from_wordnet
mesonjetore_N	N	mësonjëtore			Albanet/OMW	wns/als/wn-data-als.tab	imported_unreviewed			pos_from_wordnet
mesues_N	N	mësues			Baseline LexiconSqi	teacher_N	baseline_lexicon_exact	teacher_N		lexicon_sqi_exact
mesymje_N	N	mësymje			Albanet/OMW	wns/als/wn-data-als.tab	imported_unreviewed			pos_from_wordnet
mez_N	N	mëz			Albanet/OMW	wns/als/wn-data-als.tab	imported_unreviewed			pos_from_wordnet
nacion_N	N	nacion			Albanet/OMW	wns/als/wn-data-als.tab	imported_unreviewed			pos_from_wordnet
nallane_N	N	nallane			Albanet/OMW	wns/als/wn-data-als.tab	imported_unreviewed			pos_from_wordnet
nam_N	N	nam			Albanet/OMW	wns/als/wn-data-als.tab	imported_unreviewed			pos_from_wordnet
narkotik_N	N	narkotik			Albanet/OMW	wns/als/wn-data-als.tab	imported_unreviewed			pos_from_wordnet
nata_N	N	nata			Albanet/OMW	wns/als/wn-data-als.tab	imported_unreviewed			pos_from_wordnet
natyralizem_N	N	natyralizëm			Albanet/OMW	wns/als/wn-data-als.tab	imported_unreviewed			pos_from_wordnet
natyre_N	N	natyrë			Albanet/OMW	wns/als/wn-data-als.tab	imported_unreviewed			pos_from_wordnet
natyre_e_heshtur_N	N	natyrë e heshtur			Albanet/OMW	wns/als/wn-data-als.tab	imported_unreviewed			multiword,pos_from_wordnet
natyre_femerore_N	N	natyrë femërore			Albanet/OMW	wns/als/wn-data-als.tab	imported_unreviewed			multiword,pos_from_wordnet
nate_N	N	natë			Albanet/OMW | Baseline LexiconSqi	wns/als/wn-data-als.tab | night_N	baseline_lexicon_exact	night_N		lexicon_sqi_exact,pos_from_wordnet
naze_N	N	naze			Albanet/OMW	wns/als/wn-data-als.tab	imported_unreviewed			pos_from_wordnet
ndaj_N	N	ndaj			Albanet/OMW	wns/als/wn-data-als.tab	imported_unreviewed			pos_from_wordnet
ndalese_N	N	ndalesë			Albanet/OMW	wns/als/wn-data-als.tab	imported_unreviewed			pos_from_wordnet
ndalim_N	N	ndalim			Albanet/OMW	wns/als/wn-data-als.tab	imported_unreviewed			pos_from_wordnet
ndaloj_N	N	ndaloj			Albanet/OMW	wns/als/wn-data-als.tab	imported_unreviewed			pos_from_wordnet
ndarje_N	N	ndarje			Albanet/OMW	wns/als/wn-data-als.tab	imported_unreviewed			pos_from_wordnet
ndarje_administrative_N	N	ndarje administrative			Albanet/OMW	wns/als/wn-data-als.tab	imported_unreviewed			multiword,pos_from_wordnet
ndarje_ne_pjese_N	N	ndarje në pjesë			Albanet/OMW	wns/als/wn-data-als.tab	imported_unreviewed			multiword,pos_from_wordnet
ndarje_ne_seksione_N	N	ndarje në seksione			Albanet/OMW	wns/als/wn-data-als.tab	imported_unreviewed			multiword,pos_from_wordnet
ndarje_territoriale_N	N	ndarje territoriale			Albanet/OMW	wns/als/wn-data-als.tab	imported_unreviewed			multiword,pos_from_wordnet
ndares_N	N	ndarës			Albanet/OMW	wns/als/wn-data-als.tab	imported_unreviewed			pos_from_wordnet
ndarese_N	N	ndarëse			Albanet/OMW	wns/als/wn-data-als.tab	imported_unreviewed			pos_from_wordnet
ndenjese_N	N	ndenjëse			Albanet/OMW	wns/als/wn-data-als.tab	imported_unreviewed			pos_from_wordnet
nder_N	N	nder			Albanet/OMW	wns/als/wn-data-als.tab	imported_unreviewed			pos_from_wordnet
nderim_N	N	nderim			Albanet/OMW	wns/als/wn-data-als.tab	imported_unreviewed			pos_from_wordnet
ndermarje_komerciale_N	N	ndermarje komerciale			Albanet/OMW	wns/als/wn-data-als.tab	imported_unreviewed			multiword,pos_from_wordnet
ndermjetes_N	N	ndermjetes			Albanet/OMW	wns/als/wn-data-als.tab	imported_unreviewed			pos_from_wordnet
ndershmeri_N	N	ndershmëri			Albanet/OMW	wns/als/wn-data-als.tab	imported_unreviewed			pos_from_wordnet
ndertues_N	N	ndertues			Albanet/OMW	wns/als/wn-data-als.tab	imported_unreviewed			pos_from_wordnet
ndeshje_N	N	ndeshje			Albanet/OMW	wns/als/wn-data-als.tab	imported_unreviewed			pos_from_wordnet
ndihmat_mesimore_N	N	ndihmat mësimore			Albanet/OMW	wns/als/wn-data-als.tab	imported_unreviewed			multiword,pos_from_wordnet
ndihme_N	N	ndihme			Albanet/OMW	wns/als/wn-data-als.tab	imported_unreviewed			pos_from_wordnet
ndihme_shtepiake_N	N	ndihme shtëpiake			Albanet/OMW	wns/als/wn-data-als.tab	imported_unreviewed			multiword,pos_from_wordnet
ndihmese_N	N	ndihmesë			Albanet/OMW	wns/als/wn-data-als.tab	imported_unreviewed			pos_from_wordnet
ndihmese_financiare_N	N	ndihmesë financiare			Albanet/OMW	wns/als/wn-data-als.tab	imported_unreviewed			multiword,pos_from_wordnet
ndihmoj_N	N	ndihmoj			Albanet/OMW	wns/als/wn-data-als.tab	imported_unreviewed			pos_from_wordnet
ndihme_N__2	N	ndihmë			Albanet/OMW	wns/als/wn-data-als.tab	imported_unreviewed			pos_from_wordnet
ndihme_mjekesore_N	N	ndihmë mjekësore			Albanet/OMW	wns/als/wn-data-als.tab	imported_unreviewed			multiword,pos_from_wordnet
ndihmes_N	N	ndihmës			Albanet/OMW	wns/als/wn-data-als.tab	imported_unreviewed			pos_from_wordnet
ndikim_N	N	ndikim			Albanet/OMW	wns/als/wn-data-als.tab	imported_unreviewed			pos_from_wordnet
ndjek_N	N	ndjek			Albanet/OMW	wns/als/wn-data-als.tab	imported_unreviewed			pos_from_wordnet
ndjekes_N	N	ndjekes			Albanet/OMW	wns/als/wn-data-als.tab	imported_unreviewed			pos_from_wordnet
ndjekje_N	N	ndjekje			Albanet/OMW	wns/als/wn-data-als.tab	imported_unreviewed			pos_from_wordnet
ndjenje_shoqerore_N	N	ndjenje shoqerore			Albanet/OMW	wns/als/wn-data-als.tab	imported_unreviewed			multiword,pos_from_wordnet
ndjenje_N	N	ndjenjë			Albanet/OMW	wns/als/wn-data-als.tab	imported_unreviewed			pos_from_wordnet
ndjeshmeri_N	N	ndjeshmeri			Albanet/OMW	wns/als/wn-data-als.tab	imported_unreviewed			pos_from_wordnet
ndjeshmeri_N__2	N	ndjeshmëri			Albanet/OMW	wns/als/wn-data-als.tab	imported_unreviewed			pos_from_wordnet
ndjesi_N	N	ndjesi			Albanet/OMW	wns/als/wn-data-als.tab	imported_unreviewed			pos_from_wordnet
ndjesi_degjimi_N	N	ndjesi dëgjimi			Albanet/OMW	wns/als/wn-data-als.tab	imported_unreviewed			multiword,pos_from_wordnet
ndjesi_shijimi_N	N	ndjesi shijimi			Albanet/OMW	wns/als/wn-data-als.tab	imported_unreviewed			multiword,pos_from_wordnet
ndjese_N	N	ndjesë			Albanet/OMW	wns/als/wn-data-als.tab	imported_unreviewed			pos_from_wordnet
ndodhi_N	N	ndodhi			Albanet/OMW	wns/als/wn-data-als.tab	imported_unreviewed			pos_from_wordnet
ndokush_N	N	ndokush			Albanet/OMW	wns/als/wn-data-als.tab	imported_unreviewed			pos_from_wordnet
ndotje_N	N	ndotje			Albanet/OMW	wns/als/wn-data-als.tab	imported_unreviewed			pos_from_wordnet
ndotes_N	N	ndotës			Albanet/OMW	wns/als/wn-data-als.tab	imported_unreviewed			pos_from_wordnet
ndreq_N	N	ndreq			Albanet/OMW	wns/als/wn-data-als.tab	imported_unreviewed			pos_from_wordnet
ndreqje_N	N	ndreqje			Albanet/OMW	wns/als/wn-data-als.tab	imported_unreviewed			pos_from_wordnet
ndryshim_N	N	ndryshim			Albanet/OMW	wns/als/wn-data-als.tab	imported_unreviewed			pos_from_wordnet
ndryshim_gjendjeje_N	N	ndryshim gjendjeje			Albanet/OMW	wns/als/wn-data-als.tab	imported_unreviewed			multiword,pos_from_wordnet
ndryshim_gradual_N	N	ndryshim gradual			Albanet/OMW	wns/als/wn-data-als.tab	imported_unreviewed			multiword,pos_from_wordnet
ndryshim_i_madhesise_N	N	ndryshim i madhësisë			Albanet/OMW	wns/als/wn-data-als.tab	imported_unreviewed			multiword,pos_from_wordnet
ndryshim_i_zhdervjellte_N	N	ndryshim i zhdërvjelltë			Albanet/OMW	wns/als/wn-data-als.tab	imported_unreviewed			multiword,pos_from_wordnet
ndryshim_ngjarjeje_N	N	ndryshim ngjarjeje			Albanet/OMW	wns/als/wn-data-als.tab	imported_unreviewed			multiword,pos_from_wordnet
ndryshim_qendrimi_N	N	ndryshim qëndrimi			Albanet/OMW	wns/als/wn-data-als.tab	imported_unreviewed			multiword,pos_from_wordnet
ndryshim_total_N	N	ndryshim total			Albanet/OMW	wns/als/wn-data-als.tab	imported_unreviewed			multiword,pos_from_wordnet
ndryshim_vendodhje_N	N	ndryshim vendodhje			Albanet/OMW	wns/als/wn-data-als.tab	imported_unreviewed			multiword,pos_from_wordnet
ndryshimi_i_teresise_N	N	ndryshimi i tërësisë			Albanet/OMW	wns/als/wn-data-als.tab	imported_unreviewed			multiword,pos_from_wordnet
ndryshem_N	N	ndryshëm			Albanet/OMW	wns/als/wn-data-als.tab	imported_unreviewed			pos_from_wordnet
ndyj_N	N	ndyj			Albanet/OMW	wns/als/wn-data-als.tab	imported_unreviewed			pos_from_wordnet
nderfutje_N	N	ndërfutje			Albanet/OMW	wns/als/wn-data-als.tab	imported_unreviewed			pos_from_wordnet
nderhyres_N	N	ndërhyrës			Albanet/OMW	wns/als/wn-data-als.tab	imported_unreviewed			pos_from_wordnet
nderlidhje_N	N	ndërlidhje			Albanet/OMW	wns/als/wn-data-als.tab	imported_unreviewed			pos_from_wordnet
ndermarje_biznesi_N	N	ndërmarje biznesi			Albanet/OMW	wns/als/wn-data-als.tab	imported_unreviewed			multiword,pos_from_wordnet
ndermarr_N	N	ndërmarr			Albanet/OMW	wns/als/wn-data-als.tab	imported_unreviewed			pos_from_wordnet
ndermarrje_N	N	ndërmarrje			Albanet/OMW	wns/als/wn-data-als.tab	imported_unreviewed			pos_from_wordnet
ndermarrje_biznesi_N	N	ndërmarrje biznesi			Albanet/OMW	wns/als/wn-data-als.tab	imported_unreviewed			multiword,pos_from_wordnet
ndermarrje_e_vogel_N	N	ndërmarrje e vogël			Albanet/OMW	wns/als/wn-data-als.tab	imported_unreviewed			multiword,pos_from_wordnet
ndermarrje_tregtare_N	N	ndërmarrje tregtare			Albanet/OMW	wns/als/wn-data-als.tab	imported_unreviewed			multiword,pos_from_wordnet
ndermjetesi_N	N	ndërmjetësi			Albanet/OMW	wns/als/wn-data-als.tab	imported_unreviewed			pos_from_wordnet
ndermjetesues_N	N	ndërmjetësues			Albanet/OMW	wns/als/wn-data-als.tab	imported_unreviewed			pos_from_wordnet
nderprerje_N	N	ndërprerje			Albanet/OMW	wns/als/wn-data-als.tab	imported_unreviewed			pos_from_wordnet
nderrim_N	N	ndërrim			Albanet/OMW	wns/als/wn-data-als.tab	imported_unreviewed			pos_from_wordnet
nderrim_destinacioni_N	N	ndërrim destinacioni			Albanet/OMW	wns/als/wn-data-als.tab	imported_unreviewed			multiword,pos_from_wordnet
nderrim_qendrimi_N	N	ndërrim qëndrimi			Albanet/OMW	wns/als/wn-data-als.tab	imported_unreviewed			multiword,pos_from_wordnet
nderrim_vendesh_N	N	ndërrim vendesh			Albanet/OMW	wns/als/wn-data-als.tab	imported_unreviewed			multiword,pos_from_wordnet
ndertes_klubi_N	N	ndërtes klubi			Albanet/OMW	wns/als/wn-data-als.tab	imported_unreviewed			multiword,pos_from_wordnet
ndertesa_e_kishes_N	N	ndërtesa e kishës			Albanet/OMW	wns/als/wn-data-als.tab	imported_unreviewed			multiword,pos_from_wordnet
ndertese_N	N	ndërtesë			Albanet/OMW	wns/als/wn-data-als.tab	imported_unreviewed			pos_from_wordnet
ndertese_periferike_N	N	ndërtesë periferike			Albanet/OMW	wns/als/wn-data-als.tab	imported_unreviewed			multiword,pos_from_wordnet
ndertese_publike_N	N	ndërtesë publike			Albanet/OMW	wns/als/wn-data-als.tab	imported_unreviewed			multiword,pos_from_wordnet
ndertim_N	N	ndërtim			Albanet/OMW	wns/als/wn-data-als.tab	imported_unreviewed			pos_from_wordnet
ndertoj_N	N	ndërtoj			Albanet/OMW	wns/als/wn-data-als.tab	imported_unreviewed			pos_from_wordnet
ndeshkim_N	N	ndëshkim			Albanet/OMW	wns/als/wn-data-als.tab	imported_unreviewed			pos_from_wordnet
neglizhence_N	N	neglizhencë			Albanet/OMW	wns/als/wn-data-als.tab	imported_unreviewed			pos_from_wordnet
negociant_N	N	negociant			Albanet/OMW	wns/als/wn-data-als.tab	imported_unreviewed			pos_from_wordnet
negocim_N	N	negocim			Albanet/OMW	wns/als/wn-data-als.tab	imported_unreviewed			pos_from_wordnet
nen_figure_N	N	nen figurë			Albanet/OMW	wns/als/wn-data-als.tab	imported_unreviewed			multiword,pos_from_wordnet
nenkulture_N	N	nenkulture			Albanet/OMW	wns/als/wn-data-als.tab	imported_unreviewed			pos_from_wordnet
neoplazem_N	N	neoplazëm			Albanet/OMW	wns/als/wn-data-als.tab	imported_unreviewed			pos_from_wordnet
nerve_N	N	nervë			Albanet/OMW	wns/als/wn-data-als.tab	imported_unreviewed			pos_from_wordnet
nevoje_N	N	nevoje			Albanet/OMW	wns/als/wn-data-als.tab	imported_unreviewed			pos_from_wordnet
nevojshmeri_N	N	nevojshmëri			Albanet/OMW	wns/als/wn-data-als.tab	imported_unreviewed			pos_from_wordnet
nevojtore_N	N	nevojtore			Albanet/OMW	wns/als/wn-data-als.tab	imported_unreviewed			pos_from_wordnet
nevroze_N	N	nevrozë			Albanet/OMW	wns/als/wn-data-als.tab	imported_unreviewed			pos_from_wordnet
nga_pikepamja_kombetare_N	N	nga pikëpamja kombëtare			Albanet/OMW	wns/als/wn-data-als.tab	imported_unreviewed			multiword,pos_from_wordnet
ngarkese_N	N	ngarkesë			Albanet/OMW	wns/als/wn-data-als.tab	imported_unreviewed			pos_from_wordnet
ngarkese_mallrash_N	N	ngarkesë mallrash			Albanet/OMW	wns/als/wn-data-als.tab	imported_unreviewed			multiword,pos_from_wordnet
ngarkim_N	N	ngarkim			Albanet/OMW	wns/als/wn-data-als.tab	imported_unreviewed			pos_from_wordnet
ngas_makine_N	N	ngas makinë			Albanet/OMW	wns/als/wn-data-als.tab	imported_unreviewed			multiword,pos_from_wordnet
ngaster_N	N	ngastër			Albanet/OMW	wns/als/wn-data-als.tab	imported_unreviewed			pos_from_wordnet
ngaterrese_N	N	ngatërresë			Albanet/OMW	wns/als/wn-data-als.tab	imported_unreviewed			pos_from_wordnet
ngaterrim_N	N	ngatërrim			Albanet/OMW	wns/als/wn-data-als.tab	imported_unreviewed			pos_from_wordnet
ngjarje_N	N	ngjarje			Albanet/OMW	wns/als/wn-data-als.tab	imported_unreviewed			pos_from_wordnet
ngjarje_e_perseritur_N	N	ngjarje e përsëritur			Albanet/OMW	wns/als/wn-data-als.tab	imported_unreviewed			multiword,pos_from_wordnet
ngjashmeri_N	N	ngjashmëri			Albanet/OMW	wns/als/wn-data-als.tab	imported_unreviewed			pos_from_wordnet
ngjesh_N	N	ngjesh			Albanet/OMW	wns/als/wn-data-als.tab	imported_unreviewed			pos_from_wordnet
ngjeshje_N	N	ngjeshje			Albanet/OMW	wns/als/wn-data-als.tab	imported_unreviewed			pos_from_wordnet
ngjis_malin_N	N	ngjis malin			Albanet/OMW	wns/als/wn-data-als.tab	imported_unreviewed			multiword,pos_from_wordnet
ngjitje_N	N	ngjitje			Albanet/OMW	wns/als/wn-data-als.tab	imported_unreviewed			pos_from_wordnet
ngjites_N	N	ngjitës			Albanet/OMW	wns/als/wn-data-als.tab	imported_unreviewed			pos_from_wordnet
ngjyre_N	N	ngjyre			Albanet/OMW	wns/als/wn-data-als.tab	imported_unreviewed			pos_from_wordnet
ngjyrosje_N	N	ngjyrosje			Albanet/OMW	wns/als/wn-data-als.tab	imported_unreviewed			pos_from_wordnet
ngjyrues_N	N	ngjyrues			Albanet/OMW	wns/als/wn-data-als.tab	imported_unreviewed			pos_from_wordnet
ngjyre_N__2	N	ngjyrë			Albanet/OMW	wns/als/wn-data-als.tab	imported_unreviewed			pos_from_wordnet
ngjyre_bakri_N	N	ngjyrë bakri			Albanet/OMW	wns/als/wn-data-als.tab	imported_unreviewed			multiword,pos_from_wordnet
ngre_N	N	ngre			Albanet/OMW	wns/als/wn-data-als.tab	imported_unreviewed			pos_from_wordnet
ngre_me_force_N	N	ngre me forcë			Albanet/OMW	wns/als/wn-data-als.tab	imported_unreviewed			multiword,pos_from_wordnet
ngritje_N	N	ngritje			Albanet/OMW	wns/als/wn-data-als.tab	imported_unreviewed			pos_from_wordnet
ngritje_natyrore_N	N	ngritje natyrore			Albanet/OMW	wns/als/wn-data-als.tab	imported_unreviewed			multiword,pos_from_wordnet
ngritje_ne_pozite_N	N	ngritje në pozitë			Albanet/OMW	wns/als/wn-data-als.tab	imported_unreviewed			multiword,pos_from_wordnet
ngritje_page_N	N	ngritje page			Albanet/OMW	wns/als/wn-data-als.tab	imported_unreviewed			multiword,pos_from_wordnet
ngritje_rroge_N	N	ngritje rroge			Albanet/OMW	wns/als/wn-data-als.tab	imported_unreviewed			multiword,pos_from_wordnet
ngritje_cmimesh_N	N	ngritje çmimesh			Albanet/OMW	wns/als/wn-data-als.tab	imported_unreviewed			multiword,pos_from_wordnet
ngrohtesi_N	N	ngrohtësi			Albanet/OMW	wns/als/wn-data-als.tab	imported_unreviewed			pos_from_wordnet
ngrenie_N	N	ngrënie			Albanet/OMW	wns/als/wn-data-als.tab	imported_unreviewed			pos_from_wordnet
ngurte_N	N	ngurtë			Albanet/OMW	wns/als/wn-data-als.tab	imported_unreviewed			pos_from_wordnet
ngurtesim_N	N	ngurtësim			Albanet/OMW	wns/als/wn-data-als.tab	imported_unreviewed			pos_from_wordnet
ngushtice_N	N	ngushticë			Albanet/OMW	wns/als/wn-data-als.tab	imported_unreviewed			pos_from_wordnet
ngushtice_ekonomike_N	N	ngushticë ekonomike			Albanet/OMW	wns/als/wn-data-als.tab	imported_unreviewed			multiword,pos_from_wordnet
ngushellim_N	N	ngushëllim			Albanet/OMW	wns/als/wn-data-als.tab	imported_unreviewed			pos_from_wordnet
ngut_N	N	ngut			Albanet/OMW	wns/als/wn-data-als.tab	imported_unreviewed			pos_from_wordnet
nikoqire_N	N	nikoqire			Albanet/OMW	wns/als/wn-data-als.tab	imported_unreviewed			pos_from_wordnet
nis_N	N	nis			Albanet/OMW	wns/als/wn-data-als.tab	imported_unreviewed			pos_from_wordnet
nisje_N	N	nisje			Albanet/OMW	wns/als/wn-data-als.tab	imported_unreviewed			pos_from_wordnet
nivel_N	N	nivel			Albanet/OMW	wns/als/wn-data-als.tab	imported_unreviewed			pos_from_wordnet
nivel_i_shtypur_N	N	nivel i shtypur			Albanet/OMW	wns/als/wn-data-als.tab	imported_unreviewed			multiword,pos_from_wordnet
nivel_social_N	N	nivel social			Albanet/OMW	wns/als/wn-data-als.tab	imported_unreviewed			multiword,pos_from_wordnet
nivel_socialo_ekonomik_N	N	nivel socialo-ekonomik			Albanet/OMW	wns/als/wn-data-als.tab	imported_unreviewed			multiword,pos_from_wordnet
njehsoj_N	N	njehsoj			Albanet/OMW	wns/als/wn-data-als.tab	imported_unreviewed			pos_from_wordnet
njehsueshem_N	N	njehsueshëm			Albanet/OMW	wns/als/wn-data-als.tab	imported_unreviewed			pos_from_wordnet
njeri_N	N	njeri			Albanet/OMW	wns/als/wn-data-als.tab	imported_unreviewed			pos_from_wordnet
njeri_i_shkences_N	N	njeri i shkencës			Albanet/OMW	wns/als/wn-data-als.tab	imported_unreviewed			multiword,pos_from_wordnet
njeri_i_sherbimit_N	N	njeri i shërbimit			Albanet/OMW	wns/als/wn-data-als.tab	imported_unreviewed			multiword,pos_from_wordnet
njeri_i_ushtrise_N	N	njeri i ushtrisë			Albanet/OMW	wns/als/wn-data-als.tab	imported_unreviewed			multiword,pos_from_wordnet
njeri_me_pozite_N	N	njeri me pozitë			Albanet/OMW	wns/als/wn-data-als.tab	imported_unreviewed			multiword,pos_from_wordnet
njeri_profesionist_N	N	njeri profesionist			Albanet/OMW	wns/als/wn-data-als.tab	imported_unreviewed			multiword,pos_from_wordnet
njerez_N	N	njerëz			Albanet/OMW	wns/als/wn-data-als.tab	imported_unreviewed			pos_from_wordnet
njerezim_N	N	njerëzim			Albanet/OMW	wns/als/wn-data-als.tab	imported_unreviewed			pos_from_wordnet
njerezor_N	N	njerëzor			Albanet/OMW	wns/als/wn-data-als.tab	imported_unreviewed			pos_from_wordnet
njesi_gjuhe_N	N	njesi gjuhe			Albanet/OMW	wns/als/wn-data-als.tab	imported_unreviewed			multiword,pos_from_wordnet
njoftim_N	N	njoftim			Albanet/OMW	wns/als/wn-data-als.tab	imported_unreviewed			pos_from_wordnet
njohje_N	N	njohje			Albanet/OMW	wns/als/wn-data-als.tab	imported_unreviewed			pos_from_wordnet
njohuri_N	N	njohuri			Albanet/OMW	wns/als/wn-data-als.tab	imported_unreviewed			pos_from_wordnet
njohuri_baze_N	N	njohuri bazë			Albanet/OMW	wns/als/wn-data-als.tab	imported_unreviewed			multiword,pos_from_wordnet
njohuri_e_shkolles_N	N	njohuri e shkollës			Albanet/OMW	wns/als/wn-data-als.tab	imported_unreviewed			multiword,pos_from_wordnet
njohuri_shkencore_N	N	njohuri shkencore			Albanet/OMW	wns/als/wn-data-als.tab	imported_unreviewed			multiword,pos_from_wordnet
njohuri_teknike_N	N	njohuri teknike			Albanet/OMW	wns/als/wn-data-als.tab	imported_unreviewed			multiword,pos_from_wordnet
njohes_i_procesit_N	N	njohës i procesit			Albanet/OMW	wns/als/wn-data-als.tab	imported_unreviewed			multiword,pos_from_wordnet
njolle_N	N	njolle			Albanet/OMW	wns/als/wn-data-als.tab	imported_unreviewed			pos_from_wordnet
njollos_N	N	njollos			Albanet/OMW	wns/als/wn-data-als.tab	imported_unreviewed			pos_from_wordnet
nje_grope_ne_toke_N	N	një gropë në tokë			Albanet/OMW	wns/als/wn-data-als.tab	imported_unreviewed			multiword,pos_from_wordnet
nje_kale_mashkull_N	N	një kalë mashkull			Albanet/OMW	wns/als/wn-data-als.tab	imported_unreviewed			multiword,pos_from_wordnet
nje_marredhenie_seksuale_N	N	një marrëdhënie seksuale			Albanet/OMW	wns/als/wn-data-als.tab	imported_unreviewed			multiword,pos_from_wordnet
nje_status_shoqeror_N	N	një status shoqëror			Albanet/OMW	wns/als/wn-data-als.tab	imported_unreviewed			multiword,pos_from_wordnet
nje_thundrak_N	N	një thundrak			Albanet/OMW	wns/als/wn-data-als.tab	imported_unreviewed			multiword,pos_from_wordnet
njeri_N__2	N	njëri			Albanet/OMW	wns/als/wn-data-als.tab	imported_unreviewed			pos_from_wordnet
njeri_fetar_N	N	njëri fetar			Albanet/OMW	wns/als/wn-data-als.tab	imported_unreviewed			multiword,pos_from_wordnet
njeri_i_afert_N	N	njëri i afërt			Albanet/OMW	wns/als/wn-data-als.tab	imported_unreviewed			multiword,pos_from_wordnet
njeri_i_rendesishem_N	N	njëri i rëndësishëm			Albanet/OMW	wns/als/wn-data-als.tab	imported_unreviewed			multiword,pos_from_wordnet
njerez_N__2	N	njërëz			Albanet/OMW	wns/als/wn-data-als.tab	imported_unreviewed			pos_from_wordnet
njerez_me_kolor_N	N	njërëz me kolor			Albanet/OMW	wns/als/wn-data-als.tab	imported_unreviewed			multiword,pos_from_wordnet
njerez_me_ngjyre_N	N	njërëz me ngjyre			Albanet/OMW	wns/als/wn-data-als.tab	imported_unreviewed			multiword,pos_from_wordnet
njerez_popullor_N	N	njërëz popullor			Albanet/OMW	wns/als/wn-data-als.tab	imported_unreviewed			multiword,pos_from_wordnet
njerez_te_thjeshte_N	N	njërëz te thjeshte			Albanet/OMW	wns/als/wn-data-als.tab	imported_unreviewed			multiword,pos_from_wordnet
njesi_N	N	njësi			Albanet/OMW	wns/als/wn-data-als.tab	imported_unreviewed			pos_from_wordnet
njesi_ajrore_N	N	njësi ajrore			Albanet/OMW	wns/als/wn-data-als.tab	imported_unreviewed			multiword,pos_from_wordnet
njesi_detare_N	N	njësi detare			Albanet/OMW	wns/als/wn-data-als.tab	imported_unreviewed			multiword,pos_from_wordnet
njesi_e_temperatures_N	N	njësi e temperaturës			Albanet/OMW	wns/als/wn-data-als.tab	imported_unreviewed			multiword,pos_from_wordnet
njesi_katrore_N	N	njësi katrore			Albanet/OMW	wns/als/wn-data-als.tab	imported_unreviewed			multiword,pos_from_wordnet
njesi_kohe_N	N	njësi kohe			Albanet/OMW	wns/als/wn-data-als.tab	imported_unreviewed			multiword,pos_from_wordnet
njesi_lineare_N	N	njësi lineare			Albanet/OMW	wns/als/wn-data-als.tab	imported_unreviewed			multiword,pos_from_wordnet
njesi_matese_N	N	njësi matëse			Albanet/OMW	wns/als/wn-data-als.tab	imported_unreviewed			multiword,pos_from_wordnet
njesi_metrike_N	N	njësi metrike			Albanet/OMW	wns/als/wn-data-als.tab	imported_unreviewed			multiword,pos_from_wordnet
njesi_metrike_e_peshes_N	N	njësi metrike e peshës			Albanet/OMW	wns/als/wn-data-als.tab	imported_unreviewed			multiword,pos_from_wordnet
njesi_organizative_N	N	njësi organizative			Albanet/OMW	wns/als/wn-data-als.tab	imported_unreviewed			multiword,pos_from_wordnet
njesi_ushtarake_N	N	njësi ushtarake			Albanet/OMW	wns/als/wn-data-als.tab	imported_unreviewed			multiword,pos_from_wordnet
njesi_ushtrie_N	N	njësi ushtrie			Albanet/OMW	wns/als/wn-data-als.tab	imported_unreviewed			multiword,pos_from_wordnet
njesia_e_kohes_N	N	njësia e kohës			Albanet/OMW	wns/als/wn-data-als.tab	imported_unreviewed			multiword,pos_from_wordnet
njesia_e_peshes_N	N	njësia e peshës			Albanet/OMW	wns/als/wn-data-als.tab	imported_unreviewed			multiword,pos_from_wordnet
nocion_N	N	nocion			Albanet/OMW	wns/als/wn-data-als.tab	imported_unreviewed			pos_from_wordnet
nostalgji_N	N	nostalgji			Albanet/OMW	wns/als/wn-data-als.tab	imported_unreviewed			pos_from_wordnet
note_N	N	notë			Albanet/OMW	wns/als/wn-data-als.tab	imported_unreviewed			pos_from_wordnet
nocke_N	N	noçkë			Albanet/OMW	wns/als/wn-data-als.tab	imported_unreviewed			pos_from_wordnet
nuance_N	N	nuancë			Albanet/OMW	wns/als/wn-data-als.tab	imported_unreviewed			pos_from_wordnet
nuhas_N	N	nuhas			Albanet/OMW	wns/als/wn-data-als.tab	imported_unreviewed			pos_from_wordnet
nuhatje_N	N	nuhatje			Albanet/OMW	wns/als/wn-data-als.tab	imported_unreviewed			pos_from_wordnet
numerik_N	N	numerik			Albanet/OMW	wns/als/wn-data-als.tab	imported_unreviewed			pos_from_wordnet
numer_N	N	numër			Albanet/OMW | Baseline LexiconSqi	wns/als/wn-data-als.tab | number_N	baseline_lexicon_exact	number_N		lexicon_sqi_exact,pos_from_wordnet
numer_identifikim_N	N	numër identifikim			Albanet/OMW	wns/als/wn-data-als.tab	imported_unreviewed			multiword,pos_from_wordnet
numer_njesh_N	N	numër njësh			Albanet/OMW	wns/als/wn-data-als.tab	imported_unreviewed			multiword,pos_from_wordnet
numer_telefoni_N	N	numër telefoni			Albanet/OMW	wns/als/wn-data-als.tab	imported_unreviewed			multiword,pos_from_wordnet
nxehtesi_N	N	nxehtësi			Albanet/OMW	wns/als/wn-data-als.tab	imported_unreviewed			pos_from_wordnet
nxitim_N	N	nxitim			Albanet/OMW	wns/als/wn-data-als.tab	imported_unreviewed			pos_from_wordnet
nxitim_i_rremujshem_N	N	nxitim i rrëmujshëm			Albanet/OMW	wns/als/wn-data-als.tab	imported_unreviewed			multiword,pos_from_wordnet
nxjerr_nga_puna_N	N	nxjerr nga puna			Albanet/OMW	wns/als/wn-data-als.tab	imported_unreviewed			multiword,pos_from_wordnet
nxjerr_perfundimin_N	N	nxjerr përfundimin			Albanet/OMW	wns/als/wn-data-als.tab	imported_unreviewed			multiword,pos_from_wordnet
nxenes_N	N	nxënës			Albanet/OMW	wns/als/wn-data-als.tab	imported_unreviewed			pos_from_wordnet
nxenes_shkolle_N	N	nxënës shkolle			Albanet/OMW	wns/als/wn-data-als.tab	imported_unreviewed			multiword,pos_from_wordnet
nyell_N	N	nyell			Albanet/OMW	wns/als/wn-data-als.tab	imported_unreviewed			pos_from_wordnet
nyje_N	N	nyje			Albanet/OMW	wns/als/wn-data-als.tab	imported_unreviewed			pos_from_wordnet
nyje_N__2	N	nyjë			Albanet/OMW	wns/als/wn-data-als.tab	imported_unreviewed			pos_from_wordnet
nyje_e_kembes_N	N	nyjë e këmbës			Albanet/OMW	wns/als/wn-data-als.tab	imported_unreviewed			multiword,pos_from_wordnet
ne_rregull_nga_mendte_N	N	në rregull nga mëndtë			Albanet/OMW	wns/als/wn-data-als.tab	imported_unreviewed			multiword,pos_from_wordnet
ne_te_ardhmen_N	N	në të ardhmen			Albanet/OMW	wns/als/wn-data-als.tab	imported_unreviewed			multiword,pos_from_wordnet
nenkuptim_N	N	nënkuptim			Albanet/OMW	wns/als/wn-data-als.tab	imported_unreviewed			pos_from_wordnet
nenndarje_N	N	nënndarje			Albanet/OMW	wns/als/wn-data-als.tab	imported_unreviewed			pos_from_wordnet
nenshkrim_N	N	nënshkrim			Albanet/OMW	wns/als/wn-data-als.tab	imported_unreviewed			pos_from_wordnet
nenshtetas_N	N	nënshtetas			Albanet/OMW	wns/als/wn-data-als.tab	imported_unreviewed			pos_from_wordnet
nenshtrim_N	N	nënshtrim			Albanet/OMW	wns/als/wn-data-als.tab	imported_unreviewed			pos_from_wordnet
nenshtrohem_N	N	nënshtrohem			Albanet/OMW	wns/als/wn-data-als.tab	imported_unreviewed			pos_from_wordnet
nencati_N	N	nënçati			Albanet/OMW	wns/als/wn-data-als.tab	imported_unreviewed			pos_from_wordnet
objekt_N	N	objekt			Albanet/OMW	wns/als/wn-data-als.tab	imported_unreviewed			pos_from_wordnet
objekt_fizik_N	N	objekt fizik			Albanet/OMW	wns/als/wn-data-als.tab	imported_unreviewed			multiword,pos_from_wordnet
objekt_mendor_N	N	objekt mendor			Albanet/OMW	wns/als/wn-data-als.tab	imported_unreviewed			multiword,pos_from_wordnet
objekt_natyror_N	N	objekt natyror			Albanet/OMW	wns/als/wn-data-als.tab	imported_unreviewed			multiword,pos_from_wordnet
objektiv_N	N	objektiv			Albanet/OMW	wns/als/wn-data-als.tab	imported_unreviewed			pos_from_wordnet
obligim_N	N	obligim			Albanet/OMW	wns/als/wn-data-als.tab	imported_unreviewed			pos_from_wordnet
oborr_N	N	oborr			Albanet/OMW	wns/als/wn-data-als.tab	imported_unreviewed			pos_from_wordnet
ofendim_N	N	ofendim			Albanet/OMW	wns/als/wn-data-als.tab	imported_unreviewed			pos_from_wordnet
oferte_N	N	ofertë			Albanet/OMW	wns/als/wn-data-als.tab	imported_unreviewed			pos_from_wordnet
oficer_N	N	oficer			Albanet/OMW	wns/als/wn-data-als.tab	imported_unreviewed			pos_from_wordnet
oficer_ligji_N	N	oficer ligji			Albanet/OMW	wns/als/wn-data-als.tab	imported_unreviewed			multiword,pos_from_wordnet
oficer_paqeje_N	N	oficer paqeje			Albanet/OMW	wns/als/wn-data-als.tab	imported_unreviewed			multiword,pos_from_wordnet
oficer_policie_N	N	oficer policie			Albanet/OMW	wns/als/wn-data-als.tab	imported_unreviewed			multiword,pos_from_wordnet
ofrim_N	N	ofrim			Albanet/OMW	wns/als/wn-data-als.tab	imported_unreviewed			pos_from_wordnet
ofroj_N	N	ofroj			Albanet/OMW	wns/als/wn-data-als.tab	imported_unreviewed			pos_from_wordnet
okazion_N	N	okazion			Albanet/OMW	wns/als/wn-data-als.tab	imported_unreviewed			pos_from_wordnet
okazion_zyrtar_N	N	okazion zyrtar			Albanet/OMW	wns/als/wn-data-als.tab	imported_unreviewed			multiword,pos_from_wordnet
oksid_N	N	oksid			Albanet/OMW	wns/als/wn-data-als.tab	imported_unreviewed			pos_from_wordnet
ontogjenez_N	N	ontogjenez			Albanet/OMW	wns/als/wn-data-als.tab	imported_unreviewed			pos_from_wordnet
oorganizate_N	N	oorganizate			Albanet/OMW	wns/als/wn-data-als.tab	imported_unreviewed			pos_from_wordnet
operacion_N	N	operacion			Albanet/OMW	wns/als/wn-data-als.tab	imported_unreviewed			pos_from_wordnet
operacion_finaciar_N	N	operacion finaciar			Albanet/OMW	wns/als/wn-data-als.tab	imported_unreviewed			multiword,pos_from_wordnet
operacion_ushtarak_N	N	operacion ushtarak			Albanet/OMW	wns/als/wn-data-als.tab	imported_unreviewed			multiword,pos_from_wordnet
operator_N	N	operator			Albanet/OMW	wns/als/wn-data-als.tab	imported_unreviewed			pos_from_wordnet
opinion_N	N	opinion			Albanet/OMW	wns/als/wn-data-als.tab	imported_unreviewed			pos_from_wordnet
opinioni_popullor_N	N	opinioni popullor			Albanet/OMW	wns/als/wn-data-als.tab	imported_unreviewed			multiword,pos_from_wordnet
opinioni_publik_N	N	opinioni publik			Albanet/OMW	wns/als/wn-data-als.tab	imported_unreviewed			multiword,pos_from_wordnet
opium_N	N	opium			Albanet/OMW	wns/als/wn-data-als.tab	imported_unreviewed			pos_from_wordnet
oponence_N	N	oponencë			Albanet/OMW	wns/als/wn-data-als.tab	imported_unreviewed			pos_from_wordnet
oponent_N	N	oponent			Albanet/OMW	wns/als/wn-data-als.tab	imported_unreviewed			pos_from_wordnet
opozicion_N	N	opozicion			Albanet/OMW	wns/als/wn-data-als.tab	imported_unreviewed			pos_from_wordnet
opozite_N	N	opozite			Albanet/OMW	wns/als/wn-data-als.tab	imported_unreviewed			pos_from_wordnet
ora_N	N	ora			Albanet/OMW	wns/als/wn-data-als.tab	imported_unreviewed			pos_from_wordnet
orendi_N	N	orendi			Albanet/OMW	wns/als/wn-data-als.tab	imported_unreviewed			pos_from_wordnet
orendi_te_fiksuara_N	N	orendi të fiksuara			Albanet/OMW	wns/als/wn-data-als.tab	imported_unreviewed			multiword,pos_from_wordnet
organ_N	N	organ			Albanet/OMW	wns/als/wn-data-als.tab	imported_unreviewed			pos_from_wordnet
organ_bimor_N	N	organ bimor			Albanet/OMW	wns/als/wn-data-als.tab	imported_unreviewed			multiword,pos_from_wordnet
organ_i_tkurrur_N	N	organ i tkurrur			Albanet/OMW	wns/als/wn-data-als.tab	imported_unreviewed			multiword,pos_from_wordnet
organ_jetesor_N	N	organ jetësor			Albanet/OMW	wns/als/wn-data-als.tab	imported_unreviewed			multiword,pos_from_wordnet
organ_kryesor_N	N	organ kryesor			Albanet/OMW	wns/als/wn-data-als.tab	imported_unreviewed			multiword,pos_from_wordnet
organ_me_sekrecion_te_brendshem_N	N	organ me sekrecion të brendshëm			Albanet/OMW	wns/als/wn-data-als.tab	imported_unreviewed			multiword,pos_from_wordnet
organ_riprodhues_N	N	organ riprodhues			Albanet/OMW	wns/als/wn-data-als.tab	imported_unreviewed			multiword,pos_from_wordnet
organ_seksual_N	N	organ seksual			Albanet/OMW	wns/als/wn-data-als.tab	imported_unreviewed			multiword,pos_from_wordnet
organet_e_brendshme_N	N	organet e brendshme			Albanet/OMW	wns/als/wn-data-als.tab	imported_unreviewed			multiword,pos_from_wordnet
organizate_N	N	organizatë			Albanet/OMW	wns/als/wn-data-als.tab	imported_unreviewed			pos_from_wordnet
organizate_biznesi_N	N	organizatë biznesi			Albanet/OMW	wns/als/wn-data-als.tab	imported_unreviewed			multiword,pos_from_wordnet
organizate_financiare_N	N	organizatë financiare			Albanet/OMW	wns/als/wn-data-als.tab	imported_unreviewed			multiword,pos_from_wordnet
organizate_muzikore_N	N	organizatë muzikore			Albanet/OMW	wns/als/wn-data-als.tab	imported_unreviewed			multiword,pos_from_wordnet
organizim_N	N	organizim			Albanet/OMW	wns/als/wn-data-als.tab	imported_unreviewed			pos_from_wordnet
organizim_biznesi_N	N	organizim biznesi			Albanet/OMW	wns/als/wn-data-als.tab	imported_unreviewed			multiword,pos_from_wordnet
organizim_muzikor_N	N	organizim muzikor			Albanet/OMW	wns/als/wn-data-als.tab	imported_unreviewed			multiword,pos_from_wordnet
organizem_N	N	organizëm			Albanet/OMW	wns/als/wn-data-als.tab	imported_unreviewed			pos_from_wordnet
organizem_strehues_N	N	organizëm strehues			Albanet/OMW	wns/als/wn-data-als.tab	imported_unreviewed			multiword,pos_from_wordnet
orientim_N	N	orientim			Albanet/OMW	wns/als/wn-data-als.tab	imported_unreviewed			pos_from_wordnet
origin_N	N	origin			Albanet/OMW	wns/als/wn-data-als.tab	imported_unreviewed			pos_from_wordnet
origjina_N	N	origjina			Albanet/OMW	wns/als/wn-data-als.tab	imported_unreviewed			pos_from_wordnet
origjine_N	N	origjinë			Albanet/OMW	wns/als/wn-data-als.tab	imported_unreviewed			pos_from_wordnet
orkester_N	N	orkester			Albanet/OMW	wns/als/wn-data-als.tab	imported_unreviewed			pos_from_wordnet
orkester_kercimi_N	N	orkester kërcimi			Albanet/OMW	wns/als/wn-data-als.tab	imported_unreviewed			multiword,pos_from_wordnet
orkester_N__2	N	orkestër			Albanet/OMW	wns/als/wn-data-als.tab	imported_unreviewed			pos_from_wordnet
ortodoks_N	N	ortodoks			Albanet/OMW	wns/als/wn-data-als.tab	imported_unreviewed			pos_from_wordnet
orvajtje_N	N	orvajtje			Albanet/OMW	wns/als/wn-data-als.tab	imported_unreviewed			pos_from_wordnet
orvatem_N	N	orvatem			Albanet/OMW	wns/als/wn-data-als.tab	imported_unreviewed			pos_from_wordnet
ore_N	N	orë			Albanet/OMW	wns/als/wn-data-als.tab	imported_unreviewed			pos_from_wordnet
ore_e_veres_N	N	orë e verës			Albanet/OMW	wns/als/wn-data-als.tab	imported_unreviewed			multiword,pos_from_wordnet
ore_mesimore_N	N	orë mësimore			Albanet/OMW	wns/als/wn-data-als.tab	imported_unreviewed			multiword,pos_from_wordnet
oval_N	N	oval			Albanet/OMW	wns/als/wn-data-als.tab	imported_unreviewed			pos_from_wordnet
p_N	N	P		14649197-n	Albanet/OMW	wns/als/wn-data-als.tab	imported_unreviewed			case_marked,pos_from_wordnet
paaftesi_paguese_N	N	paaftësi paguese			Albanet/OMW	wns/als/wn-data-als.tab	imported_unreviewed			multiword,pos_from_wordnet
paanesi_N	N	paanesi			Albanet/OMW	wns/als/wn-data-als.tab	imported_unreviewed			pos_from_wordnet
pabesi_N	N	pabesi			Albanet/OMW	wns/als/wn-data-als.tab	imported_unreviewed			pos_from_wordnet
padallueshmeri_N	N	padallueshmëri			Albanet/OMW	wns/als/wn-data-als.tab	imported_unreviewed			pos_from_wordnet
padepertueshmeri_N	N	padepërtueshmëri			Albanet/OMW	wns/als/wn-data-als.tab	imported_unreviewed			pos_from_wordnet
pafuqi_N	N	pafuqi			Albanet/OMW	wns/als/wn-data-als.tab	imported_unreviewed			pos_from_wordnet
pafuqishem_N	N	pafuqishëm			Albanet/OMW	wns/als/wn-data-als.tab	imported_unreviewed			pos_from_wordnet
pagese_N	N	pagesë			Albanet/OMW	wns/als/wn-data-als.tab	imported_unreviewed			pos_from_wordnet
page_N	N	pagë			Albanet/OMW	wns/als/wn-data-als.tab	imported_unreviewed			pos_from_wordnet
pagezim_N	N	pagëzim			Albanet/OMW	wns/als/wn-data-als.tab	imported_unreviewed			pos_from_wordnet
pajis_N	N	pajis			Albanet/OMW	wns/als/wn-data-als.tab	imported_unreviewed			pos_from_wordnet
pajisje_N	N	pajisje			Albanet/OMW	wns/als/wn-data-als.tab	imported_unreviewed			pos_from_wordnet
pajisje_e_njehsueshme_N	N	pajisje e njehsueshme			Albanet/OMW	wns/als/wn-data-als.tab	imported_unreviewed			multiword,pos_from_wordnet
pajisje_elektrike_N	N	pajisje elektrike			Albanet/OMW	wns/als/wn-data-als.tab	imported_unreviewed			multiword,pos_from_wordnet
pajisje_elektronike_N	N	pajisje elektronike			Albanet/OMW	wns/als/wn-data-als.tab	imported_unreviewed			multiword,pos_from_wordnet
pajisje_mekanike_N	N	pajisje mekanike			Albanet/OMW	wns/als/wn-data-als.tab	imported_unreviewed			multiword,pos_from_wordnet
pajisje_memorie_kujtese_N	N	pajisje memorie ,kujtese			Albanet/OMW	wns/als/wn-data-als.tab	imported_unreviewed			multiword,pos_from_wordnet,punctuation
pajisje_ngrohese_N	N	pajisje ngrohëse			Albanet/OMW	wns/als/wn-data-als.tab	imported_unreviewed			multiword,pos_from_wordnet
pajisje_sigurimi_N	N	pajisje sigurimi			Albanet/OMW	wns/als/wn-data-als.tab	imported_unreviewed			multiword,pos_from_wordnet
pajtim_N	N	pajtim			Albanet/OMW	wns/als/wn-data-als.tab	imported_unreviewed			pos_from_wordnet
pajton_N	N	pajton			Albanet/OMW	wns/als/wn-data-als.tab	imported_unreviewed			pos_from_wordnet
pajtues_N	N	pajtues			Albanet/OMW	wns/als/wn-data-als.tab	imported_unreviewed			pos_from_wordnet
paketoj_N	N	paketoj			Albanet/OMW	wns/als/wn-data-als.tab	imported_unreviewed			pos_from_wordnet
pakete_N	N	paketë			Albanet/OMW	wns/als/wn-data-als.tab	imported_unreviewed			pos_from_wordnet
pakete_programesh_N	N	paketë programesh			Albanet/OMW	wns/als/wn-data-als.tab	imported_unreviewed			multiword,pos_from_wordnet
pako_N	N	pako			Albanet/OMW	wns/als/wn-data-als.tab	imported_unreviewed			pos_from_wordnet
pako_letrash_N	N	pako letrash			Albanet/OMW	wns/als/wn-data-als.tab	imported_unreviewed			multiword,pos_from_wordnet
pakujdesi_N	N	pakujdesi			Albanet/OMW	wns/als/wn-data-als.tab	imported_unreviewed			pos_from_wordnet
pakenaqesi_N	N	pakënaqësi			Albanet/OMW	wns/als/wn-data-als.tab	imported_unreviewed			pos_from_wordnet
pakesim_N	N	pakësim			Albanet/OMW	wns/als/wn-data-als.tab	imported_unreviewed			pos_from_wordnet
pakesim_mishi_N	N	pakësim mishi			Albanet/OMW	wns/als/wn-data-als.tab	imported_unreviewed			multiword,pos_from_wordnet
pala_N	N	pala			Albanet/OMW	wns/als/wn-data-als.tab	imported_unreviewed			pos_from_wordnet
pale_N	N	pale			Albanet/OMW	wns/als/wn-data-als.tab	imported_unreviewed			pos_from_wordnet
pallat_N	N	pallat			Albanet/OMW	wns/als/wn-data-als.tab	imported_unreviewed			pos_from_wordnet
pallto_N	N	pallto			Albanet/OMW | Baseline LexiconSqi	wns/als/wn-data-als.tab | coat_N	baseline_lexicon_exact	coat_N		lexicon_sqi_exact,pos_from_wordnet
pambuk_N	N	pambuk			Albanet/OMW	wns/als/wn-data-als.tab	imported_unreviewed			pos_from_wordnet
pamja_e_jashtme_N	N	pamja e jashtme			Albanet/OMW	wns/als/wn-data-als.tab	imported_unreviewed			multiword,pos_from_wordnet
pamja_fizike_N	N	pamja fizike			Albanet/OMW	wns/als/wn-data-als.tab	imported_unreviewed			multiword,pos_from_wordnet
pamjaftueshmeri_N	N	pamjaftueshmëri			Albanet/OMW	wns/als/wn-data-als.tab	imported_unreviewed			pos_from_wordnet
pamje_N	N	pamje			Albanet/OMW	wns/als/wn-data-als.tab	imported_unreviewed			pos_from_wordnet
pamje_e_jashtme_N	N	pamje e jashtme			Albanet/OMW	wns/als/wn-data-als.tab	imported_unreviewed			multiword,pos_from_wordnet
pamje_e_nje_pikture_kinemaje_N	N	pamje e një pikturë kinemaje			Albanet/OMW	wns/als/wn-data-als.tab	imported_unreviewed			multiword,pos_from_wordnet
pamor_N	N	pamor			Albanet/OMW	wns/als/wn-data-als.tab	imported_unreviewed			pos_from_wordnet
pamundesi_N	N	pamundësi			Albanet/OMW	wns/als/wn-data-als.tab	imported_unreviewed			pos_from_wordnet
pandershmeri_N	N	pandershmëri			Albanet/OMW	wns/als/wn-data-als.tab	imported_unreviewed			pos_from_wordnet
panik_N	N	panik			Albanet/OMW	wns/als/wn-data-als.tab	imported_unreviewed			pos_from_wordnet
panjerezi_N	N	panjerëzi			Albanet/OMW	wns/als/wn-data-als.tab	imported_unreviewed			pos_from_wordnet
pantallona_N	N	pantallona			Albanet/OMW	wns/als/wn-data-als.tab	imported_unreviewed			pos_from_wordnet
papafingo_N	N	papafingo			Albanet/OMW	wns/als/wn-data-als.tab	imported_unreviewed			pos_from_wordnet
papajtueshmeri_N	N	papajtueshmëri			Albanet/OMW	wns/als/wn-data-als.tab	imported_unreviewed			pos_from_wordnet
papjekuri_N	N	papjekuri			Albanet/OMW	wns/als/wn-data-als.tab	imported_unreviewed			pos_from_wordnet
paprekshmeri_N	N	paprekshmëri			Albanet/OMW	wns/als/wn-data-als.tab	imported_unreviewed			pos_from_wordnet
papersosuri_N	N	papërsosuri			Albanet/OMW	wns/als/wn-data-als.tab	imported_unreviewed			pos_from_wordnet
paqartesi_N	N	paqartësi			Albanet/OMW	wns/als/wn-data-als.tab	imported_unreviewed			pos_from_wordnet
paqe_N	N	paqe			Albanet/OMW | Baseline LexiconSqi	wns/als/wn-data-als.tab | peace_N	baseline_lexicon_exact	peace_N		lexicon_sqi_exact,pos_from_wordnet
para_N	N	para			Albanet/OMW	wns/als/wn-data-als.tab	imported_unreviewed			pos_from_wordnet
para_te_thata_N	N	para të thata			Albanet/OMW	wns/als/wn-data-als.tab	imported_unreviewed			multiword,pos_from_wordnet
para_te_thata_ne_dore_N	N	para të thata në dorë			Albanet/OMW	wns/als/wn-data-als.tab	imported_unreviewed			multiword,pos_from_wordnet
paraardhes_N	N	paraardhës			Albanet/OMW	wns/als/wn-data-als.tab	imported_unreviewed			pos_from_wordnet
parabole_N	N	parabolë			Albanet/OMW	wns/als/wn-data-als.tab	imported_unreviewed			pos_from_wordnet
paracaktim_N	N	paracaktim			Albanet/OMW	wns/als/wn-data-als.tab	imported_unreviewed			pos_from_wordnet
paracetamol_N	N	paracetamol			Albanet/OMW	wns/als/wn-data-als.tab	imported_unreviewed			pos_from_wordnet
paradhenie_N	N	paradhënie			Albanet/OMW	wns/als/wn-data-als.tab	imported_unreviewed			pos_from_wordnet
parade_N	N	paradë			Albanet/OMW	wns/als/wn-data-als.tab	imported_unreviewed			pos_from_wordnet
parafango_N	N	parafango			Albanet/OMW	wns/als/wn-data-als.tab	imported_unreviewed			pos_from_wordnet
parajse_N	N	parajse			Albanet/OMW	wns/als/wn-data-als.tab	imported_unreviewed			pos_from_wordnet
parakaloj_N	N	parakaloj			Albanet/OMW	wns/als/wn-data-als.tab	imported_unreviewed			pos_from_wordnet
paraqitje_N	N	paraqitje			Albanet/OMW	wns/als/wn-data-als.tab	imported_unreviewed			pos_from_wordnet
paraqitje_fizike_N	N	paraqitje fizike			Albanet/OMW	wns/als/wn-data-als.tab	imported_unreviewed			multiword,pos_from_wordnet
paraqitje_mendore_N	N	paraqitje mendore			Albanet/OMW	wns/als/wn-data-als.tab	imported_unreviewed			multiword,pos_from_wordnet
paraqitje_piktoreske_N	N	paraqitje piktoreske			Albanet/OMW	wns/als/wn-data-als.tab	imported_unreviewed			multiword,pos_from_wordnet
parashikim_N	N	parashikim			Albanet/OMW	wns/als/wn-data-als.tab	imported_unreviewed			pos_from_wordnet
parashutizem_N	N	parashutizëm			Albanet/OMW	wns/als/wn-data-als.tab	imported_unreviewed			pos_from_wordnet
paratrine_N	N	paratrinë			Albanet/OMW	wns/als/wn-data-als.tab	imported_unreviewed			pos_from_wordnet
parazit_N	N	parazit			Albanet/OMW	wns/als/wn-data-als.tab	imported_unreviewed			pos_from_wordnet
parcel_N	N	parcel			Albanet/OMW	wns/als/wn-data-als.tab	imported_unreviewed			pos_from_wordnet
park_N	N	park			Albanet/OMW	wns/als/wn-data-als.tab	imported_unreviewed			pos_from_wordnet
park_grumbullimi_N	N	park grumbullimi			Albanet/OMW	wns/als/wn-data-als.tab	imported_unreviewed			multiword,pos_from_wordnet
park_grumbullimi_per_qente_N	N	park grumbullimi për qentë			Albanet/OMW	wns/als/wn-data-als.tab	imported_unreviewed			multiword,pos_from_wordnet
parkim_N	N	parkim			Albanet/OMW	wns/als/wn-data-als.tab	imported_unreviewed			pos_from_wordnet
parlament_N	N	parlament			Albanet/OMW	wns/als/wn-data-als.tab	imported_unreviewed			pos_from_wordnet
parodi_N	N	parodi			Albanet/OMW	wns/als/wn-data-als.tab	imported_unreviewed			pos_from_wordnet
parrezikshmeri_N	N	parrezikshmëri			Albanet/OMW	wns/als/wn-data-als.tab	imported_unreviewed			pos_from_wordnet
parti_N	N	parti			Albanet/OMW	wns/als/wn-data-als.tab	imported_unreviewed			pos_from_wordnet
partner_N	N	partner			Albanet/OMW	wns/als/wn-data-als.tab	imported_unreviewed			pos_from_wordnet
partneritet_N	N	partneritet			Albanet/OMW	wns/als/wn-data-als.tab	imported_unreviewed			pos_from_wordnet
pas_N	N	pas			Albanet/OMW	wns/als/wn-data-als.tab	imported_unreviewed			pos_from_wordnet
pasanik_N	N	pasanik			Albanet/OMW	wns/als/wn-data-als.tab	imported_unreviewed			pos_from_wordnet
pasardhes_N	N	pasardhës			Albanet/OMW	wns/als/wn-data-als.tab	imported_unreviewed			pos_from_wordnet
pasardhes_djale_N	N	pasardhës djalë			Albanet/OMW	wns/als/wn-data-als.tab	imported_unreviewed			multiword,pos_from_wordnet
pasdite_N	N	pasdite			Albanet/OMW	wns/als/wn-data-als.tab	imported_unreviewed			pos_from_wordnet
pasiguri_N	N	pasiguri			Albanet/OMW	wns/als/wn-data-als.tab	imported_unreviewed			pos_from_wordnet
pasim_N	N	pasim			Albanet/OMW	wns/als/wn-data-als.tab	imported_unreviewed			pos_from_wordnet
pasion_N	N	pasion			Albanet/OMW	wns/als/wn-data-als.tab	imported_unreviewed			pos_from_wordnet
pasivitet_N	N	pasivitet			Albanet/OMW	wns/als/wn-data-als.tab	imported_unreviewed			pos_from_wordnet
pasngrenie_N	N	pasngrenie			Albanet/OMW	wns/als/wn-data-als.tab	imported_unreviewed			pos_from_wordnet
pasoje_N	N	pasoje			Albanet/OMW	wns/als/wn-data-als.tab	imported_unreviewed			pos_from_wordnet
pasoje_N__2	N	pasojë			Albanet/OMW	wns/als/wn-data-als.tab	imported_unreviewed			pos_from_wordnet
pasqyrim_N	N	pasqyrim			Albanet/OMW	wns/als/wn-data-als.tab	imported_unreviewed			pos_from_wordnet
pasqyre_N	N	pasqyrë			Albanet/OMW	wns/als/wn-data-als.tab	imported_unreviewed			pos_from_wordnet
pastrim_N	N	pastrim			Albanet/OMW	wns/als/wn-data-als.tab	imported_unreviewed			pos_from_wordnet
pastrues_N	N	pastrues			Albanet/OMW	wns/als/wn-data-als.tab	imported_unreviewed			pos_from_wordnet
paste_N	N	pastë			Albanet/OMW	wns/als/wn-data-als.tab	imported_unreviewed			pos_from_wordnet
pasterti_N	N	pastërti			Albanet/OMW	wns/als/wn-data-als.tab	imported_unreviewed			pos_from_wordnet
pasues_N	N	pasues			Albanet/OMW	wns/als/wn-data-als.tab	imported_unreviewed			pos_from_wordnet
pasuri_N	N	pasuri			Albanet/OMW	wns/als/wn-data-als.tab	imported_unreviewed			pos_from_wordnet
pasuri_e_transferueshme_N	N	pasuri e transferueshme			Albanet/OMW	wns/als/wn-data-als.tab	imported_unreviewed			multiword,pos_from_wordnet
pasuri_te_patundshme_N	N	pasuri të patundshme			Albanet/OMW	wns/als/wn-data-als.tab	imported_unreviewed			multiword,pos_from_wordnet
patronazh_N	N	patronazh			Albanet/OMW	wns/als/wn-data-als.tab	imported_unreviewed			pos_from_wordnet
patronazhe_N	N	patronazhe			Albanet/OMW	wns/als/wn-data-als.tab	imported_unreviewed			pos_from_wordnet
patrulla_mbrojtese_N	N	patrulla mbrojtëse			Albanet/OMW	wns/als/wn-data-als.tab	imported_unreviewed			multiword,pos_from_wordnet
pauza_N	N	pauza			Albanet/OMW	wns/als/wn-data-als.tab	imported_unreviewed			pos_from_wordnet
pavaresi_N	N	pavarësi			Albanet/OMW	wns/als/wn-data-als.tab	imported_unreviewed			pos_from_wordnet
pavlefshem_N	N	pavlefshëm			Albanet/OMW	wns/als/wn-data-als.tab	imported_unreviewed			pos_from_wordnet
pazar_N	N	pazar			Albanet/OMW	wns/als/wn-data-als.tab	imported_unreviewed			pos_from_wordnet
pazotesi_N	N	pazotësi			Albanet/OMW	wns/als/wn-data-als.tab	imported_unreviewed			pos_from_wordnet
pb_N	N	Pb		14643467-n	Albanet/OMW	wns/als/wn-data-als.tab	imported_unreviewed			case_marked,pos_from_wordnet
pe_N	N	pe			Albanet/OMW	wns/als/wn-data-als.tab	imported_unreviewed			pos_from_wordnet
pedagog_N	N	pedagog			Albanet/OMW	wns/als/wn-data-als.tab	imported_unreviewed			pos_from_wordnet
pellg_N	N	pellg			Albanet/OMW	wns/als/wn-data-als.tab	imported_unreviewed			pos_from_wordnet
pellgace_N	N	pellgaçe			Albanet/OMW	wns/als/wn-data-als.tab	imported_unreviewed			pos_from_wordnet
pelush_N	N	pelush			Albanet/OMW	wns/als/wn-data-als.tab	imported_unreviewed			pos_from_wordnet
peme_familjare_N	N	peme familjare			Albanet/OMW	wns/als/wn-data-als.tab	imported_unreviewed			multiword,pos_from_wordnet
peme_N	N	pemë			Albanet/OMW | Baseline LexiconSqi	wns/als/wn-data-als.tab | tree_N	baseline_lexicon_exact	tree_N		lexicon_sqi_exact,pos_from_wordnet
pendant_N	N	pendant			Albanet/OMW	wns/als/wn-data-als.tab	imported_unreviewed			pos_from_wordnet
pendim_N	N	pendim			Albanet/OMW	wns/als/wn-data-als.tab	imported_unreviewed			pos_from_wordnet
pende_N	N	pendë			Baseline LexiconSqi	feather_N	baseline_lexicon_exact	feather_N		lexicon_sqi_exact
pengese_N	N	pengese			Albanet/OMW	wns/als/wn-data-als.tab	imported_unreviewed			pos_from_wordnet
pengese_N__2	N	pengesë			Albanet/OMW	wns/als/wn-data-als.tab	imported_unreviewed			pos_from_wordnet
pengim_N	N	pengim			Albanet/OMW	wns/als/wn-data-als.tab	imported_unreviewed			pos_from_wordnet
pengues_N	N	pengues			Albanet/OMW	wns/als/wn-data-als.tab	imported_unreviewed			pos_from_wordnet
perbri_N	N	perbri			Albanet/OMW	wns/als/wn-data-als.tab	imported_unreviewed			pos_from_wordnet
perceptim_N	N	perceptim			Albanet/OMW	wns/als/wn-data-als.tab	imported_unreviewed			pos_from_wordnet
perceptim_gustoje_N	N	perceptim gustoje			Albanet/OMW	wns/als/wn-data-als.tab	imported_unreviewed			multiword,pos_from_wordnet
perceptim_shijesh_N	N	perceptim shijesh			Albanet/OMW	wns/als/wn-data-als.tab	imported_unreviewed			multiword,pos_from_wordnet
perde_N	N	perde			Albanet/OMW	wns/als/wn-data-als.tab	imported_unreviewed			pos_from_wordnet
perfeksion_N	N	perfeksion			Albanet/OMW	wns/als/wn-data-als.tab	imported_unreviewed			pos_from_wordnet
performance_N	N	performance			Albanet/OMW	wns/als/wn-data-als.tab	imported_unreviewed			pos_from_wordnet
performance_N__2	N	performancë			Albanet/OMW	wns/als/wn-data-als.tab	imported_unreviewed			pos_from_wordnet
perfundim_N	N	perfundim			Albanet/OMW	wns/als/wn-data-als.tab	imported_unreviewed			pos_from_wordnet
pergjegjes_N	N	pergjegjes			Albanet/OMW	wns/als/wn-data-als.tab	imported_unreviewed			pos_from_wordnet
pergjigje_N	N	pergjigje			Albanet/OMW	wns/als/wn-data-als.tab	imported_unreviewed			pos_from_wordnet
pergjigje_me_shkrim_N	N	pergjigje me shkrim			Albanet/OMW	wns/als/wn-data-als.tab	imported_unreviewed			multiword,pos_from_wordnet
perime_N	N	perime			Albanet/OMW	wns/als/wn-data-als.tab	imported_unreviewed			pos_from_wordnet
perime_me_gjethe_N	N	perime me gjethe			Albanet/OMW	wns/als/wn-data-als.tab	imported_unreviewed			multiword,pos_from_wordnet
period_N	N	period			Albanet/OMW	wns/als/wn-data-als.tab	imported_unreviewed			pos_from_wordnet
periodike_N	N	periodike			Albanet/OMW	wns/als/wn-data-als.tab	imported_unreviewed			pos_from_wordnet
periudhe_N	N	periudhë			Albanet/OMW	wns/als/wn-data-als.tab	imported_unreviewed			pos_from_wordnet
periudhe_kohore_e_vitit_N	N	periudhë kohore e vitit			Albanet/OMW	wns/als/wn-data-als.tab	imported_unreviewed			multiword,pos_from_wordnet
periudhe_sherbimi_ne_ushtri_N	N	periudhë shërbimi në ushtri			Albanet/OMW	wns/als/wn-data-als.tab	imported_unreviewed			multiword,pos_from_wordnet
perkrahes_N	N	perkrahes			Albanet/OMW	wns/als/wn-data-als.tab	imported_unreviewed			pos_from_wordnet
perkrahje_N	N	perkrahje			Albanet/OMW	wns/als/wn-data-als.tab	imported_unreviewed			pos_from_wordnet
persekutim_N	N	persekutim			Albanet/OMW	wns/als/wn-data-als.tab	imported_unreviewed			pos_from_wordnet
person_N	N	person			Albanet/OMW | Baseline LexiconSqi	wns/als/wn-data-als.tab | person_N	baseline_lexicon_exact	person_N		lexicon_sqi_exact,pos_from_wordnet
person_femeror_N	N	person femëror			Albanet/OMW	wns/als/wn-data-als.tab	imported_unreviewed			multiword,pos_from_wordnet
person_i_pafat_N	N	person i pafat			Albanet/OMW	wns/als/wn-data-als.tab	imported_unreviewed			multiword,pos_from_wordnet
person_i_ri_N	N	person i ri			Albanet/OMW	wns/als/wn-data-als.tab	imported_unreviewed			multiword,pos_from_wordnet
person_jo_i_zakonshem_N	N	person jo i zakonshëm			Albanet/OMW	wns/als/wn-data-als.tab	imported_unreviewed			multiword,pos_from_wordnet
person_kompetent_civil_N	N	person kompetent civil			Albanet/OMW	wns/als/wn-data-als.tab	imported_unreviewed			multiword,pos_from_wordnet
person_kreativ_N	N	person kreativ			Albanet/OMW	wns/als/wn-data-als.tab	imported_unreviewed			multiword,pos_from_wordnet
person_mashkull_N	N	person mashkull			Albanet/OMW	wns/als/wn-data-als.tab	imported_unreviewed			multiword,pos_from_wordnet
person_me_influence_N	N	person me influencë			Albanet/OMW	wns/als/wn-data-als.tab	imported_unreviewed			multiword,pos_from_wordnet
person_pa_pervoje_N	N	person pa përvojë			Albanet/OMW	wns/als/wn-data-als.tab	imported_unreviewed			multiword,pos_from_wordnet
personalitet_N	N	personalitet			Albanet/OMW	wns/als/wn-data-als.tab	imported_unreviewed			pos_from_wordnet
personazh_N	N	personazh			Albanet/OMW	wns/als/wn-data-als.tab	imported_unreviewed			pos_from_wordnet
personazhe_N	N	personazhe			Albanet/OMW	wns/als/wn-data-als.tab	imported_unreviewed			pos_from_wordnet
personel_N	N	personel			Albanet/OMW	wns/als/wn-data-als.tab	imported_unreviewed			pos_from_wordnet
personel_ushtarak_N	N	personel ushtarak			Albanet/OMW	wns/als/wn-data-als.tab	imported_unreviewed			multiword,pos_from_wordnet
personifikim_N	N	personifikim			Albanet/OMW	wns/als/wn-data-als.tab	imported_unreviewed			pos_from_wordnet
personizim_N	N	personizim			Albanet/OMW	wns/als/wn-data-als.tab	imported_unreviewed			pos_from_wordnet
perzjerje_N	N	perzjerje			Albanet/OMW	wns/als/wn-data-als.tab	imported_unreviewed			pos_from_wordnet
perendi_N	N	perëndi			Albanet/OMW	wns/als/wn-data-als.tab	imported_unreviewed			pos_from_wordnet
peshk_N	N	peshk			Albanet/OMW | Baseline LexiconSqi	wns/als/wn-data-als.tab | fish_N	baseline_lexicon_exact	fish_N		lexicon_sqi_exact,pos_from_wordnet
peshku_shtize_N	N	peshku shtizë			Albanet/OMW	wns/als/wn-data-als.tab	imported_unreviewed			multiword,pos_from_wordnet
peshe_N	N	peshë			Albanet/OMW	wns/als/wn-data-als.tab	imported_unreviewed			pos_from_wordnet
peticion_N	N	peticion			Albanet/OMW	wns/als/wn-data-als.tab	imported_unreviewed			pos_from_wordnet
pezmatim_N	N	pezmatim			Albanet/OMW	wns/als/wn-data-als.tab	imported_unreviewed			pos_from_wordnet
pezullim_N	N	pezullim			Albanet/OMW	wns/als/wn-data-als.tab	imported_unreviewed			pos_from_wordnet
pezullim_nga_puna_N	N	pezullim nga puna			Albanet/OMW	wns/als/wn-data-als.tab	imported_unreviewed			multiword,pos_from_wordnet
phylum_N	N	phylum			Albanet/OMW	wns/als/wn-data-als.tab	imported_unreviewed			pos_from_wordnet
piano_N	N	piano			Albanet/OMW	wns/als/wn-data-als.tab	imported_unreviewed			pos_from_wordnet
pianoforte_N	N	pianoforte			Albanet/OMW	wns/als/wn-data-als.tab	imported_unreviewed			pos_from_wordnet
piedestal_N	N	piedestal			Albanet/OMW	wns/als/wn-data-als.tab	imported_unreviewed			pos_from_wordnet
pigment_N	N	pigment			Albanet/OMW	wns/als/wn-data-als.tab	imported_unreviewed			pos_from_wordnet
pije_N	N	pije			Albanet/OMW	wns/als/wn-data-als.tab	imported_unreviewed			pos_from_wordnet
pije_alkoolike_N	N	pije alkoolike			Albanet/OMW	wns/als/wn-data-als.tab	imported_unreviewed			multiword,pos_from_wordnet
pije_dehese_N	N	pije dehëse			Albanet/OMW	wns/als/wn-data-als.tab	imported_unreviewed			multiword,pos_from_wordnet
pije_e_forte_N	N	pije e forte			Albanet/OMW	wns/als/wn-data-als.tab	imported_unreviewed			multiword,pos_from_wordnet
pije_e_rende_N	N	pije e rende			Albanet/OMW	wns/als/wn-data-als.tab	imported_unreviewed			multiword,pos_from_wordnet
pijetore_N	N	pijetore			Albanet/OMW	wns/als/wn-data-als.tab	imported_unreviewed			pos_from_wordnet
pika_vatrore_N	N	pika vatrore			Albanet/OMW	wns/als/wn-data-als.tab	imported_unreviewed			multiword,pos_from_wordnet
pike_N	N	pike			Albanet/OMW	wns/als/wn-data-als.tab	imported_unreviewed			pos_from_wordnet
pike_e_mesit_N	N	pike e mesit			Albanet/OMW	wns/als/wn-data-als.tab	imported_unreviewed			multiword,pos_from_wordnet
pike_gjeografike_N	N	pike gjeografike			Albanet/OMW	wns/als/wn-data-als.tab	imported_unreviewed			multiword,pos_from_wordnet
pike_kufi_N	N	pike kufi			Albanet/OMW	wns/als/wn-data-als.tab	imported_unreviewed			multiword,pos_from_wordnet
pike_kufitare_kryesore_N	N	pike kufitare kryesore			Albanet/OMW	wns/als/wn-data-als.tab	imported_unreviewed			multiword,pos_from_wordnet
pike_qiellore_N	N	pike qiellore			Albanet/OMW	wns/als/wn-data-als.tab	imported_unreviewed			multiword,pos_from_wordnet
pike_referimi_N	N	pike referimi			Albanet/OMW	wns/als/wn-data-als.tab	imported_unreviewed			multiword,pos_from_wordnet
pike_topografike_N	N	pike topografike			Albanet/OMW	wns/als/wn-data-als.tab	imported_unreviewed			multiword,pos_from_wordnet
pikture_N	N	pikturë			Albanet/OMW	wns/als/wn-data-als.tab	imported_unreviewed			pos_from_wordnet
pikture_kinemaje_N	N	pikturë kinemaje			Albanet/OMW	wns/als/wn-data-als.tab	imported_unreviewed			multiword,pos_from_wordnet
pikveshtrim_N	N	pikveshtrim			Albanet/OMW	wns/als/wn-data-als.tab	imported_unreviewed			pos_from_wordnet
pike_N__2	N	pikë			Albanet/OMW	wns/als/wn-data-als.tab	imported_unreviewed			pos_from_wordnet
pike_kohore_N	N	pikë kohore			Albanet/OMW	wns/als/wn-data-als.tab	imported_unreviewed			multiword,pos_from_wordnet
pike_ushtarake_repart_N	N	pikë ushtarake ,repart			Albanet/OMW	wns/als/wn-data-als.tab	imported_unreviewed			multiword,pos_from_wordnet,punctuation
pikellim_N	N	pikëllim			Albanet/OMW	wns/als/wn-data-als.tab	imported_unreviewed			pos_from_wordnet
pikenisje_N	N	pikënisje			Albanet/OMW	wns/als/wn-data-als.tab	imported_unreviewed			pos_from_wordnet
pikepamje_N	N	pikëpamje			Albanet/OMW	wns/als/wn-data-als.tab	imported_unreviewed			pos_from_wordnet
pileus_N	N	pileus			Albanet/OMW	wns/als/wn-data-als.tab	imported_unreviewed			pos_from_wordnet
pingule_N	N	pingule			Albanet/OMW	wns/als/wn-data-als.tab	imported_unreviewed			pos_from_wordnet
piper_N	N	piper			Albanet/OMW	wns/als/wn-data-als.tab	imported_unreviewed			pos_from_wordnet
piramida_N	N	piramida			Albanet/OMW	wns/als/wn-data-als.tab	imported_unreviewed			pos_from_wordnet
pirg_N	N	pirg			Albanet/OMW	wns/als/wn-data-als.tab	imported_unreviewed			pos_from_wordnet
pirg_dheu_N	N	pirg dheu			Albanet/OMW	wns/als/wn-data-als.tab	imported_unreviewed			multiword,pos_from_wordnet
piste_fluturimi_N	N	pistë fluturimi			Albanet/OMW	wns/als/wn-data-als.tab	imported_unreviewed			multiword,pos_from_wordnet
pixel_N	N	pixel			Albanet/OMW	wns/als/wn-data-als.tab	imported_unreviewed			pos_from_wordnet
pjate_N	N	pjatë			Albanet/OMW	wns/als/wn-data-als.tab	imported_unreviewed			pos_from_wordnet
pjatez_N	N	pjatëz			Albanet/OMW	wns/als/wn-data-als.tab	imported_unreviewed			pos_from_wordnet
pjellje_N	N	pjellje			Albanet/OMW	wns/als/wn-data-als.tab	imported_unreviewed			pos_from_wordnet
pjerresi_N	N	pjerrësi			Albanet/OMW	wns/als/wn-data-als.tab	imported_unreviewed			pos_from_wordnet
pjesa_e_barkut_N	N	pjesa e barkut			Albanet/OMW	wns/als/wn-data-als.tab	imported_unreviewed			multiword,pos_from_wordnet
pjese_N	N	pjese			Albanet/OMW	wns/als/wn-data-als.tab	imported_unreviewed			pos_from_wordnet
pjese_aksioni_N	N	pjese aksioni			Albanet/OMW	wns/als/wn-data-als.tab	imported_unreviewed			multiword,pos_from_wordnet
pjese_e_fjalimit_N	N	pjese e fjalimit			Albanet/OMW	wns/als/wn-data-als.tab	imported_unreviewed			multiword,pos_from_wordnet
pjese_e_jashtme_N	N	pjese e jashtme			Albanet/OMW	wns/als/wn-data-als.tab	imported_unreviewed			multiword,pos_from_wordnet
pjese_e_perparme_N	N	pjese e perparme			Albanet/OMW	wns/als/wn-data-als.tab	imported_unreviewed			multiword,pos_from_wordnet
pjese_krahine_N	N	pjese krahinë			Albanet/OMW	wns/als/wn-data-als.tab	imported_unreviewed			multiword,pos_from_wordnet
pjese_letre_N	N	pjese letre			Albanet/OMW	wns/als/wn-data-als.tab	imported_unreviewed			multiword,pos_from_wordnet
pjese_toke_N	N	pjese toke			Albanet/OMW	wns/als/wn-data-als.tab	imported_unreviewed			multiword,pos_from_wordnet
pjese_veprimi_N	N	pjese veprimi			Albanet/OMW	wns/als/wn-data-als.tab	imported_unreviewed			multiword,pos_from_wordnet
pjese_N__2	N	pjesë			Albanet/OMW	wns/als/wn-data-als.tab	imported_unreviewed			pos_from_wordnet
pjese_bashkuese_N	N	pjesë bashkuese			Albanet/OMW	wns/als/wn-data-als.tab	imported_unreviewed			multiword,pos_from_wordnet
pjese_bime_N	N	pjesë bime			Albanet/OMW	wns/als/wn-data-als.tab	imported_unreviewed			multiword,pos_from_wordnet
pjese_e_punes_N	N	pjesë e punës			Albanet/OMW	wns/als/wn-data-als.tab	imported_unreviewed			multiword,pos_from_wordnet
pjese_e_trupit_N	N	pjesë e trupit			Albanet/OMW	wns/als/wn-data-als.tab	imported_unreviewed			multiword,pos_from_wordnet
pjese_loje_N	N	pjesë loje			Albanet/OMW	wns/als/wn-data-als.tab	imported_unreviewed			multiword,pos_from_wordnet
pjese_perberese_N	N	pjesë përbërëse			Albanet/OMW	wns/als/wn-data-als.tab	imported_unreviewed			multiword,pos_from_wordnet
pjese_qendrore_N	N	pjesë qëndrore			Albanet/OMW	wns/als/wn-data-als.tab	imported_unreviewed			multiword,pos_from_wordnet
pjesemarrje_N	N	pjesëmarrje			Albanet/OMW	wns/als/wn-data-als.tab	imported_unreviewed			pos_from_wordnet
pjesemarrje_ne_dyluftim_N	N	pjesëmarrje ne dyluftim			Albanet/OMW	wns/als/wn-data-als.tab	imported_unreviewed			multiword,pos_from_wordnet
pjesemarrjes_N	N	pjesëmarrjes			Albanet/OMW	wns/als/wn-data-als.tab	imported_unreviewed			pos_from_wordnet
pjeset_e_jashtme_te_trupit_N	N	pjesët e jashtme të trupit			Albanet/OMW	wns/als/wn-data-als.tab	imported_unreviewed			multiword,pos_from_wordnet
pjeset_fizike_te_kompjuterit_N	N	pjesët fizike të kompjuterit			Albanet/OMW	wns/als/wn-data-als.tab	imported_unreviewed			multiword,pos_from_wordnet
pjesetar_N	N	pjesëtar			Albanet/OMW	wns/als/wn-data-als.tab	imported_unreviewed			pos_from_wordnet
pjesetar_fakulteti_N	N	pjesëtar fakulteti			Albanet/OMW	wns/als/wn-data-als.tab	imported_unreviewed			multiword,pos_from_wordnet
pjesetim_N	N	pjesëtim			Albanet/OMW	wns/als/wn-data-als.tab	imported_unreviewed			pos_from_wordnet
plage_N	N	plagë			Albanet/OMW	wns/als/wn-data-als.tab	imported_unreviewed			pos_from_wordnet
plak_N	N	plak			Albanet/OMW	wns/als/wn-data-als.tab	imported_unreviewed			pos_from_wordnet
plan_N	N	plan			Albanet/OMW	wns/als/wn-data-als.tab	imported_unreviewed			pos_from_wordnet
plane_N	N	plane			Albanet/OMW	wns/als/wn-data-als.tab	imported_unreviewed			pos_from_wordnet
planer_N	N	planer			Albanet/OMW	wns/als/wn-data-als.tab	imported_unreviewed			pos_from_wordnet
planet_N	N	planet			Albanet/OMW | Baseline LexiconSqi	wns/als/wn-data-als.tab | planet_N	baseline_lexicon_exact	planet_N		lexicon_sqi_exact,pos_from_wordnet
plani_i_aktit_N	N	plani i aktit			Albanet/OMW	wns/als/wn-data-als.tab	imported_unreviewed			multiword,pos_from_wordnet
planifikim_N	N	planifikim			Albanet/OMW	wns/als/wn-data-als.tab	imported_unreviewed			pos_from_wordnet
plantacion_N	N	plantacion			Albanet/OMW	wns/als/wn-data-als.tab	imported_unreviewed			pos_from_wordnet
plasaritje_N	N	plasaritje			Albanet/OMW	wns/als/wn-data-als.tab	imported_unreviewed			pos_from_wordnet
plasje_N	N	plasje			Albanet/OMW	wns/als/wn-data-als.tab	imported_unreviewed			pos_from_wordnet
plastike_N	N	plastikë			Baseline LexiconSqi	plastic_N	baseline_lexicon_exact	plastic_N		lexicon_sqi_exact
placente_N	N	plaçentë			Albanet/OMW	wns/als/wn-data-als.tab	imported_unreviewed			pos_from_wordnet
placka_N	N	plaçka			Albanet/OMW	wns/als/wn-data-als.tab	imported_unreviewed			pos_from_wordnet
placke_N	N	plaçkë			Albanet/OMW	wns/als/wn-data-als.tab	imported_unreviewed			pos_from_wordnet
pleqeri_N	N	pleqëri			Albanet/OMW	wns/als/wn-data-als.tab	imported_unreviewed			pos_from_wordnet
pllake_N	N	pllakë			Albanet/OMW	wns/als/wn-data-als.tab	imported_unreviewed			pos_from_wordnet
plotesim_N	N	plotësim			Albanet/OMW	wns/als/wn-data-als.tab	imported_unreviewed			pos_from_wordnet
plotesues_N	N	plotësues			Albanet/OMW	wns/als/wn-data-als.tab	imported_unreviewed			pos_from_wordnet
pluhur_N	N	pluhur			Albanet/OMW | Baseline LexiconSqi	wns/als/wn-data-als.tab | dust_N	baseline_lexicon_exact	dust_N		lexicon_sqi_exact,pos_from_wordnet
pluhurzim_N	N	pluhurzim			Albanet/OMW	wns/als/wn-data-als.tab	imported_unreviewed			pos_from_wordnet
pluhurzoj_N	N	pluhurzoj			Albanet/OMW	wns/als/wn-data-als.tab	imported_unreviewed			pos_from_wordnet
plumb_N	N	plumb			Albanet/OMW	wns/als/wn-data-als.tab	imported_unreviewed			pos_from_wordnet
plumbe_N	N	plumbë			Albanet/OMW	wns/als/wn-data-als.tab	imported_unreviewed			pos_from_wordnet
plutonium_N	N	plutonium			Albanet/OMW	wns/als/wn-data-als.tab	imported_unreviewed			pos_from_wordnet
poem_N	N	poem			Albanet/OMW	wns/als/wn-data-als.tab	imported_unreviewed			pos_from_wordnet
poet_N	N	poet			Albanet/OMW	wns/als/wn-data-als.tab	imported_unreviewed			pos_from_wordnet
poker_N	N	poker			Albanet/OMW	wns/als/wn-data-als.tab	imported_unreviewed			pos_from_wordnet
pol_verior_N	N	pol verior			Albanet/OMW	wns/als/wn-data-als.tab	imported_unreviewed			multiword,pos_from_wordnet
polarizim_N	N	polarizim			Albanet/OMW	wns/als/wn-data-als.tab	imported_unreviewed			pos_from_wordnet
polic_N	N	polic			Albanet/OMW | Baseline LexiconSqi	wns/als/wn-data-als.tab | policeman_N	baseline_lexicon_exact	policeman_N		lexicon_sqi_exact,pos_from_wordnet
polici_N	N	polici			Albanet/OMW	wns/als/wn-data-als.tab	imported_unreviewed			pos_from_wordnet
politikan_N	N	politikan			Albanet/OMW	wns/als/wn-data-als.tab	imported_unreviewed			pos_from_wordnet
politike_N	N	politike			Albanet/OMW	wns/als/wn-data-als.tab	imported_unreviewed			pos_from_wordnet
politike_N__2	N	politikë			Albanet/OMW	wns/als/wn-data-als.tab	imported_unreviewed			pos_from_wordnet
popullaritet_N	N	popullaritet			Albanet/OMW	wns/als/wn-data-als.tab	imported_unreviewed			pos_from_wordnet
popullate_N	N	popullate			Albanet/OMW	wns/als/wn-data-als.tab	imported_unreviewed			pos_from_wordnet
popullate_N__2	N	popullatë			Albanet/OMW	wns/als/wn-data-als.tab	imported_unreviewed			pos_from_wordnet
popullim_N	N	popullim			Albanet/OMW	wns/als/wn-data-als.tab	imported_unreviewed			pos_from_wordnet
popullor_N	N	popullor			Albanet/OMW	wns/als/wn-data-als.tab	imported_unreviewed			pos_from_wordnet
popullsi_N	N	popullsi			Albanet/OMW	wns/als/wn-data-als.tab	imported_unreviewed			pos_from_wordnet
porcion_N	N	porcion			Albanet/OMW	wns/als/wn-data-als.tab	imported_unreviewed			pos_from_wordnet
porosi_N	N	porosi			Albanet/OMW	wns/als/wn-data-als.tab	imported_unreviewed			pos_from_wordnet
port_N	N	port			Albanet/OMW | Baseline LexiconSqi	wns/als/wn-data-als.tab | harbour_N	baseline_lexicon_exact	harbour_N		lexicon_sqi_exact,pos_from_wordnet
port_detar_N	N	port detar			Albanet/OMW	wns/als/wn-data-als.tab	imported_unreviewed			multiword,pos_from_wordnet
portret_N	N	portret			Albanet/OMW	wns/als/wn-data-als.tab	imported_unreviewed			pos_from_wordnet
portretizim_N	N	portretizim			Albanet/OMW	wns/als/wn-data-als.tab	imported_unreviewed			pos_from_wordnet
porte_N	N	portë			Albanet/OMW	wns/als/wn-data-als.tab	imported_unreviewed			pos_from_wordnet
posedim_material_N	N	posedim material			Albanet/OMW	wns/als/wn-data-als.tab	imported_unreviewed			multiword,pos_from_wordnet
posedoj_N	N	posedoj			Albanet/OMW	wns/als/wn-data-als.tab	imported_unreviewed			pos_from_wordnet
posedues_N	N	posedues			Albanet/OMW	wns/als/wn-data-als.tab	imported_unreviewed			pos_from_wordnet
poshterim_N	N	poshtërim			Albanet/OMW	wns/als/wn-data-als.tab	imported_unreviewed			pos_from_wordnet
poshtersi_N	N	poshtërsi			Albanet/OMW	wns/als/wn-data-als.tab	imported_unreviewed			pos_from_wordnet
posicion_N	N	posicion			Albanet/OMW	wns/als/wn-data-als.tab	imported_unreviewed			pos_from_wordnet
post_N	N	post			Albanet/OMW	wns/als/wn-data-als.tab	imported_unreviewed			pos_from_wordnet
post_roje_N	N	post roje			Albanet/OMW	wns/als/wn-data-als.tab	imported_unreviewed			multiword,pos_from_wordnet
poste_N	N	poste			Albanet/OMW	wns/als/wn-data-als.tab	imported_unreviewed			pos_from_wordnet
potencial_N	N	potencial			Albanet/OMW	wns/als/wn-data-als.tab	imported_unreviewed			pos_from_wordnet
potere_N	N	potere			Albanet/OMW	wns/als/wn-data-als.tab	imported_unreviewed			pos_from_wordnet
potpuri_N	N	potpuri			Albanet/OMW	wns/als/wn-data-als.tab	imported_unreviewed			pos_from_wordnet
pozicion_N	N	pozicion			Albanet/OMW	wns/als/wn-data-als.tab	imported_unreviewed			pos_from_wordnet
pozicion_kendi_N	N	pozicion këndi			Albanet/OMW	wns/als/wn-data-als.tab	imported_unreviewed			multiword,pos_from_wordnet
pozicionoj_N	N	pozicionoj			Albanet/OMW	wns/als/wn-data-als.tab	imported_unreviewed			pos_from_wordnet
pozite_N	N	pozitë			Albanet/OMW	wns/als/wn-data-als.tab	imported_unreviewed			pos_from_wordnet
praktikues_dentar_N	N	praktikues dentar			Albanet/OMW	wns/als/wn-data-als.tab	imported_unreviewed			multiword,pos_from_wordnet
praktike_N	N	praktikë			Albanet/OMW	wns/als/wn-data-als.tab	imported_unreviewed			pos_from_wordnet
prani_N	N	prani			Albanet/OMW	wns/als/wn-data-als.tab	imported_unreviewed			pos_from_wordnet
pranim_N	N	pranim			Albanet/OMW	wns/als/wn-data-als.tab	imported_unreviewed			pos_from_wordnet
pranvere_N	N	pranverë			Albanet/OMW	wns/als/wn-data-als.tab	imported_unreviewed			pos_from_wordnet
prapa_N	N	prapa			Albanet/OMW	wns/als/wn-data-als.tab	imported_unreviewed			pos_from_wordnet
prapanice_N	N	prapanicë			Albanet/OMW	wns/als/wn-data-als.tab	imported_unreviewed			pos_from_wordnet
prapesi_N	N	prapësi			Albanet/OMW	wns/als/wn-data-als.tab	imported_unreviewed			pos_from_wordnet
predhe_drejtuese_shkaterruese_N	N	predhë drejtuese shkatërruese			Albanet/OMW	wns/als/wn-data-als.tab	imported_unreviewed			multiword,pos_from_wordnet
preh_N	N	preh			Albanet/OMW	wns/als/wn-data-als.tab	imported_unreviewed			pos_from_wordnet
prehistori_N	N	prehistori			Albanet/OMW	wns/als/wn-data-als.tab	imported_unreviewed			pos_from_wordnet
prejardhes_N	N	prejardhes			Albanet/OMW	wns/als/wn-data-als.tab	imported_unreviewed			pos_from_wordnet
prejardhje_N	N	prejardhje			Albanet/OMW	wns/als/wn-data-als.tab	imported_unreviewed			pos_from_wordnet
prek_N	N	prek			Albanet/OMW	wns/als/wn-data-als.tab	imported_unreviewed			pos_from_wordnet
prekje_N	N	prekje			Albanet/OMW	wns/als/wn-data-als.tab	imported_unreviewed			pos_from_wordnet
premtim_N	N	premtim			Albanet/OMW	wns/als/wn-data-als.tab	imported_unreviewed			pos_from_wordnet
premtim_i_shenjte_N	N	premtim i shenjtë			Albanet/OMW	wns/als/wn-data-als.tab	imported_unreviewed			multiword,pos_from_wordnet
preokupim_N	N	preokupim			Albanet/OMW	wns/als/wn-data-als.tab	imported_unreviewed			pos_from_wordnet
preparat_N	N	preparat			Albanet/OMW	wns/als/wn-data-als.tab	imported_unreviewed			pos_from_wordnet
prerje_N	N	prerje			Albanet/OMW	wns/als/wn-data-als.tab	imported_unreviewed			pos_from_wordnet
prerje_monedhash_N	N	prerje monedhash			Albanet/OMW	wns/als/wn-data-als.tab	imported_unreviewed			multiword,pos_from_wordnet
president_N	N	president			Albanet/OMW	wns/als/wn-data-als.tab	imported_unreviewed			pos_from_wordnet
presion_moral_N	N	presion moral			Albanet/OMW	wns/als/wn-data-als.tab	imported_unreviewed			multiword,pos_from_wordnet
pretendent_N	N	pretendent			Albanet/OMW	wns/als/wn-data-als.tab	imported_unreviewed			pos_from_wordnet
prezantim_N	N	prezantim			Albanet/OMW	wns/als/wn-data-als.tab	imported_unreviewed			pos_from_wordnet
prezantim_publik_N	N	prezantim publik			Albanet/OMW	wns/als/wn-data-als.tab	imported_unreviewed			multiword,pos_from_wordnet
prift_N	N	prift			Baseline LexiconSqi	priest_N	baseline_lexicon_exact	priest_N		lexicon_sqi_exact
prifteri_N	N	priftëri			Albanet/OMW	wns/als/wn-data-als.tab	imported_unreviewed			pos_from_wordnet
prijes_N	N	prijës			Albanet/OMW	wns/als/wn-data-als.tab	imported_unreviewed			pos_from_wordnet
primat_N	N	primat			Albanet/OMW	wns/als/wn-data-als.tab	imported_unreviewed			pos_from_wordnet
principi_jetesor_N	N	principi jetësor			Albanet/OMW	wns/als/wn-data-als.tab	imported_unreviewed			multiword,pos_from_wordnet
principi_thelbesore_N	N	principi thelbësorë			Albanet/OMW	wns/als/wn-data-als.tab	imported_unreviewed			multiword,pos_from_wordnet
prind_N	N	prind			Albanet/OMW	wns/als/wn-data-als.tab	imported_unreviewed			pos_from_wordnet
prind_mashkull_N	N	prind mashkull			Albanet/OMW	wns/als/wn-data-als.tab	imported_unreviewed			multiword,pos_from_wordnet
prindi_femer_N	N	prindi femer			Albanet/OMW	wns/als/wn-data-als.tab	imported_unreviewed			multiword,pos_from_wordnet
prinder_N	N	prindër			Albanet/OMW	wns/als/wn-data-als.tab	imported_unreviewed			pos_from_wordnet
prirje_N	N	prirje			Albanet/OMW	wns/als/wn-data-als.tab	imported_unreviewed			pos_from_wordnet
prishje_N	N	prishje			Albanet/OMW	wns/als/wn-data-als.tab	imported_unreviewed			pos_from_wordnet
prishur_N	N	prishur			Albanet/OMW	wns/als/wn-data-als.tab	imported_unreviewed			pos_from_wordnet
pritje_N	N	pritje			Albanet/OMW	wns/als/wn-data-als.tab	imported_unreviewed			pos_from_wordnet
prite_N	N	pritë			Albanet/OMW	wns/als/wn-data-als.tab	imported_unreviewed			pos_from_wordnet
problem_shendetesor_N	N	problem shëndetësor			Albanet/OMW	wns/als/wn-data-als.tab	imported_unreviewed			multiword,pos_from_wordnet
procedure_N	N	procedure			Albanet/OMW	wns/als/wn-data-als.tab	imported_unreviewed			pos_from_wordnet
procedure_ligjore_N	N	procedure ligjore			Albanet/OMW	wns/als/wn-data-als.tab	imported_unreviewed			multiword,pos_from_wordnet
proces_N	N	proces			Albanet/OMW	wns/als/wn-data-als.tab	imported_unreviewed			pos_from_wordnet
proces_biologjik_N	N	proces biologjik			Albanet/OMW	wns/als/wn-data-als.tab	imported_unreviewed			multiword,pos_from_wordnet
proces_i_njohjes_minimale_N	N	proces i njohjes minimale			Albanet/OMW	wns/als/wn-data-als.tab	imported_unreviewed			multiword,pos_from_wordnet
proces_i_njohjes_se_larte_N	N	proces i njohjes së lartë			Albanet/OMW	wns/als/wn-data-als.tab	imported_unreviewed			multiword,pos_from_wordnet
proces_i_pavetedijshem_N	N	proces i pavetëdijshëm			Albanet/OMW	wns/als/wn-data-als.tab	imported_unreviewed			multiword,pos_from_wordnet
proces_organik_N	N	proces organik			Albanet/OMW	wns/als/wn-data-als.tab	imported_unreviewed			multiword,pos_from_wordnet
proces_psikik_N	N	proces psikik			Albanet/OMW	wns/als/wn-data-als.tab	imported_unreviewed			multiword,pos_from_wordnet
prodhim_N	N	prodhim			Albanet/OMW	wns/als/wn-data-als.tab	imported_unreviewed			pos_from_wordnet
prodhim_artistik_N	N	prodhim artistik			Albanet/OMW	wns/als/wn-data-als.tab	imported_unreviewed			multiword,pos_from_wordnet
prodhime_N	N	prodhime			Albanet/OMW	wns/als/wn-data-als.tab	imported_unreviewed			pos_from_wordnet
prodhime_baxho_N	N	prodhime baxho			Albanet/OMW	wns/als/wn-data-als.tab	imported_unreviewed			multiword,pos_from_wordnet
prodhues_N	N	prodhues			Albanet/OMW	wns/als/wn-data-als.tab	imported_unreviewed			pos_from_wordnet
producent_N	N	producent			Albanet/OMW	wns/als/wn-data-als.tab	imported_unreviewed			pos_from_wordnet
produkt_N	N	produkt			Albanet/OMW	wns/als/wn-data-als.tab	imported_unreviewed			pos_from_wordnet
produkte_N	N	produkte			Albanet/OMW	wns/als/wn-data-als.tab	imported_unreviewed			pos_from_wordnet
produkti_perfundimtar_N	N	produkti përfundimtar			Albanet/OMW	wns/als/wn-data-als.tab	imported_unreviewed			multiword,pos_from_wordnet
produktiv_N	N	produktiv			Albanet/OMW	wns/als/wn-data-als.tab	imported_unreviewed			pos_from_wordnet
prof_N	N	prof			Albanet/OMW	wns/als/wn-data-als.tab	imported_unreviewed			pos_from_wordnet
profesion_N	N	profesion			Albanet/OMW	wns/als/wn-data-als.tab	imported_unreviewed			pos_from_wordnet
profesionist_N	N	profesionist			Albanet/OMW	wns/als/wn-data-als.tab	imported_unreviewed			pos_from_wordnet
profesionist_shendeti_N	N	profesionist shëndeti			Albanet/OMW	wns/als/wn-data-als.tab	imported_unreviewed			multiword,pos_from_wordnet
profesor_N	N	profesor			Albanet/OMW	wns/als/wn-data-als.tab	imported_unreviewed			pos_from_wordnet
program_N	N	program			Albanet/OMW	wns/als/wn-data-als.tab	imported_unreviewed			pos_from_wordnet
program_kompjuterik_N	N	program kompjuterik			Albanet/OMW	wns/als/wn-data-als.tab	imported_unreviewed			multiword,pos_from_wordnet
program_librarie_N	N	program librarie			Albanet/OMW	wns/als/wn-data-als.tab	imported_unreviewed			multiword,pos_from_wordnet
progres_N	N	progres			Albanet/OMW	wns/als/wn-data-als.tab	imported_unreviewed			pos_from_wordnet
progresion_N	N	progresion			Albanet/OMW	wns/als/wn-data-als.tab	imported_unreviewed			pos_from_wordnet
projektim_N	N	projektim			Albanet/OMW	wns/als/wn-data-als.tab	imported_unreviewed			pos_from_wordnet
promotor_N	N	promotor			Albanet/OMW	wns/als/wn-data-als.tab	imported_unreviewed			pos_from_wordnet
pronar_N	N	pronar			Albanet/OMW	wns/als/wn-data-als.tab	imported_unreviewed			pos_from_wordnet
prone_N	N	prone			Albanet/OMW	wns/als/wn-data-als.tab	imported_unreviewed			pos_from_wordnet
prone_N__2	N	pronë			Albanet/OMW	wns/als/wn-data-als.tab	imported_unreviewed			pos_from_wordnet
pronesi_N	N	pronësi			Albanet/OMW	wns/als/wn-data-als.tab	imported_unreviewed			pos_from_wordnet
propozim_N	N	propozim			Albanet/OMW	wns/als/wn-data-als.tab	imported_unreviewed			pos_from_wordnet
prostitucion_N	N	prostitucion			Albanet/OMW	wns/als/wn-data-als.tab	imported_unreviewed			pos_from_wordnet
proteine_N	N	proteinë			Albanet/OMW	wns/als/wn-data-als.tab	imported_unreviewed			pos_from_wordnet
protektori_N	N	protektori			Albanet/OMW	wns/als/wn-data-als.tab	imported_unreviewed			pos_from_wordnet
protesoj_N	N	protesoj			Albanet/OMW	wns/als/wn-data-als.tab	imported_unreviewed			pos_from_wordnet
proteste_ne_pune_N	N	protestë ne punë			Albanet/OMW	wns/als/wn-data-als.tab	imported_unreviewed			multiword,pos_from_wordnet
protistet_N	N	protistët			Albanet/OMW	wns/als/wn-data-als.tab	imported_unreviewed			pos_from_wordnet
protoplazme_N	N	protoplazmë			Albanet/OMW	wns/als/wn-data-als.tab	imported_unreviewed			pos_from_wordnet
protozoar_N	N	protozoar			Albanet/OMW	wns/als/wn-data-als.tab	imported_unreviewed			pos_from_wordnet
provim_me_goje_N	N	provim me goje			Albanet/OMW	wns/als/wn-data-als.tab	imported_unreviewed			multiword,pos_from_wordnet
province_N	N	province			Albanet/OMW	wns/als/wn-data-als.tab	imported_unreviewed			pos_from_wordnet
prove_N	N	provë			Albanet/OMW	wns/als/wn-data-als.tab	imported_unreviewed			pos_from_wordnet
proze_N	N	proze			Albanet/OMW	wns/als/wn-data-als.tab	imported_unreviewed			pos_from_wordnet
proze_lajmerim_N	N	proze lajmërim			Albanet/OMW	wns/als/wn-data-als.tab	imported_unreviewed			multiword,pos_from_wordnet
procedim_N	N	proçedim			Albanet/OMW	wns/als/wn-data-als.tab	imported_unreviewed			pos_from_wordnet
procedura_kontroll_kerkimore_N	N	proçedura kontroll-kërkimore			Albanet/OMW	wns/als/wn-data-als.tab	imported_unreviewed			multiword,pos_from_wordnet
procedure_N__2	N	proçedurë			Albanet/OMW	wns/als/wn-data-als.tab	imported_unreviewed			pos_from_wordnet
proces_N__2	N	proçes			Albanet/OMW	wns/als/wn-data-als.tab	imported_unreviewed			pos_from_wordnet
proces_gjeologjik_N	N	proçes gjeologjik			Albanet/OMW	wns/als/wn-data-als.tab	imported_unreviewed			multiword,pos_from_wordnet
proces_i_organizmit_N	N	proçes i organizmit			Albanet/OMW	wns/als/wn-data-als.tab	imported_unreviewed			multiword,pos_from_wordnet
proces_matematikor_N	N	proçes matematikor			Albanet/OMW	wns/als/wn-data-als.tab	imported_unreviewed			multiword,pos_from_wordnet
proces_mendor_N	N	proçes mendor			Albanet/OMW	wns/als/wn-data-als.tab	imported_unreviewed			multiword,pos_from_wordnet
proces_natyror_N	N	proçes natyror			Albanet/OMW	wns/als/wn-data-als.tab	imported_unreviewed			multiword,pos_from_wordnet
procesimi_i_te_dhenave_N	N	proçesimi i të dhënave			Albanet/OMW	wns/als/wn-data-als.tab	imported_unreviewed			multiword,pos_from_wordnet
psikologji_N	N	psikologji			Albanet/OMW	wns/als/wn-data-als.tab	imported_unreviewed			pos_from_wordnet
psikonevroze_N	N	psikonevrozë			Albanet/OMW	wns/als/wn-data-als.tab	imported_unreviewed			pos_from_wordnet
psikopat_N	N	psikopat			Albanet/OMW	wns/als/wn-data-als.tab	imported_unreviewed			pos_from_wordnet
psikoze_N	N	psikozë			Albanet/OMW	wns/als/wn-data-als.tab	imported_unreviewed			pos_from_wordnet
pu_N	N	Pu		14649775-n	Albanet/OMW	wns/als/wn-data-als.tab	imported_unreviewed			case_marked,pos_from_wordnet
pubertet_N	N	pubertet			Albanet/OMW	wns/als/wn-data-als.tab	imported_unreviewed			pos_from_wordnet
publik_N	N	publik			Albanet/OMW	wns/als/wn-data-als.tab	imported_unreviewed			pos_from_wordnet
publikim_N	N	publikim			Albanet/OMW	wns/als/wn-data-als.tab	imported_unreviewed			pos_from_wordnet
puls_N	N	puls			Albanet/OMW	wns/als/wn-data-als.tab	imported_unreviewed			pos_from_wordnet
pulsim_N	N	pulsim			Albanet/OMW	wns/als/wn-data-als.tab	imported_unreviewed			pos_from_wordnet
pune_N	N	pune			Albanet/OMW	wns/als/wn-data-als.tab	imported_unreviewed			pos_from_wordnet
pune_arti_N	N	pune arti			Albanet/OMW	wns/als/wn-data-als.tab	imported_unreviewed			multiword,pos_from_wordnet
pune_biznesi_N	N	pune biznesi			Albanet/OMW	wns/als/wn-data-als.tab	imported_unreviewed			multiword,pos_from_wordnet
pune_letrare_N	N	pune letrare			Albanet/OMW	wns/als/wn-data-als.tab	imported_unreviewed			multiword,pos_from_wordnet
pune_sociale_N	N	pune sociale			Albanet/OMW	wns/als/wn-data-als.tab	imported_unreviewed			multiword,pos_from_wordnet
punishte_N	N	punishte			Albanet/OMW	wns/als/wn-data-als.tab	imported_unreviewed			pos_from_wordnet
punoj_rendshem_N	N	punoj rëndshëm			Albanet/OMW	wns/als/wn-data-als.tab	imported_unreviewed			multiword,pos_from_wordnet
punonjes_N	N	punonjës			Albanet/OMW	wns/als/wn-data-als.tab	imported_unreviewed			pos_from_wordnet
pune_N__2	N	punë			Albanet/OMW	wns/als/wn-data-als.tab	imported_unreviewed			pos_from_wordnet
pune_e_dobet_N	N	punë e dobët			Albanet/OMW	wns/als/wn-data-als.tab	imported_unreviewed			multiword,pos_from_wordnet
pune_e_perditshme_N	N	punë e përditshme			Albanet/OMW	wns/als/wn-data-als.tab	imported_unreviewed			multiword,pos_from_wordnet
pune_e_rende_N	N	punë e rëndë			Albanet/OMW	wns/als/wn-data-als.tab	imported_unreviewed			multiword,pos_from_wordnet
pune_me_grep_N	N	punë me grep			Albanet/OMW	wns/als/wn-data-als.tab	imported_unreviewed			multiword,pos_from_wordnet
punedhenes_N	N	punëdhënës			Albanet/OMW	wns/als/wn-data-als.tab	imported_unreviewed			pos_from_wordnet
punetor_N	N	punëtor			Albanet/OMW	wns/als/wn-data-als.tab	imported_unreviewed			pos_from_wordnet
punetor_i_trajnuar_N	N	punëtor i trajnuar			Albanet/OMW	wns/als/wn-data-als.tab	imported_unreviewed			multiword,pos_from_wordnet
pupla_N	N	pupla			Albanet/OMW	wns/als/wn-data-als.tab	imported_unreviewed			pos_from_wordnet
pushim_N	N	pushim			Albanet/OMW	wns/als/wn-data-als.tab	imported_unreviewed			pos_from_wordnet
pushke_N	N	pushkë			Albanet/OMW	wns/als/wn-data-als.tab	imported_unreviewed			pos_from_wordnet
puth_N	N	puth			Albanet/OMW	wns/als/wn-data-als.tab	imported_unreviewed			pos_from_wordnet
puthje_N	N	puthje			Albanet/OMW	wns/als/wn-data-als.tab	imported_unreviewed			pos_from_wordnet
pyetje_N	N	pyetje			Albanet/OMW | Baseline LexiconSqi	wns/als/wn-data-als.tab | question_N	baseline_lexicon_exact	question_N		lexicon_sqi_exact,pos_from_wordnet
pyetes_N	N	pyetës			Albanet/OMW	wns/als/wn-data-als.tab	imported_unreviewed			pos_from_wordnet
pyje_N	N	pyje			Albanet/OMW	wns/als/wn-data-als.tab	imported_unreviewed			pos_from_wordnet
pyll_N	N	pyll			Albanet/OMW | Baseline LexiconSqi	wns/als/wn-data-als.tab | forest_N	baseline_lexicon_exact	forest_N		lexicon_sqi_exact,pos_from_wordnet
pyllezim_N	N	pyllëzim			Albanet/OMW	wns/als/wn-data-als.tab	imported_unreviewed			pos_from_wordnet
pelhure_N	N	pëlhurë			Albanet/OMW	wns/als/wn-data-als.tab	imported_unreviewed			pos_from_wordnet
pelhure_e_stampuar_N	N	pëlhurë e stampuar			Albanet/OMW	wns/als/wn-data-als.tab	imported_unreviewed			multiword,pos_from_wordnet
pelqim_N	N	pëlqim			Albanet/OMW	wns/als/wn-data-als.tab	imported_unreviewed			pos_from_wordnet
perballe_N	N	përballe			Albanet/OMW	wns/als/wn-data-als.tab	imported_unreviewed			pos_from_wordnet
perballje_N	N	përballje			Albanet/OMW	wns/als/wn-data-als.tab	imported_unreviewed			pos_from_wordnet
perballe_N__2	N	përballë			Albanet/OMW	wns/als/wn-data-als.tab	imported_unreviewed			pos_from_wordnet
perbindesh_N	N	përbindësh			Albanet/OMW	wns/als/wn-data-als.tab	imported_unreviewed			pos_from_wordnet
perberje_N	N	përbërje			Albanet/OMW	wns/als/wn-data-als.tab	imported_unreviewed			pos_from_wordnet
perberes_N	N	përbërës			Albanet/OMW	wns/als/wn-data-als.tab	imported_unreviewed			pos_from_wordnet
percjelles_N	N	përcjellës			Albanet/OMW	wns/als/wn-data-als.tab	imported_unreviewed			pos_from_wordnet
perdor_N	N	përdor			Albanet/OMW	wns/als/wn-data-als.tab	imported_unreviewed			pos_from_wordnet
perdorim_N	N	përdorim			Albanet/OMW	wns/als/wn-data-als.tab	imported_unreviewed			pos_from_wordnet
perdorim_instrumentash_N	N	përdorim instrumentash			Albanet/OMW	wns/als/wn-data-als.tab	imported_unreviewed			multiword,pos_from_wordnet
perdorimi_i_te_mirave_dhe_materialeve_N	N	përdorimi i të mirave dhe materialeve			Albanet/OMW	wns/als/wn-data-als.tab	imported_unreviewed			multiword,pos_from_wordnet
perdorues_N	N	përdorues			Albanet/OMW	wns/als/wn-data-als.tab	imported_unreviewed			pos_from_wordnet
perdorueshmeri_N	N	përdorueshmëri			Albanet/OMW	wns/als/wn-data-als.tab	imported_unreviewed			pos_from_wordnet
perdredh_N	N	përdredh			Albanet/OMW	wns/als/wn-data-als.tab	imported_unreviewed			pos_from_wordnet
perfaqesim_N	N	përfaqësim			Albanet/OMW	wns/als/wn-data-als.tab	imported_unreviewed			pos_from_wordnet
perfaqesues_N	N	përfaqësues			Albanet/OMW	wns/als/wn-data-als.tab	imported_unreviewed			pos_from_wordnet
perforcoj_N	N	përforcoj			Albanet/OMW	wns/als/wn-data-als.tab	imported_unreviewed			pos_from_wordnet
perfundim_N__2	N	përfundim			Albanet/OMW	wns/als/wn-data-als.tab	imported_unreviewed			pos_from_wordnet
pergatitje_N	N	përgatitje			Albanet/OMW	wns/als/wn-data-als.tab	imported_unreviewed			pos_from_wordnet
pergjegjes_N__2	N	përgjegjës			Albanet/OMW	wns/als/wn-data-als.tab	imported_unreviewed			pos_from_wordnet
pergjegjesi_N	N	përgjegjësi			Albanet/OMW	wns/als/wn-data-als.tab	imported_unreviewed			pos_from_wordnet
pergjues_N	N	përgjues			Albanet/OMW	wns/als/wn-data-als.tab	imported_unreviewed			pos_from_wordnet
pergjerim_N	N	përgjërim			Albanet/OMW	wns/als/wn-data-als.tab	imported_unreviewed			pos_from_wordnet
pergenjeshtrim_N	N	përgënjeshtrim			Albanet/OMW	wns/als/wn-data-als.tab	imported_unreviewed			pos_from_wordnet
perhapje_N	N	përhapje			Albanet/OMW	wns/als/wn-data-als.tab	imported_unreviewed			pos_from_wordnet
perhumbur_N	N	përhumbur			Albanet/OMW	wns/als/wn-data-als.tab	imported_unreviewed			pos_from_wordnet
perjashtim_N	N	përjashtim			Albanet/OMW	wns/als/wn-data-als.tab	imported_unreviewed			pos_from_wordnet
perjashtohesh_N	N	përjashtohesh			Albanet/OMW	wns/als/wn-data-als.tab	imported_unreviewed			pos_from_wordnet
perkeqesim_N	N	përkeqësim			Albanet/OMW	wns/als/wn-data-als.tab	imported_unreviewed			pos_from_wordnet
perkrahje_sociale_N	N	përkrahje sociale			Albanet/OMW	wns/als/wn-data-als.tab	imported_unreviewed			multiword,pos_from_wordnet
perkujdesje_N	N	përkujdesje			Albanet/OMW	wns/als/wn-data-als.tab	imported_unreviewed			pos_from_wordnet
perkulje_N	N	përkulje			Albanet/OMW	wns/als/wn-data-als.tab	imported_unreviewed			pos_from_wordnet
perkund_N	N	përkund			Albanet/OMW	wns/als/wn-data-als.tab	imported_unreviewed			pos_from_wordnet
perkushtim_N	N	përkushtim			Albanet/OMW	wns/als/wn-data-als.tab	imported_unreviewed			pos_from_wordnet
perleshje_N	N	përleshje			Albanet/OMW	wns/als/wn-data-als.tab	imported_unreviewed			pos_from_wordnet
permase_N	N	përmasë			Albanet/OMW	wns/als/wn-data-als.tab	imported_unreviewed			pos_from_wordnet
permbajtje_N	N	përmbajtje			Albanet/OMW	wns/als/wn-data-als.tab	imported_unreviewed			pos_from_wordnet
permbledhje_N	N	përmbledhje			Albanet/OMW	wns/als/wn-data-als.tab	imported_unreviewed			pos_from_wordnet
permbushes_N	N	përmbushës			Albanet/OMW	wns/als/wn-data-als.tab	imported_unreviewed			pos_from_wordnet
permbysje_N	N	përmbysje			Albanet/OMW	wns/als/wn-data-als.tab	imported_unreviewed			pos_from_wordnet
permbytje_N	N	përmbytje			Albanet/OMW	wns/als/wn-data-als.tab	imported_unreviewed			pos_from_wordnet
permendore_N	N	përmendore			Albanet/OMW	wns/als/wn-data-als.tab	imported_unreviewed			pos_from_wordnet
permiresim_N	N	përmirësim			Albanet/OMW	wns/als/wn-data-als.tab	imported_unreviewed			pos_from_wordnet
permisim_N	N	përmisim			Albanet/OMW	wns/als/wn-data-als.tab	imported_unreviewed			pos_from_wordnet
perparim_N	N	përparim			Albanet/OMW	wns/als/wn-data-als.tab	imported_unreviewed			pos_from_wordnet
perpiqem_N	N	përpiqem			Albanet/OMW	wns/als/wn-data-als.tab	imported_unreviewed			pos_from_wordnet
perpjekje_N	N	përpjekje			Albanet/OMW	wns/als/wn-data-als.tab	imported_unreviewed			pos_from_wordnet
perplasje_N	N	përplasje			Albanet/OMW	wns/als/wn-data-als.tab	imported_unreviewed			pos_from_wordnet
perpunim_N	N	përpunim			Albanet/OMW	wns/als/wn-data-als.tab	imported_unreviewed			pos_from_wordnet
perpunimi_i_te_dhenave_N	N	përpunimi i të dhënave			Albanet/OMW	wns/als/wn-data-als.tab	imported_unreviewed			multiword,pos_from_wordnet
perqendrim_N	N	përqendrim			Albanet/OMW	wns/als/wn-data-als.tab	imported_unreviewed			pos_from_wordnet
perqeshje_N	N	përqeshje			Albanet/OMW	wns/als/wn-data-als.tab	imported_unreviewed			pos_from_wordnet
perqendrim_N__2	N	përqëndrim			Albanet/OMW	wns/als/wn-data-als.tab	imported_unreviewed			pos_from_wordnet
perralle_N	N	përrallë			Albanet/OMW	wns/als/wn-data-als.tab	imported_unreviewed			pos_from_wordnet
perrua_N	N	përrua			Albanet/OMW	wns/als/wn-data-als.tab	imported_unreviewed			pos_from_wordnet
pershkoj_N	N	përshkoj			Albanet/OMW	wns/als/wn-data-als.tab	imported_unreviewed			pos_from_wordnet
pershkrim_N	N	përshkrim			Albanet/OMW	wns/als/wn-data-als.tab	imported_unreviewed			pos_from_wordnet
pershkrim_gojor_N	N	përshkrim gojor			Albanet/OMW	wns/als/wn-data-als.tab	imported_unreviewed			multiword,pos_from_wordnet
pershkrimi_i_objektit_N	N	përshkrimi i objektit			Albanet/OMW	wns/als/wn-data-als.tab	imported_unreviewed			multiword,pos_from_wordnet
pershtat_N	N	përshtat			Albanet/OMW	wns/als/wn-data-als.tab	imported_unreviewed			pos_from_wordnet
pershtatje_N	N	përshtatje			Albanet/OMW	wns/als/wn-data-als.tab	imported_unreviewed			pos_from_wordnet
pershtypje_N	N	përshtypje			Albanet/OMW	wns/als/wn-data-als.tab	imported_unreviewed			pos_from_wordnet
pershendetje_N	N	përshëndetje			Albanet/OMW	wns/als/wn-data-als.tab	imported_unreviewed			pos_from_wordnet
perseritje_N	N	përsëritje			Albanet/OMW	wns/als/wn-data-als.tab	imported_unreviewed			pos_from_wordnet
perulem_N	N	përulem			Albanet/OMW	wns/als/wn-data-als.tab	imported_unreviewed			pos_from_wordnet
perulje_N	N	përulje			Albanet/OMW	wns/als/wn-data-als.tab	imported_unreviewed			pos_from_wordnet
pervetesim_N	N	përvetësim			Albanet/OMW	wns/als/wn-data-als.tab	imported_unreviewed			pos_from_wordnet
pervetesim_i_mesimeve_N	N	përvetësim i mësimeve			Albanet/OMW	wns/als/wn-data-als.tab	imported_unreviewed			multiword,pos_from_wordnet
pervoje_N	N	përvojë			Albanet/OMW	wns/als/wn-data-als.tab	imported_unreviewed			pos_from_wordnet
perzgjedh_N	N	përzgjedh			Albanet/OMW	wns/als/wn-data-als.tab	imported_unreviewed			pos_from_wordnet
perzierje_N	N	përzierje			Albanet/OMW	wns/als/wn-data-als.tab	imported_unreviewed			pos_from_wordnet
perzjerje_organike_N	N	përzjerje organike			Albanet/OMW	wns/als/wn-data-als.tab	imported_unreviewed			multiword,pos_from_wordnet
peshperime_N	N	pëshpërimë			Albanet/OMW	wns/als/wn-data-als.tab	imported_unreviewed			pos_from_wordnet
peshperitje_N	N	pëshpëritje			Albanet/OMW	wns/als/wn-data-als.tab	imported_unreviewed			pos_from_wordnet
peshtire_N	N	pështirë			Albanet/OMW	wns/als/wn-data-als.tab	imported_unreviewed			pos_from_wordnet
qafa_e_kepuces_N	N	qafa e këpucës			Albanet/OMW	wns/als/wn-data-als.tab	imported_unreviewed			multiword,pos_from_wordnet
qafe_mali_N	N	qafe mali			Albanet/OMW	wns/als/wn-data-als.tab	imported_unreviewed			multiword,pos_from_wordnet
qafe_N	N	qafë			Baseline LexiconSqi	neck_N	baseline_lexicon_exact	neck_N		lexicon_sqi_exact
qark_i_brendeshem_N	N	qark i brendeshem			Albanet/OMW	wns/als/wn-data-als.tab	imported_unreviewed			multiword,pos_from_wordnet
qark_i_madh_N	N	qark i madh			Albanet/OMW	wns/als/wn-data-als.tab	imported_unreviewed			multiword,pos_from_wordnet
qartesi_N	N	qartësi			Albanet/OMW	wns/als/wn-data-als.tab	imported_unreviewed			pos_from_wordnet
qejf_N	N	qejf			Albanet/OMW	wns/als/wn-data-als.tab	imported_unreviewed			pos_from_wordnet
qelize_N	N	qelizë			Albanet/OMW	wns/als/wn-data-als.tab	imported_unreviewed			pos_from_wordnet
qelize_riprodhuese_N	N	qelizë riprodhuese			Albanet/OMW	wns/als/wn-data-als.tab	imported_unreviewed			multiword,pos_from_wordnet
qelize_seksuale_N	N	qelizë seksuale			Albanet/OMW	wns/als/wn-data-als.tab	imported_unreviewed			multiword,pos_from_wordnet
qelq_N	N	qelq			Albanet/OMW	wns/als/wn-data-als.tab	imported_unreviewed			pos_from_wordnet
qelqurina_N	N	qelqurina			Albanet/OMW	wns/als/wn-data-als.tab	imported_unreviewed			pos_from_wordnet
qen_N	N	qen			Albanet/OMW | Baseline LexiconSqi	wns/als/wn-data-als.tab | dog_N	baseline_lexicon_exact	dog_N		lexicon_sqi_exact,pos_from_wordnet
qen_i_vogel_N	N	qen i vogël			Albanet/OMW	wns/als/wn-data-als.tab	imported_unreviewed			multiword,pos_from_wordnet
qender_N	N	qender			Albanet/OMW	wns/als/wn-data-als.tab	imported_unreviewed			pos_from_wordnet
qender_tregtare_N	N	qender tregtare			Albanet/OMW	wns/als/wn-data-als.tab	imported_unreviewed			multiword,pos_from_wordnet
qendrese_N	N	qendrese			Albanet/OMW	wns/als/wn-data-als.tab	imported_unreviewed			pos_from_wordnet
qendrim_N	N	qendrim			Albanet/OMW	wns/als/wn-data-als.tab	imported_unreviewed			pos_from_wordnet
qender_N__2	N	qendër			Albanet/OMW	wns/als/wn-data-als.tab	imported_unreviewed			pos_from_wordnet
qender_tregtare_N__2	N	qendër tregtare			Albanet/OMW	wns/als/wn-data-als.tab	imported_unreviewed			multiword,pos_from_wordnet
qenderzim_N	N	qendërzim			Albanet/OMW	wns/als/wn-data-als.tab	imported_unreviewed			pos_from_wordnet
qenie_N	N	qenie			Albanet/OMW	wns/als/wn-data-als.tab	imported_unreviewed			pos_from_wordnet
qenie_humane_N	N	qenie humane			Albanet/OMW	wns/als/wn-data-als.tab	imported_unreviewed			multiword,pos_from_wordnet
qenie_imagjinare_N	N	qenie imagjinare			Albanet/OMW	wns/als/wn-data-als.tab	imported_unreviewed			multiword,pos_from_wordnet
qenie_njerezore_N	N	qenie njerëzore			Albanet/OMW	wns/als/wn-data-als.tab	imported_unreviewed			multiword,pos_from_wordnet
qenie_shpirterore_N	N	qenie shpirterore			Albanet/OMW	wns/als/wn-data-als.tab	imported_unreviewed			multiword,pos_from_wordnet
qenie_supernatyrale_N	N	qenie supernatyrale			Albanet/OMW	wns/als/wn-data-als.tab	imported_unreviewed			multiword,pos_from_wordnet
qenie_supreme_N	N	qenie supreme			Albanet/OMW	wns/als/wn-data-als.tab	imported_unreviewed			multiword,pos_from_wordnet
qese_N	N	qese			Albanet/OMW	wns/als/wn-data-als.tab	imported_unreviewed			pos_from_wordnet
qetesim_N	N	qetësim			Albanet/OMW	wns/als/wn-data-als.tab	imported_unreviewed			pos_from_wordnet
qetesues_N	N	qetësues			Albanet/OMW	wns/als/wn-data-als.tab	imported_unreviewed			pos_from_wordnet
qeveri_N	N	qeveri			Albanet/OMW	wns/als/wn-data-als.tab	imported_unreviewed			pos_from_wordnet
qeverisje_N	N	qeverisje			Albanet/OMW	wns/als/wn-data-als.tab	imported_unreviewed			pos_from_wordnet
qiell_N	N	qiell			Albanet/OMW | Baseline LexiconSqi	wns/als/wn-data-als.tab | sky_N	baseline_lexicon_exact	sky_N		lexicon_sqi_exact,pos_from_wordnet
qiellor_N	N	qiellor			Albanet/OMW	wns/als/wn-data-als.tab	imported_unreviewed			pos_from_wordnet
qilar_N	N	qilar			Albanet/OMW	wns/als/wn-data-als.tab	imported_unreviewed			pos_from_wordnet
qilim_N	N	qilim			Albanet/OMW | Baseline LexiconSqi	wns/als/wn-data-als.tab | carpet_N	baseline_lexicon_exact	carpet_N		lexicon_sqi_exact,pos_from_wordnet
qingj_N	N	qingj			Albanet/OMW	wns/als/wn-data-als.tab	imported_unreviewed			pos_from_wordnet
qortim_N	N	qortim			Albanet/OMW	wns/als/wn-data-als.tab	imported_unreviewed			pos_from_wordnet
qoshe_N	N	qoshe			Albanet/OMW	wns/als/wn-data-als.tab	imported_unreviewed			pos_from_wordnet
qumesht_N	N	qumësht			Albanet/OMW | Baseline LexiconSqi	wns/als/wn-data-als.tab | milk_N	baseline_lexicon_exact	milk_N		lexicon_sqi_exact,pos_from_wordnet
qytet_N	N	qytet			Albanet/OMW | Baseline LexiconSqi	wns/als/wn-data-als.tab | city_N	baseline_lexicon_exact	city_N		lexicon_sqi_exact,pos_from_wordnet
qytet_shtet_N	N	qytet-shtet			Albanet/OMW	wns/als/wn-data-als.tab	imported_unreviewed			pos_from_wordnet
qytetar_N	N	qytetar			Albanet/OMW	wns/als/wn-data-als.tab	imported_unreviewed			pos_from_wordnet
qytetar_i_moshuar_N	N	qytetar i moshuar			Albanet/OMW	wns/als/wn-data-als.tab	imported_unreviewed			multiword,pos_from_wordnet
qyteze_N	N	qytezë			Albanet/OMW	wns/als/wn-data-als.tab	imported_unreviewed			pos_from_wordnet
qe_shkon_perpara_N	N	që shkon përpara			Albanet/OMW	wns/als/wn-data-als.tab	imported_unreviewed			multiword,pos_from_wordnet
qellim_N	N	qëllim			Albanet/OMW	wns/als/wn-data-als.tab	imported_unreviewed			pos_from_wordnet
qelloj_N	N	qëlloj			Albanet/OMW	wns/als/wn-data-als.tab	imported_unreviewed			pos_from_wordnet
qelloj_me_arme_N	N	qëlloj me armë			Albanet/OMW	wns/als/wn-data-als.tab	imported_unreviewed			multiword,pos_from_wordnet
qendisme_N	N	qëndismë			Albanet/OMW	wns/als/wn-data-als.tab	imported_unreviewed			pos_from_wordnet
qendrim_N__2	N	qëndrim			Albanet/OMW	wns/als/wn-data-als.tab	imported_unreviewed			pos_from_wordnet
qendrim_grotesk_N	N	qëndrim grotesk			Albanet/OMW	wns/als/wn-data-als.tab	imported_unreviewed			multiword,pos_from_wordnet
qendrueshmeri_N	N	qëndrueshmëri			Albanet/OMW	wns/als/wn-data-als.tab	imported_unreviewed			pos_from_wordnet
raca_humane_N	N	raca humane			Albanet/OMW	wns/als/wn-data-als.tab	imported_unreviewed			multiword,pos_from_wordnet
race_N	N	race			Albanet/OMW	wns/als/wn-data-als.tab	imported_unreviewed			pos_from_wordnet
racion_N	N	racion			Albanet/OMW	wns/als/wn-data-als.tab	imported_unreviewed			pos_from_wordnet
radha_N	N	radha			Albanet/OMW	wns/als/wn-data-als.tab	imported_unreviewed			pos_from_wordnet
radhe_N	N	radhë			Albanet/OMW	wns/als/wn-data-als.tab	imported_unreviewed			pos_from_wordnet
radhe_e_gjuajtjeve_N	N	radhë e gjuajtjeve			Albanet/OMW	wns/als/wn-data-als.tab	imported_unreviewed			multiword,pos_from_wordnet
radio_N	N	radio			Baseline LexiconSqi	radio_N	baseline_lexicon_exact	radio_N		lexicon_sqi_exact
rafinim_N	N	rafinim			Albanet/OMW	wns/als/wn-data-als.tab	imported_unreviewed			pos_from_wordnet
raft_N	N	raft			Albanet/OMW	wns/als/wn-data-als.tab	imported_unreviewed			pos_from_wordnet
rajon_administrative_N	N	rajon administrative			Albanet/OMW	wns/als/wn-data-als.tab	imported_unreviewed			multiword,pos_from_wordnet
raport_N	N	raport			Albanet/OMW	wns/als/wn-data-als.tab	imported_unreviewed			pos_from_wordnet
raport_i_shkruar_N	N	raport i shkruar			Albanet/OMW	wns/als/wn-data-als.tab	imported_unreviewed			multiword,pos_from_wordnet
rast_N	N	rast			Albanet/OMW	wns/als/wn-data-als.tab	imported_unreviewed			pos_from_wordnet
rast_gramatikor_N	N	rast gramatikor			Albanet/OMW	wns/als/wn-data-als.tab	imported_unreviewed			multiword,pos_from_wordnet
rast_social_N	N	rast social			Albanet/OMW	wns/als/wn-data-als.tab	imported_unreviewed			multiword,pos_from_wordnet
rastesi_N	N	rastësi			Albanet/OMW	wns/als/wn-data-als.tab	imported_unreviewed			pos_from_wordnet
rastesi_e_pashmangshme_N	N	rastësi e pashmangshme			Albanet/OMW	wns/als/wn-data-als.tab	imported_unreviewed			multiword,pos_from_wordnet
raund_N	N	raund			Albanet/OMW	wns/als/wn-data-als.tab	imported_unreviewed			pos_from_wordnet
re_N	N	re			Albanet/OMW | Baseline LexiconSqi	wns/als/wn-data-als.tab | cloud_N	baseline_lexicon_exact	cloud_N		lexicon_sqi_exact,pos_from_wordnet
reagim_N	N	reagim			Albanet/OMW	wns/als/wn-data-als.tab	imported_unreviewed			pos_from_wordnet
reagoj_N	N	reagoj			Albanet/OMW	wns/als/wn-data-als.tab	imported_unreviewed			pos_from_wordnet
reaksion_N	N	reaksion			Albanet/OMW	wns/als/wn-data-als.tab	imported_unreviewed			pos_from_wordnet
reaksion_nuklear_N	N	reaksion nuklear			Albanet/OMW	wns/als/wn-data-als.tab	imported_unreviewed			multiword,pos_from_wordnet
realitet_N	N	realitet			Albanet/OMW	wns/als/wn-data-als.tab	imported_unreviewed			pos_from_wordnet
realizem_N	N	realizem			Albanet/OMW	wns/als/wn-data-als.tab	imported_unreviewed			pos_from_wordnet
realizim_N	N	realizim			Albanet/OMW	wns/als/wn-data-als.tab	imported_unreviewed			pos_from_wordnet
rebelim_N	N	rebelim			Albanet/OMW	wns/als/wn-data-als.tab	imported_unreviewed			pos_from_wordnet
reciprocitet_N	N	reciprocitet			Albanet/OMW	wns/als/wn-data-als.tab	imported_unreviewed			pos_from_wordnet
reference_N	N	referencë			Albanet/OMW	wns/als/wn-data-als.tab	imported_unreviewed			pos_from_wordnet
reference_libri_N	N	referencë libri			Albanet/OMW	wns/als/wn-data-als.tab	imported_unreviewed			multiword,pos_from_wordnet
reference_pune_N	N	referencë pune			Albanet/OMW	wns/als/wn-data-als.tab	imported_unreviewed			multiword,pos_from_wordnet
referim_N	N	referim			Albanet/OMW	wns/als/wn-data-als.tab	imported_unreviewed			pos_from_wordnet
reflektim_N	N	reflektim			Albanet/OMW	wns/als/wn-data-als.tab	imported_unreviewed			pos_from_wordnet
reflektor_N	N	reflektor			Albanet/OMW	wns/als/wn-data-als.tab	imported_unreviewed			pos_from_wordnet
reformoj_N	N	reformoj			Albanet/OMW	wns/als/wn-data-als.tab	imported_unreviewed			pos_from_wordnet
refuzim_N	N	refuzim			Albanet/OMW	wns/als/wn-data-als.tab	imported_unreviewed			pos_from_wordnet
refuzoj_N	N	refuzoj			Albanet/OMW	wns/als/wn-data-als.tab	imported_unreviewed			pos_from_wordnet
regjisor_N	N	regjisor			Albanet/OMW	wns/als/wn-data-als.tab	imported_unreviewed			pos_from_wordnet
regjistrim_N	N	regjistrim			Albanet/OMW	wns/als/wn-data-als.tab	imported_unreviewed			pos_from_wordnet
regjistroj_N	N	regjistroj			Albanet/OMW	wns/als/wn-data-als.tab	imported_unreviewed			pos_from_wordnet
regjister_N	N	regjistër			Albanet/OMW	wns/als/wn-data-als.tab	imported_unreviewed			pos_from_wordnet
rehati_N	N	rehati			Albanet/OMW	wns/als/wn-data-als.tab	imported_unreviewed			pos_from_wordnet
reke_N	N	reke			Albanet/OMW	wns/als/wn-data-als.tab	imported_unreviewed			pos_from_wordnet
reklamim_N	N	reklamim			Albanet/OMW	wns/als/wn-data-als.tab	imported_unreviewed			pos_from_wordnet
reklame_N	N	reklamë			Albanet/OMW	wns/als/wn-data-als.tab	imported_unreviewed			pos_from_wordnet
rekord_N	N	rekord			Albanet/OMW	wns/als/wn-data-als.tab	imported_unreviewed			pos_from_wordnet
rekrutim_N	N	rekrutim			Albanet/OMW	wns/als/wn-data-als.tab	imported_unreviewed			pos_from_wordnet
relacion_N	N	relacion			Albanet/OMW	wns/als/wn-data-als.tab	imported_unreviewed			pos_from_wordnet
relacion_libri_N	N	relacion libri			Albanet/OMW	wns/als/wn-data-als.tab	imported_unreviewed			multiword,pos_from_wordnet
rend_N	N	rend			Albanet/OMW	wns/als/wn-data-als.tab	imported_unreviewed			pos_from_wordnet
rendiment_N	N	rendiment			Albanet/OMW	wns/als/wn-data-als.tab	imported_unreviewed			pos_from_wordnet
rendis_N	N	rendis			Albanet/OMW	wns/als/wn-data-als.tab	imported_unreviewed			pos_from_wordnet
renditje_N	N	renditje			Albanet/OMW	wns/als/wn-data-als.tab	imported_unreviewed			pos_from_wordnet
renie_N	N	renie			Albanet/OMW	wns/als/wn-data-als.tab	imported_unreviewed			pos_from_wordnet
repart_ushtarake_N	N	repart ushtarake			Albanet/OMW	wns/als/wn-data-als.tab	imported_unreviewed			multiword,pos_from_wordnet
republike_N	N	republikë			Albanet/OMW	wns/als/wn-data-als.tab	imported_unreviewed			pos_from_wordnet
reshje_N	N	reshje			Albanet/OMW	wns/als/wn-data-als.tab	imported_unreviewed			pos_from_wordnet
reshje_bore_N	N	reshje bore			Albanet/OMW	wns/als/wn-data-als.tab	imported_unreviewed			multiword,pos_from_wordnet
resht_N	N	resht			Albanet/OMW	wns/als/wn-data-als.tab	imported_unreviewed			pos_from_wordnet
residence_N	N	residence			Albanet/OMW	wns/als/wn-data-als.tab	imported_unreviewed			pos_from_wordnet
respekt_N	N	respekt			Albanet/OMW	wns/als/wn-data-als.tab	imported_unreviewed			pos_from_wordnet
restaurim_N	N	restaurim			Albanet/OMW	wns/als/wn-data-als.tab	imported_unreviewed			pos_from_wordnet
resto_N	N	resto			Albanet/OMW	wns/als/wn-data-als.tab	imported_unreviewed			pos_from_wordnet
restorant_N	N	restorant			Albanet/OMW | Baseline LexiconSqi	wns/als/wn-data-als.tab | restaurant_N	baseline_lexicon_exact	restaurant_N		lexicon_sqi_exact,pos_from_wordnet
reviste_N	N	revistë			Albanet/OMW	wns/als/wn-data-als.tab	imported_unreviewed			pos_from_wordnet
revolte_N	N	revoltë			Albanet/OMW	wns/als/wn-data-als.tab	imported_unreviewed			pos_from_wordnet
rezerva_ushqimore_N	N	rezerva ushqimore			Albanet/OMW	wns/als/wn-data-als.tab	imported_unreviewed			multiword,pos_from_wordnet
rezervat_uji_N	N	rezervat uji			Albanet/OMW	wns/als/wn-data-als.tab	imported_unreviewed			multiword,pos_from_wordnet
rezerve_N	N	rezervë			Albanet/OMW	wns/als/wn-data-als.tab	imported_unreviewed			pos_from_wordnet
rezidence_N	N	rezidencë			Albanet/OMW	wns/als/wn-data-als.tab	imported_unreviewed			pos_from_wordnet
rezistence_N	N	rezistencë			Albanet/OMW	wns/als/wn-data-als.tab	imported_unreviewed			pos_from_wordnet
rezultat_N	N	rezultat			Albanet/OMW	wns/als/wn-data-als.tab	imported_unreviewed			pos_from_wordnet
rezultat_perfundimtar_N	N	rezultat përfundimtar			Albanet/OMW	wns/als/wn-data-als.tab	imported_unreviewed			multiword,pos_from_wordnet
recipeta_N	N	reçipeta			Albanet/OMW	wns/als/wn-data-als.tab	imported_unreviewed			pos_from_wordnet
rice_N	N	rice			Albanet/OMW	wns/als/wn-data-als.tab	imported_unreviewed			pos_from_wordnet
riekzaminim_N	N	riekzaminim			Albanet/OMW	wns/als/wn-data-als.tab	imported_unreviewed			pos_from_wordnet
rifitim_N	N	rifitim			Albanet/OMW	wns/als/wn-data-als.tab	imported_unreviewed			pos_from_wordnet
rigjenerim_N	N	rigjenerim			Albanet/OMW	wns/als/wn-data-als.tab	imported_unreviewed			pos_from_wordnet
rikthim_N	N	rikthim			Albanet/OMW	wns/als/wn-data-als.tab	imported_unreviewed			pos_from_wordnet
ring_boksi_N	N	ring boksi			Albanet/OMW	wns/als/wn-data-als.tab	imported_unreviewed			multiword,pos_from_wordnet
rini_N	N	rini			Albanet/OMW	wns/als/wn-data-als.tab	imported_unreviewed			pos_from_wordnet
riorientim_N	N	riorientim			Albanet/OMW	wns/als/wn-data-als.tab	imported_unreviewed			pos_from_wordnet
riparim_N	N	riparim			Albanet/OMW	wns/als/wn-data-als.tab	imported_unreviewed			pos_from_wordnet
riparoj_N	N	riparoj			Albanet/OMW	wns/als/wn-data-als.tab	imported_unreviewed			pos_from_wordnet
ripertypes_N	N	ripërtypës			Albanet/OMW	wns/als/wn-data-als.tab	imported_unreviewed			pos_from_wordnet
rishikim_N	N	rishikim			Albanet/OMW	wns/als/wn-data-als.tab	imported_unreviewed			pos_from_wordnet
rit_N	N	rit			Albanet/OMW	wns/als/wn-data-als.tab	imported_unreviewed			pos_from_wordnet
rit_fetar_N	N	rit fetar			Albanet/OMW	wns/als/wn-data-als.tab	imported_unreviewed			multiword,pos_from_wordnet
ritegim_N	N	ritegim			Albanet/OMW	wns/als/wn-data-als.tab	imported_unreviewed			pos_from_wordnet
ritransmetim_N	N	ritransmetim			Albanet/OMW	wns/als/wn-data-als.tab	imported_unreviewed			pos_from_wordnet
ritual_N	N	ritual			Albanet/OMW	wns/als/wn-data-als.tab	imported_unreviewed			pos_from_wordnet
ritual_fetar_N	N	ritual fetar			Albanet/OMW	wns/als/wn-data-als.tab	imported_unreviewed			multiword,pos_from_wordnet
rival_N	N	rival			Albanet/OMW	wns/als/wn-data-als.tab	imported_unreviewed			pos_from_wordnet
rivendosje_N	N	rivendosje			Albanet/OMW	wns/als/wn-data-als.tab	imported_unreviewed			pos_from_wordnet
rivihem_N	N	rivihem			Albanet/OMW	wns/als/wn-data-als.tab	imported_unreviewed			pos_from_wordnet
rob_N	N	rob			Albanet/OMW	wns/als/wn-data-als.tab	imported_unreviewed			pos_from_wordnet
roberi_N	N	robëri			Albanet/OMW	wns/als/wn-data-als.tab	imported_unreviewed			pos_from_wordnet
roje_N	N	roje			Albanet/OMW	wns/als/wn-data-als.tab	imported_unreviewed			pos_from_wordnet
roje_sigurimi_N	N	roje sigurimi			Albanet/OMW	wns/als/wn-data-als.tab	imported_unreviewed			multiword,pos_from_wordnet
rojtar_N	N	rojtar			Albanet/OMW	wns/als/wn-data-als.tab	imported_unreviewed			pos_from_wordnet
rol_N	N	rol			Albanet/OMW	wns/als/wn-data-als.tab	imported_unreviewed			pos_from_wordnet
rol_teatror_N	N	rol teatror			Albanet/OMW	wns/als/wn-data-als.tab	imported_unreviewed			multiword,pos_from_wordnet
rrafshine_N	N	rrafshine			Albanet/OMW	wns/als/wn-data-als.tab	imported_unreviewed			pos_from_wordnet
rregull_N	N	rregull			Albanet/OMW | Baseline LexiconSqi	wns/als/wn-data-als.tab | rule_N	baseline_lexicon_exact	rule_N		lexicon_sqi_exact,pos_from_wordnet
rregullim_N	N	rregullim			Albanet/OMW	wns/als/wn-data-als.tab	imported_unreviewed			pos_from_wordnet
rregulloj_N	N	rregulloj			Albanet/OMW	wns/als/wn-data-als.tab	imported_unreviewed			pos_from_wordnet
rregullsi_N	N	rregullsi			Albanet/OMW	wns/als/wn-data-als.tab	imported_unreviewed			pos_from_wordnet
rreng_N	N	rreng			Albanet/OMW	wns/als/wn-data-als.tab	imported_unreviewed			pos_from_wordnet
rrengjethem_N	N	rrengjethem			Albanet/OMW	wns/als/wn-data-als.tab	imported_unreviewed			pos_from_wordnet
rrenim_N	N	rrenim			Albanet/OMW	wns/als/wn-data-als.tab	imported_unreviewed			pos_from_wordnet
rrepte_N	N	rreptë			Albanet/OMW	wns/als/wn-data-als.tab	imported_unreviewed			pos_from_wordnet
rresht_N	N	rresht			Albanet/OMW	wns/als/wn-data-als.tab	imported_unreviewed			pos_from_wordnet
rreshtim_N	N	rreshtim			Albanet/OMW	wns/als/wn-data-als.tab	imported_unreviewed			pos_from_wordnet
rreth_N	N	rreth			Albanet/OMW	wns/als/wn-data-als.tab	imported_unreviewed			pos_from_wordnet
rreth_i_ngushte_N	N	rreth i ngushte			Albanet/OMW	wns/als/wn-data-als.tab	imported_unreviewed			multiword,pos_from_wordnet
rreth_metalik_N	N	rreth metalik			Albanet/OMW	wns/als/wn-data-als.tab	imported_unreviewed			multiword,pos_from_wordnet
rrethana_N	N	rrethana			Albanet/OMW	wns/als/wn-data-als.tab	imported_unreviewed			pos_from_wordnet
rrethana_te_favorshme_N	N	rrethana te favorshme			Albanet/OMW	wns/als/wn-data-als.tab	imported_unreviewed			multiword,pos_from_wordnet
rrethane_N	N	rrethane			Albanet/OMW	wns/als/wn-data-als.tab	imported_unreviewed			pos_from_wordnet
rrethim_N	N	rrethim			Albanet/OMW	wns/als/wn-data-als.tab	imported_unreviewed			pos_from_wordnet
rrezatim_N	N	rrezatim			Albanet/OMW	wns/als/wn-data-als.tab	imported_unreviewed			pos_from_wordnet
rrezatim_elektromagnetik_N	N	rrezatim elektromagnetik			Albanet/OMW	wns/als/wn-data-als.tab	imported_unreviewed			multiword,pos_from_wordnet
rrezatim_fotokimik_N	N	rrezatim fotokimik			Albanet/OMW	wns/als/wn-data-als.tab	imported_unreviewed			multiword,pos_from_wordnet
rrezatim_i_dukshem_N	N	rrezatim i dukshëm			Albanet/OMW	wns/als/wn-data-als.tab	imported_unreviewed			multiword,pos_from_wordnet
rreze_fotokimike_N	N	rreze fotokimike			Albanet/OMW	wns/als/wn-data-als.tab	imported_unreviewed			multiword,pos_from_wordnet
rrezik_N	N	rrezik			Albanet/OMW	wns/als/wn-data-als.tab	imported_unreviewed			pos_from_wordnet
rrezikim_N	N	rrezikim			Albanet/OMW	wns/als/wn-data-als.tab	imported_unreviewed			pos_from_wordnet
rrihem_me_grushta_N	N	rrihem me grushta			Albanet/OMW	wns/als/wn-data-als.tab	imported_unreviewed			multiword,pos_from_wordnet
rrip_N	N	rrip			Albanet/OMW	wns/als/wn-data-als.tab	imported_unreviewed			pos_from_wordnet
rrit_N	N	rrit			Albanet/OMW	wns/als/wn-data-als.tab	imported_unreviewed			pos_from_wordnet
rritje_N	N	rritje			Albanet/OMW	wns/als/wn-data-als.tab	imported_unreviewed			pos_from_wordnet
rritje_e_cmimeve_N	N	rritje e çmimeve			Albanet/OMW	wns/als/wn-data-als.tab	imported_unreviewed			multiword,pos_from_wordnet
rritje_rroge_N	N	rritje rroge			Albanet/OMW	wns/als/wn-data-als.tab	imported_unreviewed			multiword,pos_from_wordnet
rrjedh_N	N	rrjedh			Albanet/OMW	wns/als/wn-data-als.tab	imported_unreviewed			pos_from_wordnet
rrjedha_e_veprimit_N	N	rrjedha e veprimit			Albanet/OMW	wns/als/wn-data-als.tab	imported_unreviewed			multiword,pos_from_wordnet
rrjedhje_N	N	rrjedhje			Albanet/OMW	wns/als/wn-data-als.tab	imported_unreviewed			pos_from_wordnet
rrjedhoje_N	N	rrjedhoje			Albanet/OMW	wns/als/wn-data-als.tab	imported_unreviewed			pos_from_wordnet
rrjedhe_N	N	rrjedhë			Albanet/OMW	wns/als/wn-data-als.tab	imported_unreviewed			pos_from_wordnet
rrjete_e_thurur_N	N	rrjetë e thurur			Albanet/OMW	wns/als/wn-data-als.tab	imported_unreviewed			multiword,pos_from_wordnet
rroba_N	N	rroba			Albanet/OMW	wns/als/wn-data-als.tab	imported_unreviewed			pos_from_wordnet
rroge_N	N	rrogë			Albanet/OMW	wns/als/wn-data-als.tab	imported_unreviewed			pos_from_wordnet
rroge_e_rregullt_N	N	rrogë e rregullt			Albanet/OMW	wns/als/wn-data-als.tab	imported_unreviewed			multiword,pos_from_wordnet
rrokje_N	N	rrokje			Albanet/OMW	wns/als/wn-data-als.tab	imported_unreviewed			pos_from_wordnet
rrotullim_N	N	rrotullim			Albanet/OMW	wns/als/wn-data-als.tab	imported_unreviewed			pos_from_wordnet
rrotulloj_N	N	rrotulloj			Albanet/OMW	wns/als/wn-data-als.tab	imported_unreviewed			pos_from_wordnet
rrote_N	N	rrotë			Albanet/OMW	wns/als/wn-data-als.tab	imported_unreviewed			pos_from_wordnet
rrudhe_N	N	rrudhe			Albanet/OMW	wns/als/wn-data-als.tab	imported_unreviewed			pos_from_wordnet
rruga_e_jetes_N	N	rruga e jetës			Albanet/OMW	wns/als/wn-data-als.tab	imported_unreviewed			multiword,pos_from_wordnet
rruge_N	N	rruge			Albanet/OMW	wns/als/wn-data-als.tab	imported_unreviewed			pos_from_wordnet
rruge_dalje_N	N	rruge dalje			Albanet/OMW	wns/als/wn-data-als.tab	imported_unreviewed			multiword,pos_from_wordnet
rrugice_N	N	rrugicë			Albanet/OMW	wns/als/wn-data-als.tab	imported_unreviewed			pos_from_wordnet
rrugine_N	N	rruginë			Albanet/OMW	wns/als/wn-data-als.tab	imported_unreviewed			pos_from_wordnet
rrugine_parku_N	N	rruginë parku			Albanet/OMW	wns/als/wn-data-als.tab	imported_unreviewed			multiword,pos_from_wordnet
rrugine_private_N	N	rruginë private			Albanet/OMW	wns/als/wn-data-als.tab	imported_unreviewed			multiword,pos_from_wordnet
rruge_N__2	N	rrugë			Albanet/OMW | Baseline LexiconSqi	wns/als/wn-data-als.tab | road_N	baseline_lexicon_exact	road_N		lexicon_sqi_exact,pos_from_wordnet
rruge_kalimtaresh_N	N	rrugë kalimtarësh			Albanet/OMW	wns/als/wn-data-als.tab	imported_unreviewed			multiword,pos_from_wordnet
rruge_private_ne_oborr_N	N	rrugë private në oborr			Albanet/OMW	wns/als/wn-data-als.tab	imported_unreviewed			multiword,pos_from_wordnet
rrugedalje_N	N	rrugëdalje			Albanet/OMW	wns/als/wn-data-als.tab	imported_unreviewed			pos_from_wordnet
rryma_N	N	rryma			Albanet/OMW	wns/als/wn-data-als.tab	imported_unreviewed			pos_from_wordnet
rryme_ere_N	N	rrymë ere			Albanet/OMW	wns/als/wn-data-als.tab	imported_unreviewed			multiword,pos_from_wordnet
rrefenje_N	N	rrëfenjë			Albanet/OMW	wns/als/wn-data-als.tab	imported_unreviewed			pos_from_wordnet
rreke_N	N	rrëke			Albanet/OMW	wns/als/wn-data-als.tab	imported_unreviewed			pos_from_wordnet
rrembej_N	N	rrëmbej			Albanet/OMW	wns/als/wn-data-als.tab	imported_unreviewed			pos_from_wordnet
rremuje_N	N	rrëmujë			Albanet/OMW	wns/als/wn-data-als.tab	imported_unreviewed			pos_from_wordnet
rrenim_N__2	N	rrënim			Albanet/OMW	wns/als/wn-data-als.tab	imported_unreviewed			pos_from_wordnet
rrenje_N	N	rrënjë			Albanet/OMW | Baseline LexiconSqi	wns/als/wn-data-als.tab | root_N	baseline_lexicon_exact	root_N		lexicon_sqi_exact,pos_from_wordnet
rreshqanor_N	N	rrëshqanor			Albanet/OMW	wns/als/wn-data-als.tab	imported_unreviewed			pos_from_wordnet
rrezim_N	N	rrëzim			Albanet/OMW	wns/als/wn-data-als.tab	imported_unreviewed			pos_from_wordnet
rreze_e_hundes_N	N	rrëzë e hundës			Albanet/OMW	wns/als/wn-data-als.tab	imported_unreviewed			multiword,pos_from_wordnet
ruajtje_N	N	ruajtje			Albanet/OMW	wns/als/wn-data-als.tab	imported_unreviewed			pos_from_wordnet
rul_N	N	rul			Albanet/OMW	wns/als/wn-data-als.tab	imported_unreviewed			pos_from_wordnet
ruli_i_revoles_N	N	ruli i revoles			Albanet/OMW	wns/als/wn-data-als.tab	imported_unreviewed			multiword,pos_from_wordnet
rulon_N	N	rulon			Albanet/OMW	wns/als/wn-data-als.tab	imported_unreviewed			pos_from_wordnet
rutine_N	N	rutine			Albanet/OMW	wns/als/wn-data-als.tab	imported_unreviewed			pos_from_wordnet
ryshfet_N	N	ryshfet			Albanet/OMW	wns/als/wn-data-als.tab	imported_unreviewed			pos_from_wordnet
rendomesi_N	N	rëndomësi			Albanet/OMW	wns/als/wn-data-als.tab	imported_unreviewed			pos_from_wordnet
rendesi_N	N	rëndësi			Albanet/OMW	wns/als/wn-data-als.tab	imported_unreviewed			pos_from_wordnet
renie_N__2	N	rënie			Albanet/OMW	wns/als/wn-data-als.tab	imported_unreviewed			pos_from_wordnet
rere_N	N	rërë			Albanet/OMW | Baseline LexiconSqi	wns/als/wn-data-als.tab | sand_N	baseline_lexicon_exact	sand_N		lexicon_sqi_exact,pos_from_wordnet
s_N	N	S		14656219-n	Albanet/OMW	wns/als/wn-data-als.tab	imported_unreviewed			case_marked,pos_from_wordnet
s_N__2	N	s			Albanet/OMW	wns/als/wn-data-als.tab	imported_unreviewed			pos_from_wordnet
sajim_N	N	sajim			Albanet/OMW	wns/als/wn-data-als.tab	imported_unreviewed			pos_from_wordnet
salce_N	N	salcë			Albanet/OMW	wns/als/wn-data-als.tab	imported_unreviewed			pos_from_wordnet
sallate_N	N	sallatë			Albanet/OMW	wns/als/wn-data-als.tab	imported_unreviewed			pos_from_wordnet
sallon_N	N	sallon			Albanet/OMW	wns/als/wn-data-als.tab	imported_unreviewed			pos_from_wordnet
salloni_i_dhomes_N	N	salloni i dhomës			Albanet/OMW	wns/als/wn-data-als.tab	imported_unreviewed			multiword,pos_from_wordnet
salutim_N	N	salutim			Albanet/OMW	wns/als/wn-data-als.tab	imported_unreviewed			pos_from_wordnet
sandale_N	N	sandale			Albanet/OMW	wns/als/wn-data-als.tab	imported_unreviewed			pos_from_wordnet
sapun_N	N	sapun			Albanet/OMW	wns/als/wn-data-als.tab	imported_unreviewed			pos_from_wordnet
sasi_N	N	sasi			Albanet/OMW	wns/als/wn-data-als.tab	imported_unreviewed			pos_from_wordnet
sasi_e_pacaktuar_N	N	sasi e pacaktuar			Albanet/OMW	wns/als/wn-data-als.tab	imported_unreviewed			multiword,pos_from_wordnet
sasi_e_papercaktuar_N	N	sasi e papërcaktuar			Albanet/OMW	wns/als/wn-data-als.tab	imported_unreviewed			multiword,pos_from_wordnet
sasi_e_vogel_N	N	sasi e vogël			Albanet/OMW	wns/als/wn-data-als.tab	imported_unreviewed			multiword,pos_from_wordnet
sasi_parash_N	N	sasi parash			Albanet/OMW	wns/als/wn-data-als.tab	imported_unreviewed			multiword,pos_from_wordnet
sasi_relative_N	N	sasi relative			Albanet/OMW	wns/als/wn-data-als.tab	imported_unreviewed			multiword,pos_from_wordnet
sea_urchin_N	N	sea urchin			Albanet/OMW	wns/als/wn-data-als.tab	imported_unreviewed			multiword,pos_from_wordnet
seance_N	N	seancë			Albanet/OMW	wns/als/wn-data-als.tab	imported_unreviewed			pos_from_wordnet
seance_praktike_N	N	seancë praktike			Albanet/OMW	wns/als/wn-data-als.tab	imported_unreviewed			multiword,pos_from_wordnet
sec_N	N	sec			Albanet/OMW	wns/als/wn-data-als.tab	imported_unreviewed			pos_from_wordnet
segment_N	N	segment			Albanet/OMW	wns/als/wn-data-als.tab	imported_unreviewed			pos_from_wordnet
segmentizim_N	N	segmentizim			Albanet/OMW	wns/als/wn-data-als.tab	imported_unreviewed			pos_from_wordnet
sekonde_N	N	sekondë			Albanet/OMW	wns/als/wn-data-als.tab	imported_unreviewed			pos_from_wordnet
sekrecion_N	N	sekrecion			Albanet/OMW	wns/als/wn-data-als.tab	imported_unreviewed			pos_from_wordnet
sekret_N	N	sekret			Albanet/OMW	wns/als/wn-data-als.tab	imported_unreviewed			pos_from_wordnet
sekrtetare_N	N	sekrtetare			Albanet/OMW	wns/als/wn-data-als.tab	imported_unreviewed			pos_from_wordnet
seks_N	N	seks			Albanet/OMW	wns/als/wn-data-als.tab	imported_unreviewed			pos_from_wordnet
seksi_N	N	seksi			Albanet/OMW	wns/als/wn-data-als.tab	imported_unreviewed			pos_from_wordnet
seksion_N	N	seksion			Albanet/OMW	wns/als/wn-data-als.tab	imported_unreviewed			pos_from_wordnet
seksion_konik_N	N	seksion konik			Albanet/OMW	wns/als/wn-data-als.tab	imported_unreviewed			multiword,pos_from_wordnet
seksualizem_N	N	seksualizëm			Albanet/OMW	wns/als/wn-data-als.tab	imported_unreviewed			pos_from_wordnet
sektor_N	N	sektor			Albanet/OMW	wns/als/wn-data-als.tab	imported_unreviewed			pos_from_wordnet
sektor_administrativ_N	N	sektor administrativ			Albanet/OMW	wns/als/wn-data-als.tab	imported_unreviewed			multiword,pos_from_wordnet
seleksionim_N	N	seleksionim			Albanet/OMW	wns/als/wn-data-als.tab	imported_unreviewed			pos_from_wordnet
seminar_N	N	seminar			Albanet/OMW	wns/als/wn-data-als.tab	imported_unreviewed			pos_from_wordnet
send_N	N	send			Albanet/OMW	wns/als/wn-data-als.tab	imported_unreviewed			pos_from_wordnet
send_i_mprehte_N	N	send i mprehtë			Albanet/OMW	wns/als/wn-data-als.tab	imported_unreviewed			multiword,pos_from_wordnet
sende_N	N	sende			Albanet/OMW	wns/als/wn-data-als.tab	imported_unreviewed			pos_from_wordnet
sendiment_N	N	sendiment			Albanet/OMW	wns/als/wn-data-als.tab	imported_unreviewed			pos_from_wordnet
sens_N	N	sens			Albanet/OMW	wns/als/wn-data-als.tab	imported_unreviewed			pos_from_wordnet
seri_N	N	seri			Albanet/OMW	wns/als/wn-data-als.tab	imported_unreviewed			pos_from_wordnet
seri_ekologjiale_N	N	seri ekologjiale			Albanet/OMW	wns/als/wn-data-als.tab	imported_unreviewed			multiword,pos_from_wordnet
serre_N	N	serrë			Albanet/OMW	wns/als/wn-data-als.tab	imported_unreviewed			pos_from_wordnet
set_N	N	set			Albanet/OMW	wns/als/wn-data-als.tab	imported_unreviewed			pos_from_wordnet
sezon_N	N	sezon			Albanet/OMW	wns/als/wn-data-als.tab	imported_unreviewed			pos_from_wordnet
sezon_akademik_N	N	sezon akademik			Albanet/OMW	wns/als/wn-data-als.tab	imported_unreviewed			multiword,pos_from_wordnet
sezon_i_skontove_N	N	sezon i skontove			Albanet/OMW	wns/als/wn-data-als.tab	imported_unreviewed			multiword,pos_from_wordnet
sezon_shkollor_N	N	sezon shkollor			Albanet/OMW	wns/als/wn-data-als.tab	imported_unreviewed			multiword,pos_from_wordnet
sfere_N	N	sferë			Albanet/OMW	wns/als/wn-data-als.tab	imported_unreviewed			pos_from_wordnet
sfere_qiellore_N	N	sferë qiellore			Albanet/OMW	wns/als/wn-data-als.tab	imported_unreviewed			multiword,pos_from_wordnet
sfidues_N	N	sfidues			Albanet/OMW	wns/als/wn-data-als.tab	imported_unreviewed			pos_from_wordnet
sforcim_N	N	sforcim			Albanet/OMW	wns/als/wn-data-als.tab	imported_unreviewed			pos_from_wordnet
shah_N	N	shah			Albanet/OMW	wns/als/wn-data-als.tab	imported_unreviewed			pos_from_wordnet
shaka_N	N	shaka			Albanet/OMW	wns/als/wn-data-als.tab	imported_unreviewed			pos_from_wordnet
shamate_N	N	shamatë			Albanet/OMW	wns/als/wn-data-als.tab	imported_unreviewed			pos_from_wordnet
shami_N	N	shami			Albanet/OMW	wns/als/wn-data-als.tab	imported_unreviewed			pos_from_wordnet
shami_hundesh_N	N	shami hundësh			Albanet/OMW	wns/als/wn-data-als.tab	imported_unreviewed			multiword,pos_from_wordnet
shami_koke_N	N	shami koke			Albanet/OMW	wns/als/wn-data-als.tab	imported_unreviewed			multiword,pos_from_wordnet
shans_N	N	shans			Albanet/OMW	wns/als/wn-data-als.tab	imported_unreviewed			pos_from_wordnet
shef_N	N	shef			Albanet/OMW | Baseline LexiconSqi	wns/als/wn-data-als.tab | boss_N	baseline_lexicon_exact	boss_N		lexicon_sqi_exact,pos_from_wordnet
shekull_N	N	shekull			Albanet/OMW	wns/als/wn-data-als.tab	imported_unreviewed			pos_from_wordnet
shembull_N	N	shembull			Albanet/OMW	wns/als/wn-data-als.tab	imported_unreviewed			pos_from_wordnet
shembull_tipik_N	N	shembull tipik			Albanet/OMW	wns/als/wn-data-als.tab	imported_unreviewed			multiword,pos_from_wordnet
shenje_N	N	shenje			Albanet/OMW	wns/als/wn-data-als.tab	imported_unreviewed			pos_from_wordnet
shenjoj_N	N	shenjoj			Albanet/OMW	wns/als/wn-data-als.tab	imported_unreviewed			pos_from_wordnet
shenjt_N	N	shenjt			Albanet/OMW	wns/als/wn-data-als.tab	imported_unreviewed			pos_from_wordnet
shenjterim_N	N	shenjtërim			Albanet/OMW	wns/als/wn-data-als.tab	imported_unreviewed			pos_from_wordnet
shenjues_N	N	shenjues			Albanet/OMW	wns/als/wn-data-als.tab	imported_unreviewed			pos_from_wordnet
shenje_N__2	N	shenjë			Albanet/OMW	wns/als/wn-data-als.tab	imported_unreviewed			pos_from_wordnet
shenje_emri_N	N	shenjë emri			Albanet/OMW	wns/als/wn-data-als.tab	imported_unreviewed			multiword,pos_from_wordnet
sheqer_i_paster_N	N	sheqer i pastër			Albanet/OMW	wns/als/wn-data-als.tab	imported_unreviewed			multiword,pos_from_wordnet
sheqerke_N	N	sheqerkë			Albanet/OMW	wns/als/wn-data-als.tab	imported_unreviewed			pos_from_wordnet
sherbyes_N	N	sherbyes			Albanet/OMW	wns/als/wn-data-als.tab	imported_unreviewed			pos_from_wordnet
sherr_N	N	sherr			Albanet/OMW	wns/als/wn-data-als.tab	imported_unreviewed			pos_from_wordnet
shesh_perdhe_N	N	shesh ,përdhe			Albanet/OMW	wns/als/wn-data-als.tab	imported_unreviewed			multiword,pos_from_wordnet,punctuation
shesh_lojerash_N	N	shesh lojërash			Albanet/OMW	wns/als/wn-data-als.tab	imported_unreviewed			multiword,pos_from_wordnet
shesh_pazari_N	N	shesh pazari			Albanet/OMW	wns/als/wn-data-als.tab	imported_unreviewed			multiword,pos_from_wordnet
shesh_publik_N	N	shesh publik			Albanet/OMW	wns/als/wn-data-als.tab	imported_unreviewed			multiword,pos_from_wordnet
shfaq_N	N	shfaq			Albanet/OMW	wns/als/wn-data-als.tab	imported_unreviewed			pos_from_wordnet
shfaqje_N	N	shfaqje			Albanet/OMW	wns/als/wn-data-als.tab	imported_unreviewed			pos_from_wordnet
shfryrje_N	N	shfryrje			Albanet/OMW	wns/als/wn-data-als.tab	imported_unreviewed			pos_from_wordnet
shfrytezim_N	N	shfrytëzim			Albanet/OMW	wns/als/wn-data-als.tab	imported_unreviewed			pos_from_wordnet
shfuqizim_N	N	shfuqizim			Albanet/OMW	wns/als/wn-data-als.tab	imported_unreviewed			pos_from_wordnet
shhishe_N	N	shhishe			Albanet/OMW	wns/als/wn-data-als.tab	imported_unreviewed			pos_from_wordnet
shi_N	N	shi			Albanet/OMW | Baseline LexiconSqi	wns/als/wn-data-als.tab | rain_N	baseline_lexicon_exact	rain_N		lexicon_sqi_exact,pos_from_wordnet
shije_N	N	shije			Albanet/OMW	wns/als/wn-data-als.tab	imported_unreviewed			pos_from_wordnet
shikim_N	N	shikim			Albanet/OMW	wns/als/wn-data-als.tab	imported_unreviewed			pos_from_wordnet
shikoj_N	N	shikoj			Albanet/OMW	wns/als/wn-data-als.tab	imported_unreviewed			pos_from_wordnet
shikoj_drejt_N	N	shikoj drejt			Albanet/OMW	wns/als/wn-data-als.tab	imported_unreviewed			multiword,pos_from_wordnet
shilte_N	N	shilte			Albanet/OMW	wns/als/wn-data-als.tab	imported_unreviewed			pos_from_wordnet
shirit_fasho_N	N	shirit , fasho			Albanet/OMW	wns/als/wn-data-als.tab	imported_unreviewed			multiword,pos_from_wordnet,punctuation
shishe_N	N	shishe			Albanet/OMW	wns/als/wn-data-als.tab	imported_unreviewed			pos_from_wordnet
shitje_N	N	shitje			Albanet/OMW	wns/als/wn-data-als.tab	imported_unreviewed			pos_from_wordnet
shitjet_N	N	shitjet			Albanet/OMW	wns/als/wn-data-als.tab	imported_unreviewed			pos_from_wordnet
shkak_N	N	shkak			Albanet/OMW	wns/als/wn-data-als.tab	imported_unreviewed			pos_from_wordnet
shkalle_N	N	shkalle			Albanet/OMW	wns/als/wn-data-als.tab	imported_unreviewed			pos_from_wordnet
shkalle_N__2	N	shkallë			Albanet/OMW	wns/als/wn-data-als.tab	imported_unreviewed			pos_from_wordnet
shkalle_levizese_N	N	shkallë lëvizëse			Albanet/OMW	wns/als/wn-data-als.tab	imported_unreviewed			multiword,pos_from_wordnet
shkalle_siperore_N	N	shkallë sipërore			Albanet/OMW	wns/als/wn-data-als.tab	imported_unreviewed			multiword,pos_from_wordnet
shkarkim_N	N	shkarkim			Albanet/OMW	wns/als/wn-data-als.tab	imported_unreviewed			pos_from_wordnet
shkarkim_elektrike_N	N	shkarkim elektrike			Albanet/OMW	wns/als/wn-data-als.tab	imported_unreviewed			multiword,pos_from_wordnet
shkas_N	N	shkas			Albanet/OMW	wns/als/wn-data-als.tab	imported_unreviewed			pos_from_wordnet
shkaterrim_N	N	shkatërrim			Albanet/OMW	wns/als/wn-data-als.tab	imported_unreviewed			pos_from_wordnet
shkelje_N	N	shkelje			Albanet/OMW	wns/als/wn-data-als.tab	imported_unreviewed			pos_from_wordnet
shkelje_e_ligjit_N	N	shkelje e ligjit			Albanet/OMW	wns/als/wn-data-als.tab	imported_unreviewed			multiword,pos_from_wordnet
shkelmoj_N	N	shkelmoj			Albanet/OMW	wns/als/wn-data-als.tab	imported_unreviewed			pos_from_wordnet
shkenca_e_biologjise_N	N	shkenca e biologjisë			Albanet/OMW	wns/als/wn-data-als.tab	imported_unreviewed			multiword,pos_from_wordnet
shkenca_e_kimise_N	N	shkenca e kimisë			Albanet/OMW	wns/als/wn-data-als.tab	imported_unreviewed			multiword,pos_from_wordnet
shkenca_e_psikologjise_N	N	shkenca e psikologjisë			Albanet/OMW	wns/als/wn-data-als.tab	imported_unreviewed			multiword,pos_from_wordnet
shkenca_e_zbatuar_N	N	shkenca e zbatuar			Albanet/OMW	wns/als/wn-data-als.tab	imported_unreviewed			multiword,pos_from_wordnet
shkenca_inxhinierike_N	N	shkenca inxhinierike			Albanet/OMW	wns/als/wn-data-als.tab	imported_unreviewed			multiword,pos_from_wordnet
shkence_N	N	shkencë			Albanet/OMW | Baseline LexiconSqi	wns/als/wn-data-als.tab | science_N	baseline_lexicon_exact	science_N		lexicon_sqi_exact,pos_from_wordnet
shkence_biologjike_N	N	shkencë biologjike			Albanet/OMW	wns/als/wn-data-als.tab	imported_unreviewed			multiword,pos_from_wordnet
shkence_natyrore_N	N	shkencë natyrore			Albanet/OMW	wns/als/wn-data-als.tab	imported_unreviewed			multiword,pos_from_wordnet
shkencetare_N	N	shkencëtarë			Albanet/OMW	wns/als/wn-data-als.tab	imported_unreviewed			pos_from_wordnet
shkoj_me_taksi_N	N	shkoj me taksi			Albanet/OMW	wns/als/wn-data-als.tab	imported_unreviewed			multiword,pos_from_wordnet
shkollar_N	N	shkollar			Albanet/OMW	wns/als/wn-data-als.tab	imported_unreviewed			pos_from_wordnet
shkolle_N	N	shkolle			Albanet/OMW	wns/als/wn-data-als.tab	imported_unreviewed			pos_from_wordnet
shkollim_N	N	shkollim			Albanet/OMW	wns/als/wn-data-als.tab	imported_unreviewed			pos_from_wordnet
shkolle_N__2	N	shkollë			Albanet/OMW | Baseline LexiconSqi	wns/als/wn-data-als.tab | school_N	baseline_lexicon_exact	school_N		lexicon_sqi_exact,pos_from_wordnet
shkop_N	N	shkop			Albanet/OMW | Baseline LexiconSqi	wns/als/wn-data-als.tab | stick_N	baseline_lexicon_exact	stick_N		lexicon_sqi_exact,pos_from_wordnet
shkop_golfi_N	N	shkop golfi			Albanet/OMW	wns/als/wn-data-als.tab	imported_unreviewed			multiword,pos_from_wordnet
shkrep_N	N	shkrep			Albanet/OMW	wns/als/wn-data-als.tab	imported_unreviewed			pos_from_wordnet
shkrim_N	N	shkrim			Albanet/OMW	wns/als/wn-data-als.tab	imported_unreviewed			pos_from_wordnet
shkrim_dokumenti_N	N	shkrim dokumenti			Albanet/OMW	wns/als/wn-data-als.tab	imported_unreviewed			multiword,pos_from_wordnet
shkrim_dore_N	N	shkrim dore			Albanet/OMW	wns/als/wn-data-als.tab	imported_unreviewed			multiword,pos_from_wordnet
shkrimtar_N	N	shkrimtar			Albanet/OMW	wns/als/wn-data-als.tab	imported_unreviewed			pos_from_wordnet
shkrirje_N	N	shkrirje			Albanet/OMW	wns/als/wn-data-als.tab	imported_unreviewed			pos_from_wordnet
shkronja_alfabeti_N	N	shkronja alfabeti			Albanet/OMW	wns/als/wn-data-als.tab	imported_unreviewed			multiword,pos_from_wordnet
shkronje_N	N	shkronje			Albanet/OMW	wns/als/wn-data-als.tab	imported_unreviewed			pos_from_wordnet
shkuar_N	N	shkuar			Albanet/OMW	wns/als/wn-data-als.tab	imported_unreviewed			pos_from_wordnet
shkurre_N	N	shkurre			Albanet/OMW	wns/als/wn-data-als.tab	imported_unreviewed			pos_from_wordnet
shkelqim_N	N	shkëlqim			Albanet/OMW	wns/als/wn-data-als.tab	imported_unreviewed			pos_from_wordnet
shkemb_N	N	shkëmb			Baseline LexiconSqi	rock_N	baseline_lexicon_exact	rock_N		lexicon_sqi_exact
shkembim_N	N	shkëmbim			Albanet/OMW	wns/als/wn-data-als.tab	imported_unreviewed			pos_from_wordnet
shkeputje_N	N	shkëputje			Albanet/OMW	wns/als/wn-data-als.tab	imported_unreviewed			pos_from_wordnet
shmangie_N	N	shmangie			Albanet/OMW	wns/als/wn-data-als.tab	imported_unreviewed			pos_from_wordnet
shmangie_nga_standarti_N	N	shmangie nga standarti			Albanet/OMW	wns/als/wn-data-als.tab	imported_unreviewed			multiword,pos_from_wordnet
shnderrim_N	N	shndërrim			Albanet/OMW	wns/als/wn-data-als.tab	imported_unreviewed			pos_from_wordnet
shok_N	N	shok			Albanet/OMW	wns/als/wn-data-als.tab	imported_unreviewed			pos_from_wordnet
shok_i_ngushte_N	N	shok i ngushte			Albanet/OMW	wns/als/wn-data-als.tab	imported_unreviewed			multiword,pos_from_wordnet
shoke_N	N	shoke			Albanet/OMW	wns/als/wn-data-als.tab	imported_unreviewed			pos_from_wordnet
shoqate_N	N	shoqatë			Albanet/OMW	wns/als/wn-data-als.tab	imported_unreviewed			pos_from_wordnet
shoqeri_N	N	shoqëri			Albanet/OMW	wns/als/wn-data-als.tab	imported_unreviewed			pos_from_wordnet
shoqerim_N	N	shoqërim			Albanet/OMW	wns/als/wn-data-als.tab	imported_unreviewed			pos_from_wordnet
shoqerues_N	N	shoqërues			Albanet/OMW	wns/als/wn-data-als.tab	imported_unreviewed			pos_from_wordnet
short_N	N	short			Albanet/OMW	wns/als/wn-data-als.tab	imported_unreviewed			pos_from_wordnet
shpat_N	N	shpat			Albanet/OMW	wns/als/wn-data-als.tab	imported_unreviewed			pos_from_wordnet
shpatull_N	N	shpatull			Albanet/OMW	wns/als/wn-data-als.tab	imported_unreviewed			pos_from_wordnet
shpejtoj_N	N	shpejtoj			Albanet/OMW	wns/als/wn-data-als.tab	imported_unreviewed			pos_from_wordnet
shpejte_N	N	shpejtë			Albanet/OMW	wns/als/wn-data-als.tab	imported_unreviewed			pos_from_wordnet
shpejtesi_N	N	shpejtësi			Albanet/OMW	wns/als/wn-data-als.tab	imported_unreviewed			pos_from_wordnet
shpend_femer_N	N	shpend femër			Albanet/OMW	wns/als/wn-data-als.tab	imported_unreviewed			multiword,pos_from_wordnet
shperrthim_N	N	shperrthim			Albanet/OMW	wns/als/wn-data-als.tab	imported_unreviewed			pos_from_wordnet
shpikje_N	N	shpikje			Albanet/OMW	wns/als/wn-data-als.tab	imported_unreviewed			pos_from_wordnet
shpine_N	N	shpinë			Albanet/OMW | Baseline LexiconSqi	wns/als/wn-data-als.tab | back_N	baseline_lexicon_exact	back_N		lexicon_sqi_exact,pos_from_wordnet
shpirt_N	N	shpirt			Albanet/OMW	wns/als/wn-data-als.tab	imported_unreviewed			pos_from_wordnet
shpirt_njeri_N	N	shpirt njëri			Albanet/OMW	wns/als/wn-data-als.tab	imported_unreviewed			multiword,pos_from_wordnet
shpirt_pa_trup_N	N	shpirt pa trup			Albanet/OMW	wns/als/wn-data-als.tab	imported_unreviewed			multiword,pos_from_wordnet
shpjegim_N	N	shpjegim			Albanet/OMW	wns/als/wn-data-als.tab	imported_unreviewed			pos_from_wordnet
shport_N	N	shport			Albanet/OMW	wns/als/wn-data-als.tab	imported_unreviewed			pos_from_wordnet
shporte_N	N	shportë			Albanet/OMW	wns/als/wn-data-als.tab	imported_unreviewed			pos_from_wordnet
shpreh_N	N	shpreh			Albanet/OMW	wns/als/wn-data-als.tab	imported_unreviewed			pos_from_wordnet
shprehi_N	N	shprehi			Albanet/OMW	wns/als/wn-data-als.tab	imported_unreviewed			pos_from_wordnet
shprehje_N	N	shprehje			Albanet/OMW	wns/als/wn-data-als.tab	imported_unreviewed			pos_from_wordnet
shprehje_e_fytyres_N	N	shprehje e fytyrës			Albanet/OMW	wns/als/wn-data-als.tab	imported_unreviewed			multiword,pos_from_wordnet
shprehje_idiomatike_N	N	shprehje idiomatike			Albanet/OMW	wns/als/wn-data-als.tab	imported_unreviewed			multiword,pos_from_wordnet
shprese_N	N	shprese			Albanet/OMW	wns/als/wn-data-als.tab	imported_unreviewed			pos_from_wordnet
shpute_N	N	shputë			Albanet/OMW	wns/als/wn-data-als.tab	imported_unreviewed			pos_from_wordnet
shpute_kembe_N	N	shputë këmbe			Albanet/OMW	wns/als/wn-data-als.tab	imported_unreviewed			multiword,pos_from_wordnet
shperblim_N	N	shpërblim			Albanet/OMW	wns/als/wn-data-als.tab	imported_unreviewed			pos_from_wordnet
shperdorim_N	N	shpërdorim			Albanet/OMW	wns/als/wn-data-als.tab	imported_unreviewed			pos_from_wordnet
shperfillje_N	N	shpërfillje			Albanet/OMW	wns/als/wn-data-als.tab	imported_unreviewed			pos_from_wordnet
shperndaj_N	N	shpërndaj			Albanet/OMW	wns/als/wn-data-als.tab	imported_unreviewed			pos_from_wordnet
shperndarje_N	N	shpërndarje			Albanet/OMW	wns/als/wn-data-als.tab	imported_unreviewed			pos_from_wordnet
shperngulje_N	N	shpërngulje			Albanet/OMW	wns/als/wn-data-als.tab	imported_unreviewed			pos_from_wordnet
shperthej_N	N	shpërthej			Albanet/OMW	wns/als/wn-data-als.tab	imported_unreviewed			pos_from_wordnet
shperthim_N	N	shpërthim			Albanet/OMW	wns/als/wn-data-als.tab	imported_unreviewed			pos_from_wordnet
shpetim_N	N	shpëtim			Albanet/OMW	wns/als/wn-data-als.tab	imported_unreviewed			pos_from_wordnet
shqetesim_N	N	shqetësim			Albanet/OMW	wns/als/wn-data-als.tab	imported_unreviewed			pos_from_wordnet
shqiptim_N	N	shqiptim			Albanet/OMW	wns/als/wn-data-als.tab	imported_unreviewed			pos_from_wordnet
shqyrtim_N	N	shqyrtim			Albanet/OMW	wns/als/wn-data-als.tab	imported_unreviewed			pos_from_wordnet
shrytezoj_N	N	shrytëzoj			Albanet/OMW	wns/als/wn-data-als.tab	imported_unreviewed			pos_from_wordnet
shtatzenesi_N	N	shtatzënësi			Albanet/OMW	wns/als/wn-data-als.tab	imported_unreviewed			pos_from_wordnet
shtaze_N	N	shtazë			Albanet/OMW	wns/als/wn-data-als.tab	imported_unreviewed			pos_from_wordnet
shteg_N	N	shteg			Albanet/OMW	wns/als/wn-data-als.tab	imported_unreviewed			pos_from_wordnet
shtegtim_N	N	shtegtim			Albanet/OMW	wns/als/wn-data-als.tab	imported_unreviewed			pos_from_wordnet
shtepi_N	N	shtepi			Albanet/OMW	wns/als/wn-data-als.tab	imported_unreviewed			pos_from_wordnet
shtesa_e_mesme_N	N	shtesa e mesme			Albanet/OMW	wns/als/wn-data-als.tab	imported_unreviewed			multiword,pos_from_wordnet
shtese_N	N	shtesë			Albanet/OMW	wns/als/wn-data-als.tab	imported_unreviewed			pos_from_wordnet
shtet_N	N	shtet			Albanet/OMW	wns/als/wn-data-als.tab	imported_unreviewed			pos_from_wordnet
shtetas_N	N	shtetas			Albanet/OMW	wns/als/wn-data-als.tab	imported_unreviewed			pos_from_wordnet
shtim_i_burimit_te_te_ardhurave_N	N	shtim i burimit të të ardhurave			Albanet/OMW	wns/als/wn-data-als.tab	imported_unreviewed			multiword,pos_from_wordnet
shtirje_N	N	shtirje			Albanet/OMW	wns/als/wn-data-als.tab	imported_unreviewed			pos_from_wordnet
shtize_N	N	shtizë			Albanet/OMW	wns/als/wn-data-als.tab	imported_unreviewed			pos_from_wordnet
shtjellim_N	N	shtjellim			Albanet/OMW	wns/als/wn-data-als.tab	imported_unreviewed			pos_from_wordnet
shtohem_N	N	shtohem			Albanet/OMW	wns/als/wn-data-als.tab	imported_unreviewed			pos_from_wordnet
shtoj_N	N	shtoj			Albanet/OMW	wns/als/wn-data-als.tab	imported_unreviewed			pos_from_wordnet
shtojce_N	N	shtojcë			Albanet/OMW	wns/als/wn-data-als.tab	imported_unreviewed			pos_from_wordnet
shtrat_N	N	shtrat			Albanet/OMW	wns/als/wn-data-als.tab	imported_unreviewed			pos_from_wordnet
shtremberim_N	N	shtrembërim			Albanet/OMW	wns/als/wn-data-als.tab	imported_unreviewed			pos_from_wordnet
shtrese_N	N	shtresë			Albanet/OMW	wns/als/wn-data-als.tab	imported_unreviewed			pos_from_wordnet
shtrese_trupi_N	N	shtresë trupi			Albanet/OMW	wns/als/wn-data-als.tab	imported_unreviewed			multiword,pos_from_wordnet
shtrirje_N	N	shtrirje			Albanet/OMW	wns/als/wn-data-als.tab	imported_unreviewed			pos_from_wordnet
shtrydhje_N	N	shtrydhje			Albanet/OMW	wns/als/wn-data-als.tab	imported_unreviewed			pos_from_wordnet
shtyj_N	N	shtyj			Albanet/OMW	wns/als/wn-data-als.tab	imported_unreviewed			pos_from_wordnet
shtylle_N	N	shtyllë			Albanet/OMW	wns/als/wn-data-als.tab	imported_unreviewed			pos_from_wordnet
shtyp_N	N	shtyp			Albanet/OMW	wns/als/wn-data-als.tab	imported_unreviewed			pos_from_wordnet
shtypi_i_perditshem_N	N	shtypi i përditshëm			Albanet/OMW	wns/als/wn-data-als.tab	imported_unreviewed			multiword,pos_from_wordnet
shtypje_N	N	shtypje			Albanet/OMW	wns/als/wn-data-als.tab	imported_unreviewed			pos_from_wordnet
shtyrje_N	N	shtyrje			Albanet/OMW	wns/als/wn-data-als.tab	imported_unreviewed			pos_from_wordnet
shtytje_N	N	shtytje			Albanet/OMW	wns/als/wn-data-als.tab	imported_unreviewed			pos_from_wordnet
shtytes_N	N	shtytës			Albanet/OMW	wns/als/wn-data-als.tab	imported_unreviewed			pos_from_wordnet
shtepi_N__2	N	shtëpi			Albanet/OMW | Baseline LexiconSqi	wns/als/wn-data-als.tab | house_N	baseline_lexicon_exact	house_N		lexicon_sqi_exact,pos_from_wordnet
shtepi_banimi_N	N	shtëpi banimi			Albanet/OMW	wns/als/wn-data-als.tab	imported_unreviewed			multiword,pos_from_wordnet
shtepia_e_zotit_N	N	shtëpia e zotit			Albanet/OMW	wns/als/wn-data-als.tab	imported_unreviewed			multiword,pos_from_wordnet
shtepiak_N	N	shtëpiak			Albanet/OMW	wns/als/wn-data-als.tab	imported_unreviewed			pos_from_wordnet
shtepize_N	N	shtëpizë			Albanet/OMW	wns/als/wn-data-als.tab	imported_unreviewed			pos_from_wordnet
shtepize_gjuetie_N	N	shtëpizë gjuetie			Albanet/OMW	wns/als/wn-data-als.tab	imported_unreviewed			multiword,pos_from_wordnet
shtepize_indianesh_N	N	shtëpizë indianësh			Albanet/OMW	wns/als/wn-data-als.tab	imported_unreviewed			multiword,pos_from_wordnet
shuarje_N	N	shuarje			Albanet/OMW	wns/als/wn-data-als.tab	imported_unreviewed			pos_from_wordnet
shufer_N	N	shufër			Albanet/OMW	wns/als/wn-data-als.tab	imported_unreviewed			pos_from_wordnet
shuma_N	N	shuma			Albanet/OMW	wns/als/wn-data-als.tab	imported_unreviewed			pos_from_wordnet
shume_e_papercaktuar_N	N	shume e papërcaktuar			Albanet/OMW	wns/als/wn-data-als.tab	imported_unreviewed			multiword,pos_from_wordnet
shumice_N	N	shumicë			Albanet/OMW	wns/als/wn-data-als.tab	imported_unreviewed			pos_from_wordnet
shume_N	N	shumë			Albanet/OMW	wns/als/wn-data-als.tab	imported_unreviewed			pos_from_wordnet
shume_e_vogel_N	N	shumë e vogël			Albanet/OMW	wns/als/wn-data-als.tab	imported_unreviewed			multiword,pos_from_wordnet
shume_parash_N	N	shumë parash			Albanet/OMW	wns/als/wn-data-als.tab	imported_unreviewed			multiword,pos_from_wordnet
shume_takse_N	N	shumë takse			Albanet/OMW	wns/als/wn-data-als.tab	imported_unreviewed			multiword,pos_from_wordnet
shume_totale_N	N	shumë totale			Albanet/OMW	wns/als/wn-data-als.tab	imported_unreviewed			multiword,pos_from_wordnet
shumefaqesh_N	N	shumëfaqësh			Albanet/OMW	wns/als/wn-data-als.tab	imported_unreviewed			pos_from_wordnet
shumellojshmeri_N	N	shumëllojshmëri			Albanet/OMW	wns/als/wn-data-als.tab	imported_unreviewed			pos_from_wordnet
shushatje_N	N	shushatje			Albanet/OMW	wns/als/wn-data-als.tab	imported_unreviewed			pos_from_wordnet
shushurima_N	N	shushurima			Albanet/OMW	wns/als/wn-data-als.tab	imported_unreviewed			pos_from_wordnet
shemti_N	N	shëmti			Albanet/OMW	wns/als/wn-data-als.tab	imported_unreviewed			pos_from_wordnet
shendet_mendor_N	N	shëndet mendor			Albanet/OMW	wns/als/wn-data-als.tab	imported_unreviewed			multiword,pos_from_wordnet
shendetlige_N	N	shëndetligë			Albanet/OMW	wns/als/wn-data-als.tab	imported_unreviewed			pos_from_wordnet
shenim_N	N	shënim			Albanet/OMW	wns/als/wn-data-als.tab	imported_unreviewed			pos_from_wordnet
shenoj_N	N	shënoj			Albanet/OMW	wns/als/wn-data-als.tab	imported_unreviewed			pos_from_wordnet
shenues_karte_N	N	shënues kartë			Albanet/OMW	wns/als/wn-data-als.tab	imported_unreviewed			multiword,pos_from_wordnet
sherbese_N	N	shërbesë			Albanet/OMW	wns/als/wn-data-als.tab	imported_unreviewed			pos_from_wordnet
sherbese_fetare_N	N	shërbesë fetare			Albanet/OMW	wns/als/wn-data-als.tab	imported_unreviewed			multiword,pos_from_wordnet
sherbese_ne_kishe_N	N	shërbesë në kishë			Albanet/OMW	wns/als/wn-data-als.tab	imported_unreviewed			multiword,pos_from_wordnet
sherbese_rituale_N	N	shërbesë rituale			Albanet/OMW	wns/als/wn-data-als.tab	imported_unreviewed			multiword,pos_from_wordnet
sherbim_N	N	shërbim			Albanet/OMW	wns/als/wn-data-als.tab	imported_unreviewed			pos_from_wordnet
sherbim_i_armatosur_N	N	shërbim i armatosur			Albanet/OMW	wns/als/wn-data-als.tab	imported_unreviewed			multiword,pos_from_wordnet
sherbim_korespondence_N	N	shërbim korespondence			Albanet/OMW	wns/als/wn-data-als.tab	imported_unreviewed			multiword,pos_from_wordnet
sherbim_poste_N	N	shërbim poste			Albanet/OMW	wns/als/wn-data-als.tab	imported_unreviewed			multiword,pos_from_wordnet
sherbim_ushtarak_N	N	shërbim ushtarak			Albanet/OMW	wns/als/wn-data-als.tab	imported_unreviewed			multiword,pos_from_wordnet
sherbimi_ushtarak_N	N	shërbimi ushtarak			Albanet/OMW	wns/als/wn-data-als.tab	imported_unreviewed			multiword,pos_from_wordnet
sherbyes_N__2	N	shërbyes			Albanet/OMW	wns/als/wn-data-als.tab	imported_unreviewed			pos_from_wordnet
shetitje_N	N	shëtitje			Albanet/OMW	wns/als/wn-data-als.tab	imported_unreviewed			pos_from_wordnet
siguri_N	N	siguri			Albanet/OMW	wns/als/wn-data-als.tab	imported_unreviewed			pos_from_wordnet
sigurim_N	N	sigurim			Albanet/OMW	wns/als/wn-data-als.tab	imported_unreviewed			pos_from_wordnet
siguroj_N	N	siguroj			Albanet/OMW	wns/als/wn-data-als.tab	imported_unreviewed			pos_from_wordnet
sillem_N	N	sillem			Albanet/OMW	wns/als/wn-data-als.tab	imported_unreviewed			pos_from_wordnet
silur_N	N	silur			Albanet/OMW	wns/als/wn-data-als.tab	imported_unreviewed			pos_from_wordnet
simbol_N	N	simbol			Albanet/OMW	wns/als/wn-data-als.tab	imported_unreviewed			pos_from_wordnet
simbol_grafik_N	N	simbol grafik			Albanet/OMW	wns/als/wn-data-als.tab	imported_unreviewed			multiword,pos_from_wordnet
simbol_i_shtypur_N	N	simbol i shtypur			Albanet/OMW	wns/als/wn-data-als.tab	imported_unreviewed			multiword,pos_from_wordnet
simbol_shkrimi_N	N	simbol shkrimi			Albanet/OMW	wns/als/wn-data-als.tab	imported_unreviewed			multiword,pos_from_wordnet
simetri_N	N	simetri			Albanet/OMW	wns/als/wn-data-als.tab	imported_unreviewed			pos_from_wordnet
simetrik_N	N	simetrik			Albanet/OMW	wns/als/wn-data-als.tab	imported_unreviewed			pos_from_wordnet
simite_N	N	simite			Albanet/OMW	wns/als/wn-data-als.tab	imported_unreviewed			pos_from_wordnet
simpati_N	N	simpati			Albanet/OMW	wns/als/wn-data-als.tab	imported_unreviewed			pos_from_wordnet
simptoma_N	N	simptoma			Albanet/OMW	wns/als/wn-data-als.tab	imported_unreviewed			pos_from_wordnet
sindikate_N	N	sindikatë			Albanet/OMW	wns/als/wn-data-als.tab	imported_unreviewed			pos_from_wordnet
sinjal_N	N	sinjal			Albanet/OMW	wns/als/wn-data-als.tab	imported_unreviewed			pos_from_wordnet
sinjalizim_N	N	sinjalizim			Albanet/OMW	wns/als/wn-data-als.tab	imported_unreviewed			pos_from_wordnet
siperfaqe_N	N	sipërfaqe			Albanet/OMW	wns/als/wn-data-als.tab	imported_unreviewed			pos_from_wordnet
siperfaqe_e_forte_N	N	sipërfaqe e forte			Albanet/OMW	wns/als/wn-data-als.tab	imported_unreviewed			multiword,pos_from_wordnet
siperfaqe_e_populluar_N	N	sipërfaqe e populluar			Albanet/OMW	wns/als/wn-data-als.tab	imported_unreviewed			multiword,pos_from_wordnet
siperfaqe_e_tokes_N	N	sipërfaqe e tokës			Albanet/OMW	wns/als/wn-data-als.tab	imported_unreviewed			multiword,pos_from_wordnet
siperfaqe_gjeografike_N	N	sipërfaqe gjeografike			Albanet/OMW	wns/als/wn-data-als.tab	imported_unreviewed			multiword,pos_from_wordnet
siperfaqe_konkave_N	N	sipërfaqe konkave			Albanet/OMW	wns/als/wn-data-als.tab	imported_unreviewed			multiword,pos_from_wordnet
siperfaqe_ne_nivel_N	N	sipërfaqe në nivel			Albanet/OMW	wns/als/wn-data-als.tab	imported_unreviewed			multiword,pos_from_wordnet
siperfaqe_strehimi_N	N	sipërfaqe strehimi			Albanet/OMW	wns/als/wn-data-als.tab	imported_unreviewed			multiword,pos_from_wordnet
siperfaqe_urbanistike_N	N	sipërfaqe urbanistike			Albanet/OMW	wns/als/wn-data-als.tab	imported_unreviewed			multiword,pos_from_wordnet
siperfaqe_vertikale_N	N	sipërfaqe vertikale			Albanet/OMW	wns/als/wn-data-als.tab	imported_unreviewed			multiword,pos_from_wordnet
sipermarrje_N	N	sipërmarrje			Albanet/OMW	wns/als/wn-data-als.tab	imported_unreviewed			pos_from_wordnet
sipermarrje_te_veshtira_N	N	sipërmarrje të vështira			Albanet/OMW	wns/als/wn-data-als.tab	imported_unreviewed			multiword,pos_from_wordnet
sipermarres_N	N	sipërmarrës			Albanet/OMW	wns/als/wn-data-als.tab	imported_unreviewed			pos_from_wordnet
sistem_N	N	sistem			Albanet/OMW	wns/als/wn-data-als.tab	imported_unreviewed			pos_from_wordnet
sistem_ekonomik_N	N	sistem ekonomik			Albanet/OMW	wns/als/wn-data-als.tab	imported_unreviewed			multiword,pos_from_wordnet
sistem_i_matjes_N	N	sistem i matjes			Albanet/OMW	wns/als/wn-data-als.tab	imported_unreviewed			multiword,pos_from_wordnet
sistem_i_njehsueshem_N	N	sistem i njehsueshëm			Albanet/OMW	wns/als/wn-data-als.tab	imported_unreviewed			multiword,pos_from_wordnet
sistem_i_referimit_N	N	sistem i referimit			Albanet/OMW	wns/als/wn-data-als.tab	imported_unreviewed			multiword,pos_from_wordnet
sistem_komunikimi_N	N	sistem komunikimi			Albanet/OMW	wns/als/wn-data-als.tab	imported_unreviewed			multiword,pos_from_wordnet
sistem_koordinative_N	N	sistem koordinativë			Albanet/OMW	wns/als/wn-data-als.tab	imported_unreviewed			multiword,pos_from_wordnet
sistem_ligjesh_N	N	sistem ligjesh			Albanet/OMW	wns/als/wn-data-als.tab	imported_unreviewed			multiword,pos_from_wordnet
sistem_monetar_N	N	sistem monetar			Albanet/OMW	wns/als/wn-data-als.tab	imported_unreviewed			multiword,pos_from_wordnet
sistem_ngrohje_N	N	sistem ngrohje			Albanet/OMW	wns/als/wn-data-als.tab	imported_unreviewed			multiword,pos_from_wordnet
sistem_politike_N	N	sistem politike			Albanet/OMW	wns/als/wn-data-als.tab	imported_unreviewed			multiword,pos_from_wordnet
sistem_programimi_N	N	sistem programimi			Albanet/OMW	wns/als/wn-data-als.tab	imported_unreviewed			multiword,pos_from_wordnet
sistem_ujites_N	N	sistem ujitës			Albanet/OMW	wns/als/wn-data-als.tab	imported_unreviewed			multiword,pos_from_wordnet
sistemi_i_perpunimit_te_informacionit_N	N	sistemi i përpunimit të informacionit			Albanet/OMW	wns/als/wn-data-als.tab	imported_unreviewed			multiword,pos_from_wordnet
sistemi_i_rregullave_N	N	sistemi i rregullave			Albanet/OMW	wns/als/wn-data-als.tab	imported_unreviewed			multiword,pos_from_wordnet
sistemi_i_skeletit_N	N	sistemi i skeletit			Albanet/OMW	wns/als/wn-data-als.tab	imported_unreviewed			multiword,pos_from_wordnet
sistemi_nervor_N	N	sistemi nervor			Albanet/OMW	wns/als/wn-data-als.tab	imported_unreviewed			multiword,pos_from_wordnet
sistemoj_N	N	sistemoj			Albanet/OMW	wns/als/wn-data-als.tab	imported_unreviewed			pos_from_wordnet
situate_N	N	situatë			Albanet/OMW	wns/als/wn-data-als.tab	imported_unreviewed			pos_from_wordnet
sjell_verdalle_N	N	sjell vërdallë			Albanet/OMW	wns/als/wn-data-als.tab	imported_unreviewed			multiword,pos_from_wordnet
sjellje_N	N	sjellje			Albanet/OMW	wns/als/wn-data-als.tab	imported_unreviewed			pos_from_wordnet
sjellje_e_keqe_N	N	sjellje e keqe			Albanet/OMW	wns/als/wn-data-als.tab	imported_unreviewed			multiword,pos_from_wordnet
skaj_N	N	skaj			Albanet/OMW	wns/als/wn-data-als.tab	imported_unreviewed			pos_from_wordnet
skedar_N	N	skedar			Albanet/OMW	wns/als/wn-data-als.tab	imported_unreviewed			pos_from_wordnet
skelet_N	N	skelet			Albanet/OMW	wns/als/wn-data-als.tab	imported_unreviewed			pos_from_wordnet
skele_N	N	skelë			Albanet/OMW	wns/als/wn-data-als.tab	imported_unreviewed			pos_from_wordnet
skeme_N	N	skemë			Albanet/OMW	wns/als/wn-data-als.tab	imported_unreviewed			pos_from_wordnet
skene_N	N	skene			Albanet/OMW	wns/als/wn-data-als.tab	imported_unreviewed			pos_from_wordnet
skeptik_N	N	skeptik			Albanet/OMW	wns/als/wn-data-als.tab	imported_unreviewed			pos_from_wordnet
skerme_N	N	skermë			Albanet/OMW	wns/als/wn-data-als.tab	imported_unreviewed			pos_from_wordnet
skicim_N	N	skicim			Albanet/OMW	wns/als/wn-data-als.tab	imported_unreviewed			pos_from_wordnet
skllaveri_N	N	skllavëri			Albanet/OMW	wns/als/wn-data-als.tab	imported_unreviewed			pos_from_wordnet
skuader_N	N	skuadër			Albanet/OMW	wns/als/wn-data-als.tab	imported_unreviewed			pos_from_wordnet
skuqje_N	N	skuqje			Albanet/OMW	wns/als/wn-data-als.tab	imported_unreviewed			pos_from_wordnet
sketerre_N	N	skëterrë			Albanet/OMW	wns/als/wn-data-als.tab	imported_unreviewed			pos_from_wordnet
slot_N	N	slot			Albanet/OMW	wns/als/wn-data-als.tab	imported_unreviewed			pos_from_wordnet
sn_N	N	Sn		14658855-n	Albanet/OMW	wns/als/wn-data-als.tab	imported_unreviewed			case_marked,pos_from_wordnet
sobe_N	N	sobë			Baseline LexiconSqi	stove_N	baseline_lexicon_exact	stove_N		lexicon_sqi_exact
soj_N	N	soj			Albanet/OMW	wns/als/wn-data-als.tab	imported_unreviewed			pos_from_wordnet
specie_N	N	specie			Albanet/OMW	wns/als/wn-data-als.tab	imported_unreviewed			pos_from_wordnet
speed_N	N	speed			Albanet/OMW	wns/als/wn-data-als.tab	imported_unreviewed			pos_from_wordnet
spitullaq_N	N	spitullaq			Albanet/OMW	wns/als/wn-data-als.tab	imported_unreviewed			pos_from_wordnet
spiun_N	N	spiun			Albanet/OMW	wns/als/wn-data-als.tab	imported_unreviewed			pos_from_wordnet
sport_N	N	sport			Albanet/OMW	wns/als/wn-data-als.tab	imported_unreviewed			pos_from_wordnet
sprove_N	N	sprovë			Albanet/OMW	wns/als/wn-data-als.tab	imported_unreviewed			pos_from_wordnet
sprove_e_rrezikshme_N	N	sprovë e rrezikshme			Albanet/OMW	wns/als/wn-data-als.tab	imported_unreviewed			multiword,pos_from_wordnet
squfur_N	N	squfur			Albanet/OMW	wns/als/wn-data-als.tab	imported_unreviewed			pos_from_wordnet
srtukture_nervore_N	N	srtukturë nervore			Albanet/OMW	wns/als/wn-data-als.tab	imported_unreviewed			multiword,pos_from_wordnet
stacion_N	N	stacion			Albanet/OMW	wns/als/wn-data-als.tab	imported_unreviewed			pos_from_wordnet
stacion_makinash_N	N	stacion makinash			Albanet/OMW	wns/als/wn-data-als.tab	imported_unreviewed			multiword,pos_from_wordnet
stadium_N	N	stadium			Albanet/OMW	wns/als/wn-data-als.tab	imported_unreviewed			pos_from_wordnet
staf_N	N	staf			Albanet/OMW	wns/als/wn-data-als.tab	imported_unreviewed			pos_from_wordnet
stalle_N	N	stallë			Albanet/OMW	wns/als/wn-data-als.tab	imported_unreviewed			pos_from_wordnet
stampim_N	N	stampim			Albanet/OMW	wns/als/wn-data-als.tab	imported_unreviewed			pos_from_wordnet
standartizim_N	N	standartizim			Albanet/OMW	wns/als/wn-data-als.tab	imported_unreviewed			pos_from_wordnet
steme_N	N	stemë			Albanet/OMW	wns/als/wn-data-als.tab	imported_unreviewed			pos_from_wordnet
stende_N	N	stendë			Albanet/OMW	wns/als/wn-data-als.tab	imported_unreviewed			pos_from_wordnet
stil_N	N	stil			Albanet/OMW	wns/als/wn-data-als.tab	imported_unreviewed			pos_from_wordnet
stil_letrar_N	N	stil letrar			Albanet/OMW	wns/als/wn-data-als.tab	imported_unreviewed			multiword,pos_from_wordnet
stil_shprehesh_N	N	stil shprehesh			Albanet/OMW	wns/als/wn-data-als.tab	imported_unreviewed			multiword,pos_from_wordnet
stil_te_shkruari_N	N	stil te shkruari			Albanet/OMW	wns/als/wn-data-als.tab	imported_unreviewed			multiword,pos_from_wordnet
stilolaps_N	N	stilolaps			Baseline LexiconSqi	pen_N	baseline_lexicon_exact	pen_N		lexicon_sqi_exact
stimuloj_N	N	stimuloj			Albanet/OMW	wns/als/wn-data-als.tab	imported_unreviewed			pos_from_wordnet
stimulues_N	N	stimulues			Albanet/OMW	wns/als/wn-data-als.tab	imported_unreviewed			pos_from_wordnet
stimulues_negativ_N	N	stimulues negativ			Albanet/OMW	wns/als/wn-data-als.tab	imported_unreviewed			multiword,pos_from_wordnet
stine_N	N	stinë			Albanet/OMW	wns/als/wn-data-als.tab	imported_unreviewed			pos_from_wordnet
stive_N	N	stivë			Albanet/OMW	wns/als/wn-data-als.tab	imported_unreviewed			pos_from_wordnet
stok_N	N	stok			Albanet/OMW	wns/als/wn-data-als.tab	imported_unreviewed			pos_from_wordnet
stoli_N	N	stoli			Albanet/OMW	wns/als/wn-data-als.tab	imported_unreviewed			pos_from_wordnet
stolisje_N	N	stolisje			Albanet/OMW	wns/als/wn-data-als.tab	imported_unreviewed			pos_from_wordnet
stop_N	N	stop			Albanet/OMW	wns/als/wn-data-als.tab	imported_unreviewed			pos_from_wordnet
stop_number_N	N	stop number			Albanet/OMW	wns/als/wn-data-als.tab	imported_unreviewed			multiword,pos_from_wordnet
strategji_N	N	strategji			Albanet/OMW	wns/als/wn-data-als.tab	imported_unreviewed			pos_from_wordnet
strehe_N	N	strehe			Albanet/OMW	wns/als/wn-data-als.tab	imported_unreviewed			pos_from_wordnet
strehim_N	N	strehim			Albanet/OMW	wns/als/wn-data-als.tab	imported_unreviewed			pos_from_wordnet
strehe_N__2	N	strehë			Albanet/OMW	wns/als/wn-data-als.tab	imported_unreviewed			pos_from_wordnet
strehe_e_palosshme_N	N	strehë e palosshme			Albanet/OMW	wns/als/wn-data-als.tab	imported_unreviewed			multiword,pos_from_wordnet
string_N	N	string			Albanet/OMW	wns/als/wn-data-als.tab	imported_unreviewed			pos_from_wordnet
strofke_N	N	strofkë			Albanet/OMW	wns/als/wn-data-als.tab	imported_unreviewed			pos_from_wordnet
strofull_N	N	strofull			Albanet/OMW	wns/als/wn-data-als.tab	imported_unreviewed			pos_from_wordnet
struktura_e_skeletit_N	N	struktura e skeletit			Albanet/OMW	wns/als/wn-data-als.tab	imported_unreviewed			multiword,pos_from_wordnet
strukture_N	N	strukture			Albanet/OMW	wns/als/wn-data-als.tab	imported_unreviewed			pos_from_wordnet
strukture_fraze_N	N	strukture frazë			Albanet/OMW	wns/als/wn-data-als.tab	imported_unreviewed			multiword,pos_from_wordnet
strukture_N__2	N	strukturë			Albanet/OMW	wns/als/wn-data-als.tab	imported_unreviewed			pos_from_wordnet
strukture_anatomie_N	N	strukturë anatomie			Albanet/OMW	wns/als/wn-data-als.tab	imported_unreviewed			multiword,pos_from_wordnet
strukture_bimore_N	N	strukturë bimore			Albanet/OMW	wns/als/wn-data-als.tab	imported_unreviewed			multiword,pos_from_wordnet
strukture_e_formuar_tubi_N	N	strukturë e formuar tubi			Albanet/OMW	wns/als/wn-data-als.tab	imported_unreviewed			multiword,pos_from_wordnet
strukture_fizike_N	N	strukturë fizike			Albanet/OMW	wns/als/wn-data-als.tab	imported_unreviewed			multiword,pos_from_wordnet
strukture_fiziologjike_N	N	strukturë fiziologjike			Albanet/OMW	wns/als/wn-data-als.tab	imported_unreviewed			multiword,pos_from_wordnet
strukture_mbajtese_N	N	strukturë mbajtëse			Albanet/OMW	wns/als/wn-data-als.tab	imported_unreviewed			multiword,pos_from_wordnet
strukture_organike_N	N	strukturë organike			Albanet/OMW	wns/als/wn-data-als.tab	imported_unreviewed			multiword,pos_from_wordnet
strukture_riprodhuese_N	N	strukturë riprodhuese			Albanet/OMW	wns/als/wn-data-als.tab	imported_unreviewed			multiword,pos_from_wordnet
strukture_trupore_N	N	strukturë trupore			Albanet/OMW	wns/als/wn-data-als.tab	imported_unreviewed			multiword,pos_from_wordnet
student_N	N	student			Albanet/OMW | Baseline LexiconSqi	wns/als/wn-data-als.tab | student_N	baseline_lexicon_exact	student_N		lexicon_sqi_exact,pos_from_wordnet
studim_N	N	studim			Albanet/OMW	wns/als/wn-data-als.tab	imported_unreviewed			pos_from_wordnet
studiues_N	N	studiues			Albanet/OMW	wns/als/wn-data-als.tab	imported_unreviewed			pos_from_wordnet
stuhi_N	N	stuhi			Albanet/OMW	wns/als/wn-data-als.tab	imported_unreviewed			pos_from_wordnet
stuko_N	N	stuko			Albanet/OMW	wns/als/wn-data-als.tab	imported_unreviewed			pos_from_wordnet
stergjysh_N	N	stërgjysh			Albanet/OMW	wns/als/wn-data-als.tab	imported_unreviewed			pos_from_wordnet
stervitem_N	N	stërvitem			Albanet/OMW	wns/als/wn-data-als.tab	imported_unreviewed			pos_from_wordnet
subjekt_N	N	subjekt			Albanet/OMW	wns/als/wn-data-als.tab	imported_unreviewed			pos_from_wordnet
substancat_e_trupit_N	N	substancat e trupit			Albanet/OMW	wns/als/wn-data-als.tab	imported_unreviewed			multiword,pos_from_wordnet
substance_N	N	substance			Albanet/OMW	wns/als/wn-data-als.tab	imported_unreviewed			pos_from_wordnet
substance_helmuese_N	N	substance helmuese			Albanet/OMW	wns/als/wn-data-als.tab	imported_unreviewed			multiword,pos_from_wordnet
substance_N__2	N	substancë			Albanet/OMW	wns/als/wn-data-als.tab	imported_unreviewed			pos_from_wordnet
substance_e_lengshme_e_trupit_N	N	substancë e lëngshme e trupit			Albanet/OMW	wns/als/wn-data-als.tab	imported_unreviewed			multiword,pos_from_wordnet
substance_lubrifikuese_N	N	substancë lubrifikuese			Albanet/OMW	wns/als/wn-data-als.tab	imported_unreviewed			multiword,pos_from_wordnet
sugar_N	N	sugar			Albanet/OMW	wns/als/wn-data-als.tab	imported_unreviewed			pos_from_wordnet
sukses_N	N	sukses			Albanet/OMW	wns/als/wn-data-als.tab	imported_unreviewed			pos_from_wordnet
sukses_i_papritur_N	N	sukses i papritur			Albanet/OMW	wns/als/wn-data-als.tab	imported_unreviewed			multiword,pos_from_wordnet
sulfur_N	N	sulfur			Albanet/OMW	wns/als/wn-data-als.tab	imported_unreviewed			pos_from_wordnet
sulm_N	N	sulm			Albanet/OMW	wns/als/wn-data-als.tab	imported_unreviewed			pos_from_wordnet
sulm_i_furishem_N	N	sulm i furishëm			Albanet/OMW	wns/als/wn-data-als.tab	imported_unreviewed			multiword,pos_from_wordnet
sulm_i_vrullshem_N	N	sulm i vrullshëm			Albanet/OMW	wns/als/wn-data-als.tab	imported_unreviewed			multiword,pos_from_wordnet
sulmim_N	N	sulmim			Albanet/OMW	wns/als/wn-data-als.tab	imported_unreviewed			pos_from_wordnet
sulmoj_N	N	sulmoj			Albanet/OMW	wns/als/wn-data-als.tab	imported_unreviewed			pos_from_wordnet
sulmues_N	N	sulmues			Albanet/OMW	wns/als/wn-data-als.tab	imported_unreviewed			pos_from_wordnet
sundim_N	N	sundim			Albanet/OMW	wns/als/wn-data-als.tab	imported_unreviewed			pos_from_wordnet
sundimtar_N	N	sundimtar			Albanet/OMW	wns/als/wn-data-als.tab	imported_unreviewed			pos_from_wordnet
supe_N	N	supe			Albanet/OMW	wns/als/wn-data-als.tab	imported_unreviewed			pos_from_wordnet
superior_N	N	superior			Albanet/OMW	wns/als/wn-data-als.tab	imported_unreviewed			pos_from_wordnet
superstar_N	N	superstar			Albanet/OMW	wns/als/wn-data-als.tab	imported_unreviewed			pos_from_wordnet
suporter_N	N	suporter			Albanet/OMW	wns/als/wn-data-als.tab	imported_unreviewed			pos_from_wordnet
supozim_N	N	supozim			Albanet/OMW	wns/als/wn-data-als.tab	imported_unreviewed			pos_from_wordnet
supozoj_N	N	supozoj			Albanet/OMW	wns/als/wn-data-als.tab	imported_unreviewed			pos_from_wordnet
surprize_N	N	surprizë			Albanet/OMW	wns/als/wn-data-als.tab	imported_unreviewed			pos_from_wordnet
sy_N	N	sy			Baseline LexiconSqi	eye_N	baseline_lexicon_exact	eye_N		lexicon_sqi_exact
synim_N	N	synim			Albanet/OMW	wns/als/wn-data-als.tab	imported_unreviewed			pos_from_wordnet
system_N	N	system			Albanet/OMW	wns/als/wn-data-als.tab	imported_unreviewed			pos_from_wordnet
semundje_N	N	sëmundje			Albanet/OMW	wns/als/wn-data-als.tab	imported_unreviewed			pos_from_wordnet
semundje_bimesh_N	N	sëmundje bimësh			Albanet/OMW	wns/als/wn-data-als.tab	imported_unreviewed			multiword,pos_from_wordnet
semundje_mendore_N	N	sëmundje mendore			Albanet/OMW	wns/als/wn-data-als.tab	imported_unreviewed			multiword,pos_from_wordnet
senduk_N	N	sënduk			Albanet/OMW	wns/als/wn-data-als.tab	imported_unreviewed			pos_from_wordnet
tabak_N	N	tabak			Albanet/OMW	wns/als/wn-data-als.tab	imported_unreviewed			pos_from_wordnet
tabele_N	N	tabelë			Albanet/OMW	wns/als/wn-data-als.tab	imported_unreviewed			pos_from_wordnet
tabele_oraresh_N	N	tabelë oraresh			Albanet/OMW	wns/als/wn-data-als.tab	imported_unreviewed			multiword,pos_from_wordnet
tabllo_N	N	tabllo			Albanet/OMW	wns/als/wn-data-als.tab	imported_unreviewed			pos_from_wordnet
tablo_N	N	tablo			Albanet/OMW	wns/als/wn-data-als.tab	imported_unreviewed			pos_from_wordnet
tablo_peneli_N	N	tablo peneli			Albanet/OMW	wns/als/wn-data-als.tab	imported_unreviewed			multiword,pos_from_wordnet
takim_N	N	takim			Albanet/OMW	wns/als/wn-data-als.tab	imported_unreviewed			pos_from_wordnet
takim_kulminant_N	N	takim kulminant			Albanet/OMW	wns/als/wn-data-als.tab	imported_unreviewed			multiword,pos_from_wordnet
takim_social_N	N	takim social			Albanet/OMW	wns/als/wn-data-als.tab	imported_unreviewed			multiword,pos_from_wordnet
taks_N	N	taks			Albanet/OMW	wns/als/wn-data-als.tab	imported_unreviewed			pos_from_wordnet
taksi_N	N	taksi			Albanet/OMW	wns/als/wn-data-als.tab	imported_unreviewed			pos_from_wordnet
takem_N	N	takëm			Albanet/OMW	wns/als/wn-data-als.tab	imported_unreviewed			pos_from_wordnet
takemet_e_ngrenies_N	N	takëmet e ngrënies			Albanet/OMW	wns/als/wn-data-als.tab	imported_unreviewed			multiword,pos_from_wordnet
tallem_N	N	tallem			Albanet/OMW	wns/als/wn-data-als.tab	imported_unreviewed			pos_from_wordnet
tank_N	N	tank			Albanet/OMW	wns/als/wn-data-als.tab	imported_unreviewed			pos_from_wordnet
tapet_N	N	tapet			Albanet/OMW	wns/als/wn-data-als.tab	imported_unreviewed			pos_from_wordnet
tape_N	N	tapë			Albanet/OMW	wns/als/wn-data-als.tab	imported_unreviewed			pos_from_wordnet
tarife_N	N	tarifë			Albanet/OMW	wns/als/wn-data-als.tab	imported_unreviewed			pos_from_wordnet
tatim_N	N	tatim			Albanet/OMW	wns/als/wn-data-als.tab	imported_unreviewed			pos_from_wordnet
tatpjete_N	N	tatpjete			Albanet/OMW	wns/als/wn-data-als.tab	imported_unreviewed			pos_from_wordnet
tavan_N	N	tavan			Baseline LexiconSqi	ceiling_N	baseline_lexicon_exact	ceiling_N		lexicon_sqi_exact
tavoline_N	N	tavolinë			Albanet/OMW	wns/als/wn-data-als.tab	imported_unreviewed			pos_from_wordnet
te_ardhur_N	N	te ardhur			Albanet/OMW	wns/als/wn-data-als.tab	imported_unreviewed			multiword,pos_from_wordnet
te_dhena_N	N	te dhëna			Albanet/OMW	wns/als/wn-data-als.tab	imported_unreviewed			multiword,pos_from_wordnet
te_njohur_N	N	te njohur			Albanet/OMW	wns/als/wn-data-als.tab	imported_unreviewed			multiword,pos_from_wordnet
te_paret_N	N	te paret			Albanet/OMW	wns/als/wn-data-als.tab	imported_unreviewed			multiword,pos_from_wordnet
te_qenit_N	N	te qenit			Albanet/OMW	wns/als/wn-data-als.tab	imported_unreviewed			multiword,pos_from_wordnet
te_reja_N	N	te reja			Albanet/OMW	wns/als/wn-data-als.tab	imported_unreviewed			multiword,pos_from_wordnet
te_urosh_shendet_N	N	te urosh shëndet			Albanet/OMW	wns/als/wn-data-als.tab	imported_unreviewed			multiword,pos_from_wordnet
te_ushqyerit_N	N	te ushqyerit			Albanet/OMW	wns/als/wn-data-als.tab	imported_unreviewed			multiword,pos_from_wordnet
teater_N	N	teater			Albanet/OMW	wns/als/wn-data-als.tab	imported_unreviewed			pos_from_wordnet
teater_N__2	N	teatër			Albanet/OMW	wns/als/wn-data-als.tab	imported_unreviewed			pos_from_wordnet
tejkalim_shpejtesie_N	N	tejkalim shpejtësie			Albanet/OMW	wns/als/wn-data-als.tab	imported_unreviewed			multiword,pos_from_wordnet
teknike_N	N	teknikë			Albanet/OMW	wns/als/wn-data-als.tab	imported_unreviewed			pos_from_wordnet
teknologji_N	N	teknologji			Albanet/OMW	wns/als/wn-data-als.tab	imported_unreviewed			pos_from_wordnet
tekst_N	N	tekst			Albanet/OMW	wns/als/wn-data-als.tab	imported_unreviewed			pos_from_wordnet
telash_N	N	telash			Albanet/OMW	wns/als/wn-data-als.tab	imported_unreviewed			pos_from_wordnet
telefon_N	N	telefon			Albanet/OMW	wns/als/wn-data-als.tab	imported_unreviewed			pos_from_wordnet
telegraf_N	N	telegraf			Albanet/OMW	wns/als/wn-data-als.tab	imported_unreviewed			pos_from_wordnet
telegram_N	N	telegram			Albanet/OMW	wns/als/wn-data-als.tab	imported_unreviewed			pos_from_wordnet
televizor_N	N	televizor			Baseline LexiconSqi	television_N	baseline_lexicon_exact	television_N		lexicon_sqi_exact
temperature_N	N	temperaturë			Albanet/OMW	wns/als/wn-data-als.tab	imported_unreviewed			pos_from_wordnet
tempull_N	N	tempull			Albanet/OMW	wns/als/wn-data-als.tab	imported_unreviewed			pos_from_wordnet
teme_N	N	temë			Albanet/OMW	wns/als/wn-data-als.tab	imported_unreviewed			pos_from_wordnet
tendence_N	N	tendencë			Albanet/OMW	wns/als/wn-data-als.tab	imported_unreviewed			pos_from_wordnet
tendosje_fizike_N	N	tendosje fizike			Albanet/OMW	wns/als/wn-data-als.tab	imported_unreviewed			multiword,pos_from_wordnet
tende_N	N	tendë			Albanet/OMW	wns/als/wn-data-als.tab	imported_unreviewed			pos_from_wordnet
tende_indianesh_N	N	tendë indianësh			Albanet/OMW	wns/als/wn-data-als.tab	imported_unreviewed			multiword,pos_from_wordnet
teneqe_N	N	teneqe			Albanet/OMW	wns/als/wn-data-als.tab	imported_unreviewed			pos_from_wordnet
tentative_N	N	tentativë			Albanet/OMW	wns/als/wn-data-als.tab	imported_unreviewed			pos_from_wordnet
teori_N	N	teori			Albanet/OMW	wns/als/wn-data-als.tab	imported_unreviewed			pos_from_wordnet
teori_politike_N	N	teori politike			Albanet/OMW	wns/als/wn-data-als.tab	imported_unreviewed			multiword,pos_from_wordnet
teprice_N	N	tepricë			Albanet/OMW	wns/als/wn-data-als.tab	imported_unreviewed			pos_from_wordnet
teren_N	N	teren			Albanet/OMW	wns/als/wn-data-als.tab	imported_unreviewed			pos_from_wordnet
territor_N	N	territor			Albanet/OMW	wns/als/wn-data-als.tab	imported_unreviewed			pos_from_wordnet
terror_N	N	terror			Albanet/OMW	wns/als/wn-data-als.tab	imported_unreviewed			pos_from_wordnet
tesha_N	N	tesha			Albanet/OMW	wns/als/wn-data-als.tab	imported_unreviewed			pos_from_wordnet
test_N	N	test			Albanet/OMW	wns/als/wn-data-als.tab	imported_unreviewed			pos_from_wordnet
test_gojor_N	N	test gojor			Albanet/OMW	wns/als/wn-data-als.tab	imported_unreviewed			multiword,pos_from_wordnet
testim_gojor_N	N	testim gojor			Albanet/OMW	wns/als/wn-data-als.tab	imported_unreviewed			multiword,pos_from_wordnet
testoj_N	N	testoj			Albanet/OMW	wns/als/wn-data-als.tab	imported_unreviewed			pos_from_wordnet
tharm_N	N	tharm			Albanet/OMW	wns/als/wn-data-als.tab	imported_unreviewed			pos_from_wordnet
thashetheme_N	N	thashetheme			Albanet/OMW	wns/als/wn-data-als.tab	imported_unreviewed			pos_from_wordnet
thatesire_N	N	thatësirë			Albanet/OMW	wns/als/wn-data-als.tab	imported_unreviewed			pos_from_wordnet
thelb_N	N	thelb			Albanet/OMW	wns/als/wn-data-als.tab	imported_unreviewed			pos_from_wordnet
thellesi_N	N	thellësi			Albanet/OMW	wns/als/wn-data-als.tab	imported_unreviewed			pos_from_wordnet
themel_N	N	themel			Albanet/OMW	wns/als/wn-data-als.tab	imported_unreviewed			pos_from_wordnet
themelim_N	N	themelim			Albanet/OMW	wns/als/wn-data-als.tab	imported_unreviewed			pos_from_wordnet
themeloj_N	N	themeloj			Albanet/OMW	wns/als/wn-data-als.tab	imported_unreviewed			pos_from_wordnet
themelor_N	N	themelor			Albanet/OMW	wns/als/wn-data-als.tab	imported_unreviewed			pos_from_wordnet
thenie_N	N	thenie			Albanet/OMW	wns/als/wn-data-als.tab	imported_unreviewed			pos_from_wordnet
thike_N	N	thikë			Albanet/OMW	wns/als/wn-data-als.tab	imported_unreviewed			pos_from_wordnet
thirrje_N	N	thirrje			Albanet/OMW	wns/als/wn-data-als.tab	imported_unreviewed			pos_from_wordnet
thua_N	N	thua			Baseline LexiconSqi	fingernail_N	baseline_lexicon_exact	fingernail_N		lexicon_sqi_exact
thundrak_N	N	thundrak			Albanet/OMW	wns/als/wn-data-als.tab	imported_unreviewed			pos_from_wordnet
thurje_N	N	thurje			Albanet/OMW	wns/als/wn-data-als.tab	imported_unreviewed			pos_from_wordnet
thyej_N	N	thyej			Albanet/OMW	wns/als/wn-data-als.tab	imported_unreviewed			pos_from_wordnet
thyerje_N	N	thyerje			Albanet/OMW	wns/als/wn-data-als.tab	imported_unreviewed			pos_from_wordnet
thyerje_zemre_N	N	thyerje zemre			Albanet/OMW	wns/als/wn-data-als.tab	imported_unreviewed			multiword,pos_from_wordnet
tingull_N	N	tingull			Albanet/OMW	wns/als/wn-data-als.tab	imported_unreviewed			pos_from_wordnet
tingellim_N	N	tingëllim			Albanet/OMW	wns/als/wn-data-als.tab	imported_unreviewed			pos_from_wordnet
tingellime_N	N	tingëllimë			Albanet/OMW	wns/als/wn-data-als.tab	imported_unreviewed			pos_from_wordnet
tip_N	N	tip			Albanet/OMW	wns/als/wn-data-als.tab	imported_unreviewed			pos_from_wordnet
tip_gjaku_N	N	tip gjaku			Albanet/OMW	wns/als/wn-data-als.tab	imported_unreviewed			multiword,pos_from_wordnet
tipar_N	N	tipar			Albanet/OMW	wns/als/wn-data-als.tab	imported_unreviewed			pos_from_wordnet
tipar_i_fytyres_N	N	tipar i fytyrës			Albanet/OMW	wns/als/wn-data-als.tab	imported_unreviewed			multiword,pos_from_wordnet
titull_N	N	titull			Albanet/OMW	wns/als/wn-data-als.tab	imported_unreviewed			pos_from_wordnet
titull_peshkopi_N	N	titull peshkopi			Albanet/OMW	wns/als/wn-data-als.tab	imported_unreviewed			multiword,pos_from_wordnet
titull_respekti_N	N	titull respekti			Albanet/OMW	wns/als/wn-data-als.tab	imported_unreviewed			multiword,pos_from_wordnet
titullar_N	N	titullar			Albanet/OMW	wns/als/wn-data-als.tab	imported_unreviewed			pos_from_wordnet
tog_N	N	tog			Albanet/OMW	wns/als/wn-data-als.tab	imported_unreviewed			pos_from_wordnet
toka_N	N	toka			Albanet/OMW	wns/als/wn-data-als.tab	imported_unreviewed			pos_from_wordnet
toke_N	N	toke			Albanet/OMW	wns/als/wn-data-als.tab	imported_unreviewed			pos_from_wordnet
toke_e_bashkise_N	N	toke e bashkisë			Albanet/OMW	wns/als/wn-data-als.tab	imported_unreviewed			multiword,pos_from_wordnet
toke_e_forte_N	N	toke e forte			Albanet/OMW	wns/als/wn-data-als.tab	imported_unreviewed			multiword,pos_from_wordnet
toke_e_ngurte_N	N	toke e ngurte			Albanet/OMW	wns/als/wn-data-als.tab	imported_unreviewed			multiword,pos_from_wordnet
toke_e_premtuar_N	N	toke e premtuar			Albanet/OMW	wns/als/wn-data-als.tab	imported_unreviewed			multiword,pos_from_wordnet
toke_me_uje_N	N	toke me ujë			Albanet/OMW	wns/als/wn-data-als.tab	imported_unreviewed			multiword,pos_from_wordnet
toke_mocalore_N	N	toke moçalore			Albanet/OMW	wns/als/wn-data-als.tab	imported_unreviewed			multiword,pos_from_wordnet
toke_N__2	N	tokë			Albanet/OMW | Baseline LexiconSqi	wns/als/wn-data-als.tab | earth_N	baseline_lexicon_exact	earth_N		lexicon_sqi_exact,pos_from_wordnet
tokez_N	N	tokëz			Albanet/OMW	wns/als/wn-data-als.tab	imported_unreviewed			pos_from_wordnet
tonalitet_N	N	tonalitet			Albanet/OMW	wns/als/wn-data-als.tab	imported_unreviewed			pos_from_wordnet
top_N	N	top			Albanet/OMW	wns/als/wn-data-als.tab	imported_unreviewed			pos_from_wordnet
torfe_N	N	torfë			Albanet/OMW	wns/als/wn-data-als.tab	imported_unreviewed			pos_from_wordnet
tornim_N	N	tornim			Albanet/OMW	wns/als/wn-data-als.tab	imported_unreviewed			pos_from_wordnet
total_N	N	total			Albanet/OMW	wns/als/wn-data-als.tab	imported_unreviewed			pos_from_wordnet
totali_N	N	totali			Albanet/OMW	wns/als/wn-data-als.tab	imported_unreviewed			pos_from_wordnet
tradhti_N	N	tradhti			Albanet/OMW	wns/als/wn-data-als.tab	imported_unreviewed			pos_from_wordnet
trafik_N	N	trafik			Albanet/OMW	wns/als/wn-data-als.tab	imported_unreviewed			pos_from_wordnet
trage_N	N	tragë			Albanet/OMW	wns/als/wn-data-als.tab	imported_unreviewed			pos_from_wordnet
trajektore_N	N	trajektore			Albanet/OMW	wns/als/wn-data-als.tab	imported_unreviewed			pos_from_wordnet
trajtim_N	N	trajtim			Albanet/OMW	wns/als/wn-data-als.tab	imported_unreviewed			pos_from_wordnet
trajte_N	N	trajtë			Albanet/OMW	wns/als/wn-data-als.tab	imported_unreviewed			pos_from_wordnet
traktor_N	N	traktor			Albanet/OMW	wns/als/wn-data-als.tab	imported_unreviewed			pos_from_wordnet
tramvaj_N	N	tramvaj			Albanet/OMW	wns/als/wn-data-als.tab	imported_unreviewed			pos_from_wordnet
transferim_N	N	transferim			Albanet/OMW	wns/als/wn-data-als.tab	imported_unreviewed			pos_from_wordnet
transformim_N	N	transformim			Albanet/OMW	wns/als/wn-data-als.tab	imported_unreviewed			pos_from_wordnet
transmetim_N	N	transmetim			Albanet/OMW	wns/als/wn-data-als.tab	imported_unreviewed			pos_from_wordnet
transmetim_kanali_N	N	transmetim kanali			Albanet/OMW	wns/als/wn-data-als.tab	imported_unreviewed			multiword,pos_from_wordnet
transport_N	N	transport			Albanet/OMW	wns/als/wn-data-als.tab	imported_unreviewed			pos_from_wordnet
transport_mallrash_me_ngarkese_N	N	transport mallrash me ngarkesë			Albanet/OMW	wns/als/wn-data-als.tab	imported_unreviewed			multiword,pos_from_wordnet
transport_publik_N	N	transport publik			Albanet/OMW	wns/als/wn-data-als.tab	imported_unreviewed			multiword,pos_from_wordnet
transportim_N	N	transportim			Albanet/OMW	wns/als/wn-data-als.tab	imported_unreviewed			pos_from_wordnet
transportoj_N	N	transportoj			Albanet/OMW	wns/als/wn-data-als.tab	imported_unreviewed			pos_from_wordnet
tranzicion_N	N	tranzicion			Albanet/OMW	wns/als/wn-data-als.tab	imported_unreviewed			pos_from_wordnet
trap_N	N	trap			Albanet/OMW	wns/als/wn-data-als.tab	imported_unreviewed			pos_from_wordnet
trashegim_N	N	trashëgim			Albanet/OMW	wns/als/wn-data-als.tab	imported_unreviewed			pos_from_wordnet
trazim_N	N	trazim			Albanet/OMW	wns/als/wn-data-als.tab	imported_unreviewed			pos_from_wordnet
trazire_N	N	trazirë			Albanet/OMW	wns/als/wn-data-als.tab	imported_unreviewed			pos_from_wordnet
tre_mujor_N	N	tre mujor			Albanet/OMW	wns/als/wn-data-als.tab	imported_unreviewed			multiword,pos_from_wordnet
treg_N	N	treg			Albanet/OMW	wns/als/wn-data-als.tab	imported_unreviewed			pos_from_wordnet
treg_shitjesh_N	N	treg shitjesh			Albanet/OMW	wns/als/wn-data-als.tab	imported_unreviewed			multiword,pos_from_wordnet
tregim_N	N	tregim			Albanet/OMW	wns/als/wn-data-als.tab	imported_unreviewed			pos_from_wordnet
tregim_jete_N	N	tregim jete			Albanet/OMW	wns/als/wn-data-als.tab	imported_unreviewed			multiword,pos_from_wordnet
tregti_N	N	tregti			Albanet/OMW	wns/als/wn-data-als.tab	imported_unreviewed			pos_from_wordnet
trembje_N	N	trembje			Albanet/OMW	wns/als/wn-data-als.tab	imported_unreviewed			pos_from_wordnet
tren_N	N	tren			Baseline LexiconSqi	train_N	baseline_lexicon_exact	train_N		lexicon_sqi_exact
tren_postar_N	N	tren postar			Albanet/OMW	wns/als/wn-data-als.tab	imported_unreviewed			multiword,pos_from_wordnet
tretesire_N	N	tretësirë			Albanet/OMW	wns/als/wn-data-als.tab	imported_unreviewed			pos_from_wordnet
trgues_te_dhenash_N	N	trgues të dhënash			Albanet/OMW	wns/als/wn-data-als.tab	imported_unreviewed			multiword,pos_from_wordnet
tribu_N	N	tribu			Albanet/OMW	wns/als/wn-data-als.tab	imported_unreviewed			pos_from_wordnet
trillim_N	N	trillim			Albanet/OMW	wns/als/wn-data-als.tab	imported_unreviewed			pos_from_wordnet
trishtim_N	N	trishtim			Albanet/OMW	wns/als/wn-data-als.tab	imported_unreviewed			pos_from_wordnet
trishtim_i_thelle_N	N	trishtim i thellë			Albanet/OMW	wns/als/wn-data-als.tab	imported_unreviewed			multiword,pos_from_wordnet
triumf_N	N	triumf			Albanet/OMW	wns/als/wn-data-als.tab	imported_unreviewed			pos_from_wordnet
tronditje_N	N	tronditje			Albanet/OMW	wns/als/wn-data-als.tab	imported_unreviewed			pos_from_wordnet
tru_N	N	tru			Albanet/OMW	wns/als/wn-data-als.tab	imported_unreviewed			pos_from_wordnet
truall_N	N	truall			Albanet/OMW	wns/als/wn-data-als.tab	imported_unreviewed			pos_from_wordnet
trullosje_N	N	trullosje			Albanet/OMW	wns/als/wn-data-als.tab	imported_unreviewed			pos_from_wordnet
trung_N	N	trung			Albanet/OMW	wns/als/wn-data-als.tab	imported_unreviewed			pos_from_wordnet
trung_familjar_N	N	trung familjar			Albanet/OMW	wns/als/wn-data-als.tab	imported_unreviewed			multiword,pos_from_wordnet
trup_N	N	trup			Albanet/OMW	wns/als/wn-data-als.tab	imported_unreviewed			pos_from_wordnet
trup_hyjnor_N	N	trup hyjnor			Albanet/OMW	wns/als/wn-data-als.tab	imported_unreviewed			multiword,pos_from_wordnet
trup_i_lengshem_N	N	trup i lëngshëm			Albanet/OMW	wns/als/wn-data-als.tab	imported_unreviewed			multiword,pos_from_wordnet
trup_i_ngurte_N	N	trup i ngurte			Albanet/OMW	wns/als/wn-data-als.tab	imported_unreviewed			multiword,pos_from_wordnet
trup_njeriu_N	N	trup njeriu			Albanet/OMW	wns/als/wn-data-als.tab	imported_unreviewed			multiword,pos_from_wordnet
trup_qiellor_N	N	trup qiellor			Albanet/OMW	wns/als/wn-data-als.tab	imported_unreviewed			multiword,pos_from_wordnet
trup_uji_N	N	trup uji			Albanet/OMW	wns/als/wn-data-als.tab	imported_unreviewed			multiword,pos_from_wordnet
trupat_mbrojtes_te_ushtrise_N	N	trupat mbrojtës të ushtrisë			Albanet/OMW	wns/als/wn-data-als.tab	imported_unreviewed			multiword,pos_from_wordnet
trupi_administrativ_N	N	trupi administrativ			Albanet/OMW	wns/als/wn-data-als.tab	imported_unreviewed			multiword,pos_from_wordnet
trupi_drejtues_N	N	trupi drejtues			Albanet/OMW	wns/als/wn-data-als.tab	imported_unreviewed			multiword,pos_from_wordnet
truri_N	N	truri			Albanet/OMW	wns/als/wn-data-als.tab	imported_unreviewed			pos_from_wordnet
trust_N	N	trust			Albanet/OMW	wns/als/wn-data-als.tab	imported_unreviewed			pos_from_wordnet
tryeze_N	N	tryezë			Baseline LexiconSqi	table_N	baseline_lexicon_exact	table_N		lexicon_sqi_exact
tryeze_e_shtruar_N	N	tryezë e shtruar			Albanet/OMW	wns/als/wn-data-als.tab	imported_unreviewed			multiword,pos_from_wordnet
tryeze_loje_N	N	tryezë loje			Albanet/OMW	wns/als/wn-data-als.tab	imported_unreviewed			multiword,pos_from_wordnet
tryeze_shkrimi_N	N	tryezë shkrimi			Albanet/OMW	wns/als/wn-data-als.tab	imported_unreviewed			multiword,pos_from_wordnet
trysni_N	N	trysni			Albanet/OMW	wns/als/wn-data-als.tab	imported_unreviewed			pos_from_wordnet
trendafil_N	N	trëndafil			Albanet/OMW	wns/als/wn-data-als.tab	imported_unreviewed			pos_from_wordnet
tualet_N	N	tualet			Albanet/OMW	wns/als/wn-data-als.tab	imported_unreviewed			pos_from_wordnet
tub_N	N	tub			Albanet/OMW	wns/als/wn-data-als.tab	imported_unreviewed			pos_from_wordnet
tubacion_N	N	tubacion			Albanet/OMW	wns/als/wn-data-als.tab	imported_unreviewed			pos_from_wordnet
tufe_N	N	tufë			Albanet/OMW	wns/als/wn-data-als.tab	imported_unreviewed			pos_from_wordnet
tumor_N	N	tumor			Albanet/OMW	wns/als/wn-data-als.tab	imported_unreviewed			pos_from_wordnet
tundje_N	N	tundje			Albanet/OMW	wns/als/wn-data-als.tab	imported_unreviewed			pos_from_wordnet
tundje_e_kokes_N	N	tundje e kokës			Albanet/OMW	wns/als/wn-data-als.tab	imported_unreviewed			multiword,pos_from_wordnet
turi_N	N	turi			Albanet/OMW	wns/als/wn-data-als.tab	imported_unreviewed			pos_from_wordnet
turme_N	N	turme			Albanet/OMW	wns/als/wn-data-als.tab	imported_unreviewed			pos_from_wordnet
turme_N__2	N	turmë			Albanet/OMW	wns/als/wn-data-als.tab	imported_unreviewed			pos_from_wordnet
turn_N	N	turn			Albanet/OMW	wns/als/wn-data-als.tab	imported_unreviewed			pos_from_wordnet
turp_N	N	turp			Albanet/OMW	wns/als/wn-data-als.tab	imported_unreviewed			pos_from_wordnet
turperim_N	N	turpërim			Albanet/OMW	wns/als/wn-data-als.tab	imported_unreviewed			pos_from_wordnet
turperoj_N	N	turpëroj			Albanet/OMW	wns/als/wn-data-als.tab	imported_unreviewed			pos_from_wordnet
tutele_N	N	tutelë			Albanet/OMW	wns/als/wn-data-als.tab	imported_unreviewed			pos_from_wordnet
tyl_N	N	tyl			Albanet/OMW	wns/als/wn-data-als.tab	imported_unreviewed			pos_from_wordnet
tym_N	N	tym			Baseline LexiconSqi	smoke_N	baseline_lexicon_exact	smoke_N		lexicon_sqi_exact
te_akuzosh_N	N	të akuzosh			Albanet/OMW	wns/als/wn-data-als.tab	imported_unreviewed			multiword,pos_from_wordnet
te_ardhura_N	N	të ardhura			Albanet/OMW	wns/als/wn-data-als.tab	imported_unreviewed			multiword,pos_from_wordnet
te_ardhura_financiare_N	N	të ardhura financiare			Albanet/OMW	wns/als/wn-data-als.tab	imported_unreviewed			multiword,pos_from_wordnet
te_hysh_ne_veprim_N	N	të hysh në veprim			Albanet/OMW	wns/als/wn-data-als.tab	imported_unreviewed			multiword,pos_from_wordnet
te_korra_N	N	të korra			Albanet/OMW	wns/als/wn-data-als.tab	imported_unreviewed			multiword,pos_from_wordnet
te_ndenjurat_N	N	të ndenjurat			Albanet/OMW	wns/als/wn-data-als.tab	imported_unreviewed			multiword,pos_from_wordnet
temth_N	N	tëmth			Albanet/OMW	wns/als/wn-data-als.tab	imported_unreviewed			pos_from_wordnet
terbim_N	N	tërbim			Albanet/OMW	wns/als/wn-data-als.tab	imported_unreviewed			pos_from_wordnet
terheq_N	N	tërheq			Albanet/OMW	wns/als/wn-data-als.tab	imported_unreviewed			pos_from_wordnet
terheqje_N	N	tërheqje			Albanet/OMW	wns/als/wn-data-als.tab	imported_unreviewed			pos_from_wordnet
terheqje_fizike_N	N	tërheqje fizike			Albanet/OMW	wns/als/wn-data-als.tab	imported_unreviewed			multiword,pos_from_wordnet
teresi_N	N	tërësi			Albanet/OMW	wns/als/wn-data-als.tab	imported_unreviewed			pos_from_wordnet
u_ve_fre_N	N	u vë fre			Albanet/OMW	wns/als/wn-data-als.tab	imported_unreviewed			multiword,pos_from_wordnet
udhe_N	N	udhë			Albanet/OMW	wns/als/wn-data-als.tab	imported_unreviewed			pos_from_wordnet
udheheq_N	N	udhëheq			Albanet/OMW	wns/als/wn-data-als.tab	imported_unreviewed			pos_from_wordnet
udheheqje_N	N	udhëheqje			Albanet/OMW	wns/als/wn-data-als.tab	imported_unreviewed			pos_from_wordnet
udheheqes_N	N	udhëheqës			Albanet/OMW	wns/als/wn-data-als.tab	imported_unreviewed			pos_from_wordnet
udhetar_N	N	udhëtar			Albanet/OMW	wns/als/wn-data-als.tab	imported_unreviewed			pos_from_wordnet
udhetim_N	N	udhëtim			Albanet/OMW	wns/als/wn-data-als.tab	imported_unreviewed			pos_from_wordnet
udhetoj_N	N	udhëtoj			Albanet/OMW	wns/als/wn-data-als.tab	imported_unreviewed			pos_from_wordnet
udhetoj_me_makine_N	N	udhëtoj me makinë			Albanet/OMW	wns/als/wn-data-als.tab	imported_unreviewed			multiword,pos_from_wordnet
udhezim_N	N	udhëzim			Albanet/OMW	wns/als/wn-data-als.tab	imported_unreviewed			pos_from_wordnet
udhezues_N	N	udhëzues			Albanet/OMW	wns/als/wn-data-als.tab	imported_unreviewed			pos_from_wordnet
ujdi_N	N	ujdi			Albanet/OMW	wns/als/wn-data-als.tab	imported_unreviewed			pos_from_wordnet
uje_N	N	ujë			Albanet/OMW | Baseline LexiconSqi	wns/als/wn-data-als.tab | water_N	baseline_lexicon_exact	water_N		lexicon_sqi_exact,pos_from_wordnet
ujera_N	N	ujëra			Albanet/OMW	wns/als/wn-data-als.tab	imported_unreviewed			pos_from_wordnet
ulje_N	N	ulje			Albanet/OMW	wns/als/wn-data-als.tab	imported_unreviewed			pos_from_wordnet
unifikim_N	N	unifikim			Albanet/OMW	wns/als/wn-data-als.tab	imported_unreviewed			pos_from_wordnet
uniforme_N	N	uniformë			Albanet/OMW	wns/als/wn-data-als.tab	imported_unreviewed			pos_from_wordnet
uniforme_veshje_N	N	uniformë,veshje			Albanet/OMW	wns/als/wn-data-als.tab	imported_unreviewed			pos_from_wordnet,punctuation
union_N	N	union			Albanet/OMW	wns/als/wn-data-als.tab	imported_unreviewed			pos_from_wordnet
univers_N	N	univers			Albanet/OMW	wns/als/wn-data-als.tab	imported_unreviewed			pos_from_wordnet
universit_N	N	universit			Albanet/OMW	wns/als/wn-data-als.tab	imported_unreviewed			pos_from_wordnet
universitet_N	N	universitet			Baseline LexiconSqi	university_N	baseline_lexicon_exact	university_N		lexicon_sqi_exact
urdher_N	N	urdhër			Albanet/OMW	wns/als/wn-data-als.tab	imported_unreviewed			pos_from_wordnet
urdherese_N	N	urdhërese			Albanet/OMW	wns/als/wn-data-als.tab	imported_unreviewed			pos_from_wordnet
urdheroj_N	N	urdhëroj			Albanet/OMW	wns/als/wn-data-als.tab	imported_unreviewed			pos_from_wordnet
uri_N	N	uri			Albanet/OMW	wns/als/wn-data-als.tab	imported_unreviewed			pos_from_wordnet
urim_N	N	urim			Albanet/OMW	wns/als/wn-data-als.tab	imported_unreviewed			pos_from_wordnet
urrejtje_N	N	urrejtje			Albanet/OMW	wns/als/wn-data-als.tab	imported_unreviewed			pos_from_wordnet
urtesi_N	N	urtësi			Albanet/OMW	wns/als/wn-data-als.tab	imported_unreviewed			pos_from_wordnet
ure_N	N	urë			Albanet/OMW	wns/als/wn-data-als.tab	imported_unreviewed			pos_from_wordnet
ushqim_N	N	ushqim			Albanet/OMW	wns/als/wn-data-als.tab	imported_unreviewed			pos_from_wordnet
ushqim_i_thate_N	N	ushqim i thatë			Albanet/OMW	wns/als/wn-data-als.tab	imported_unreviewed			multiword,pos_from_wordnet
ushqim_me_drithera_N	N	ushqim me drithëra			Albanet/OMW	wns/als/wn-data-als.tab	imported_unreviewed			multiword,pos_from_wordnet
ushqime_N	N	ushqime			Albanet/OMW	wns/als/wn-data-als.tab	imported_unreviewed			pos_from_wordnet
ushqimor_N	N	ushqimor			Albanet/OMW	wns/als/wn-data-als.tab	imported_unreviewed			pos_from_wordnet
ushtar_N	N	ushtar			Albanet/OMW	wns/als/wn-data-als.tab	imported_unreviewed			pos_from_wordnet
ushtarak_N	N	ushtarak			Albanet/OMW	wns/als/wn-data-als.tab	imported_unreviewed			pos_from_wordnet
ushtri_N	N	ushtri			Albanet/OMW	wns/als/wn-data-als.tab	imported_unreviewed			pos_from_wordnet
ushtrim_N	N	ushtrim			Albanet/OMW	wns/als/wn-data-als.tab	imported_unreviewed			pos_from_wordnet
ushtrohem_N	N	ushtrohem			Albanet/OMW	wns/als/wn-data-als.tab	imported_unreviewed			pos_from_wordnet
ushte_N	N	ushtë			Albanet/OMW	wns/als/wn-data-als.tab	imported_unreviewed			pos_from_wordnet
ustallek_N	N	ustallëk			Albanet/OMW	wns/als/wn-data-als.tab	imported_unreviewed			pos_from_wordnet
uzine_N	N	uzinë			Albanet/OMW	wns/als/wn-data-als.tab	imported_unreviewed			pos_from_wordnet
vagon_N	N	vagon			Albanet/OMW	wns/als/wn-data-als.tab	imported_unreviewed			pos_from_wordnet
vagon_tramvaji_N	N	vagon tramvaji			Albanet/OMW	wns/als/wn-data-als.tab	imported_unreviewed			multiword,pos_from_wordnet
vagon_treni_N	N	vagon treni			Albanet/OMW	wns/als/wn-data-als.tab	imported_unreviewed			multiword,pos_from_wordnet
vaj_N	N	vaj			Albanet/OMW | Baseline LexiconSqi	wns/als/wn-data-als.tab | oil_N	baseline_lexicon_exact	oil_N		lexicon_sqi_exact,pos_from_wordnet
vajguri_N	N	vajguri			Albanet/OMW	wns/als/wn-data-als.tab	imported_unreviewed			pos_from_wordnet
vajze_N	N	vajze			Albanet/OMW	wns/als/wn-data-als.tab	imported_unreviewed			pos_from_wordnet
vajze_N__2	N	vajzë			Baseline LexiconSqi	girl_N	baseline_lexicon_exact	girl_N		lexicon_sqi_exact
vakt_N	N	vakt			Albanet/OMW	wns/als/wn-data-als.tab	imported_unreviewed			pos_from_wordnet
vakum_N	N	vakum			Albanet/OMW	wns/als/wn-data-als.tab	imported_unreviewed			pos_from_wordnet
valence_N	N	valencë			Albanet/OMW	wns/als/wn-data-als.tab	imported_unreviewed			pos_from_wordnet
vale_N	N	valë			Albanet/OMW	wns/als/wn-data-als.tab	imported_unreviewed			pos_from_wordnet
vale_elektromagnetike_N	N	valë elektromagnetike			Albanet/OMW	wns/als/wn-data-als.tab	imported_unreviewed			multiword,pos_from_wordnet
varferi_N	N	varfëri			Albanet/OMW	wns/als/wn-data-als.tab	imported_unreviewed			pos_from_wordnet
varferim_N	N	varfërim			Albanet/OMW	wns/als/wn-data-als.tab	imported_unreviewed			pos_from_wordnet
varg_N	N	varg			Albanet/OMW	wns/als/wn-data-als.tab	imported_unreviewed			pos_from_wordnet
varg_fjalesh_N	N	varg fjalesh			Albanet/OMW	wns/als/wn-data-als.tab	imported_unreviewed			multiword,pos_from_wordnet
varg_gjuhesor_N	N	varg gjuhësor			Albanet/OMW	wns/als/wn-data-als.tab	imported_unreviewed			multiword,pos_from_wordnet
varg_malor_N	N	varg malor			Albanet/OMW	wns/als/wn-data-als.tab	imported_unreviewed			multiword,pos_from_wordnet
varg_me_fjale_N	N	varg me fjale			Albanet/OMW	wns/als/wn-data-als.tab	imported_unreviewed			multiword,pos_from_wordnet
varg_shkallaresh_N	N	varg shkallaresh			Albanet/OMW	wns/als/wn-data-als.tab	imported_unreviewed			multiword,pos_from_wordnet
vargonj_N	N	vargonj			Albanet/OMW	wns/als/wn-data-als.tab	imported_unreviewed			pos_from_wordnet
variacion_N	N	variacion			Albanet/OMW	wns/als/wn-data-als.tab	imported_unreviewed			pos_from_wordnet
variant_N	N	variant			Albanet/OMW	wns/als/wn-data-als.tab	imported_unreviewed			pos_from_wordnet
variete_N	N	variete			Albanet/OMW	wns/als/wn-data-als.tab	imported_unreviewed			pos_from_wordnet
varke_N	N	varkë			Albanet/OMW | Baseline LexiconSqi	wns/als/wn-data-als.tab | boat_N	baseline_lexicon_exact	boat_N		lexicon_sqi_exact,pos_from_wordnet
varr_N	N	varr			Albanet/OMW	wns/als/wn-data-als.tab	imported_unreviewed			pos_from_wordnet
varreza_N	N	varreza			Albanet/OMW	wns/als/wn-data-als.tab	imported_unreviewed			pos_from_wordnet
varesi_N	N	varësi			Albanet/OMW	wns/als/wn-data-als.tab	imported_unreviewed			pos_from_wordnet
vaske_N	N	vaskë			Albanet/OMW	wns/als/wn-data-als.tab	imported_unreviewed			pos_from_wordnet
vathe_N	N	vathë			Albanet/OMW	wns/als/wn-data-als.tab	imported_unreviewed			pos_from_wordnet
vater_N	N	vatër			Albanet/OMW	wns/als/wn-data-als.tab	imported_unreviewed			pos_from_wordnet
vaterzoj_N	N	vatërzoj			Albanet/OMW	wns/als/wn-data-als.tab	imported_unreviewed			pos_from_wordnet
vazhdim_N	N	vazhdim			Albanet/OMW	wns/als/wn-data-als.tab	imported_unreviewed			pos_from_wordnet
vazhdueshmeri_N	N	vazhdueshmëri			Albanet/OMW	wns/als/wn-data-als.tab	imported_unreviewed			pos_from_wordnet
vazhde_N	N	vazhdë			Albanet/OMW	wns/als/wn-data-als.tab	imported_unreviewed			pos_from_wordnet
vc_N	N	vc			Albanet/OMW	wns/als/wn-data-als.tab	imported_unreviewed			pos_from_wordnet
vdekje_N	N	vdekje			Albanet/OMW	wns/als/wn-data-als.tab	imported_unreviewed			pos_from_wordnet
vdekshmeria_N	N	vdekshmëria			Albanet/OMW	wns/als/wn-data-als.tab	imported_unreviewed			pos_from_wordnet
vegel_ligjore_N	N	vegel ligjore			Albanet/OMW	wns/als/wn-data-als.tab	imported_unreviewed			multiword,pos_from_wordnet
vegla_mjete_N	N	vegla , mjete			Albanet/OMW	wns/als/wn-data-als.tab	imported_unreviewed			multiword,pos_from_wordnet,punctuation
vegla_me_perkuion_N	N	vegla me perkuion			Albanet/OMW	wns/als/wn-data-als.tab	imported_unreviewed			multiword,pos_from_wordnet
vegel_N	N	vegël			Albanet/OMW	wns/als/wn-data-als.tab	imported_unreviewed			pos_from_wordnet
vegel_muzikore_N	N	vegël muzikore			Albanet/OMW	wns/als/wn-data-als.tab	imported_unreviewed			multiword,pos_from_wordnet
vegel_prerese_N	N	vegël prerëse			Albanet/OMW	wns/als/wn-data-als.tab	imported_unreviewed			multiword,pos_from_wordnet
vele_N	N	velë			Albanet/OMW	wns/als/wn-data-als.tab	imported_unreviewed			pos_from_wordnet
vemje_N	N	vemje			Albanet/OMW	wns/als/wn-data-als.tab	imported_unreviewed			pos_from_wordnet
vena_N	N	vena			Albanet/OMW	wns/als/wn-data-als.tab	imported_unreviewed			pos_from_wordnet
venat_e_gjakut_N	N	venat e gjakut			Albanet/OMW	wns/als/wn-data-als.tab	imported_unreviewed			multiword,pos_from_wordnet
vend_N	N	vend			Albanet/OMW | Baseline LexiconSqi	wns/als/wn-data-als.tab | country_N	baseline_lexicon_exact	country_N		lexicon_sqi_exact,pos_from_wordnet
vend_fundor_N	N	vend fundor			Albanet/OMW	wns/als/wn-data-als.tab	imported_unreviewed			multiword,pos_from_wordnet
vend_gjeografik_N	N	vend gjeografik			Albanet/OMW	wns/als/wn-data-als.tab	imported_unreviewed			multiword,pos_from_wordnet
vend_i_fshehte_N	N	vend i fshehtë			Albanet/OMW	wns/als/wn-data-als.tab	imported_unreviewed			multiword,pos_from_wordnet
vend_i_lire_N	N	vend i lirë			Albanet/OMW	wns/als/wn-data-als.tab	imported_unreviewed			multiword,pos_from_wordnet
vend_i_mbuluar_i_fshehte_N	N	vend i mbuluar , i fshehtë			Albanet/OMW	wns/als/wn-data-als.tab	imported_unreviewed			multiword,pos_from_wordnet,punctuation
vend_i_rrafshet_ne_nivel_N	N	vend i rrafshët , në nivel			Albanet/OMW	wns/als/wn-data-als.tab	imported_unreviewed			multiword,pos_from_wordnet,punctuation
vend_i_rrethuar_N	N	vend i rrethuar			Albanet/OMW	wns/als/wn-data-als.tab	imported_unreviewed			multiword,pos_from_wordnet
vend_i_thate_N	N	vend i thatë			Albanet/OMW	wns/als/wn-data-als.tab	imported_unreviewed			multiword,pos_from_wordnet
vend_imagjinar_N	N	vend imagjinar			Albanet/OMW	wns/als/wn-data-als.tab	imported_unreviewed			multiword,pos_from_wordnet
vend_mitik_N	N	vend mitik			Albanet/OMW	wns/als/wn-data-als.tab	imported_unreviewed			multiword,pos_from_wordnet
vend_pune_N	N	vend pune			Albanet/OMW	wns/als/wn-data-als.tab	imported_unreviewed			multiword,pos_from_wordnet
vend_pushimi_N	N	vend pushimi			Albanet/OMW	wns/als/wn-data-als.tab	imported_unreviewed			multiword,pos_from_wordnet
vendas_N	N	vendas			Albanet/OMW	wns/als/wn-data-als.tab	imported_unreviewed			pos_from_wordnet
vendbanim_N	N	vendbanim			Albanet/OMW	wns/als/wn-data-als.tab	imported_unreviewed			pos_from_wordnet
vendi_i_punes_N	N	vendi i punës			Albanet/OMW	wns/als/wn-data-als.tab	imported_unreviewed			multiword,pos_from_wordnet
vendim_N	N	vendim			Albanet/OMW	wns/als/wn-data-als.tab	imported_unreviewed			pos_from_wordnet
vendim_gjyqesore_N	N	vendim gjyqësorë			Albanet/OMW	wns/als/wn-data-als.tab	imported_unreviewed			multiword,pos_from_wordnet
vendimares_N	N	vendimares			Albanet/OMW	wns/als/wn-data-als.tab	imported_unreviewed			pos_from_wordnet
vendlindje_N	N	vendlindje			Albanet/OMW	wns/als/wn-data-als.tab	imported_unreviewed			pos_from_wordnet
vendodhje_N	N	vendodhje			Albanet/OMW	wns/als/wn-data-als.tab	imported_unreviewed			pos_from_wordnet
vendos_N	N	vendos			Albanet/OMW	wns/als/wn-data-als.tab	imported_unreviewed			pos_from_wordnet
vendosje_N	N	vendosje			Albanet/OMW	wns/als/wn-data-als.tab	imported_unreviewed			pos_from_wordnet
vendosmeri_N	N	vendosmëri			Albanet/OMW	wns/als/wn-data-als.tab	imported_unreviewed			pos_from_wordnet
vendqendrim_N	N	vendqendrim			Albanet/OMW	wns/als/wn-data-als.tab	imported_unreviewed			pos_from_wordnet
vendtakim_N	N	vendtakim			Albanet/OMW	wns/als/wn-data-als.tab	imported_unreviewed			pos_from_wordnet
venitet_N	N	venitet			Albanet/OMW	wns/als/wn-data-als.tab	imported_unreviewed			pos_from_wordnet
ventilator_N	N	ventilator			Albanet/OMW	wns/als/wn-data-als.tab	imported_unreviewed			pos_from_wordnet
vene_N	N	venë			Albanet/OMW	wns/als/wn-data-als.tab	imported_unreviewed			pos_from_wordnet
veper_muzikore_N	N	veper muzikore			Albanet/OMW	wns/als/wn-data-als.tab	imported_unreviewed			multiword,pos_from_wordnet
veprim_N	N	veprim			Albanet/OMW	wns/als/wn-data-als.tab	imported_unreviewed			pos_from_wordnet
veprim_i_keq_N	N	veprim i keq			Albanet/OMW	wns/als/wn-data-als.tab	imported_unreviewed			multiword,pos_from_wordnet
veprim_i_mundshem_N	N	veprim i mundshëm			Albanet/OMW	wns/als/wn-data-als.tab	imported_unreviewed			multiword,pos_from_wordnet
veprim_i_pandershem_N	N	veprim i pandershëm			Albanet/OMW	wns/als/wn-data-als.tab	imported_unreviewed			multiword,pos_from_wordnet
veprim_i_pasjellshem_N	N	veprim i pasjellshëm			Albanet/OMW	wns/als/wn-data-als.tab	imported_unreviewed			multiword,pos_from_wordnet
veprim_natyror_N	N	veprim natyror			Albanet/OMW	wns/als/wn-data-als.tab	imported_unreviewed			multiword,pos_from_wordnet
veprim_njerezor_N	N	veprim njerëzor			Albanet/OMW	wns/als/wn-data-als.tab	imported_unreviewed			multiword,pos_from_wordnet
veprime_N	N	veprime			Albanet/OMW	wns/als/wn-data-als.tab	imported_unreviewed			pos_from_wordnet
veprime_matematikor_N	N	veprime matematikor			Albanet/OMW	wns/als/wn-data-als.tab	imported_unreviewed			multiword,pos_from_wordnet
veprimtari_N	N	veprimtari			Albanet/OMW	wns/als/wn-data-als.tab	imported_unreviewed			pos_from_wordnet
veprimtari_ekonomike_N	N	veprimtari ekonomike			Albanet/OMW	wns/als/wn-data-als.tab	imported_unreviewed			multiword,pos_from_wordnet
veprimtari_krijuese_N	N	veprimtari krijuese			Albanet/OMW	wns/als/wn-data-als.tab	imported_unreviewed			multiword,pos_from_wordnet
veprimtari_tregtare_N	N	veprimtari tregtare			Albanet/OMW	wns/als/wn-data-als.tab	imported_unreviewed			multiword,pos_from_wordnet
veproj_N	N	veproj			Albanet/OMW	wns/als/wn-data-als.tab	imported_unreviewed			pos_from_wordnet
veproj_me_harbuteri_N	N	veproj me harbutëri			Albanet/OMW	wns/als/wn-data-als.tab	imported_unreviewed			multiword,pos_from_wordnet
veper_N	N	vepër			Albanet/OMW	wns/als/wn-data-als.tab	imported_unreviewed			pos_from_wordnet
verande_N	N	verandë			Albanet/OMW	wns/als/wn-data-als.tab	imported_unreviewed			pos_from_wordnet
vere_N	N	vere			Albanet/OMW	wns/als/wn-data-als.tab	imported_unreviewed			pos_from_wordnet
veri_N	N	veri			Albanet/OMW	wns/als/wn-data-als.tab	imported_unreviewed			pos_from_wordnet
version_N	N	version			Albanet/OMW	wns/als/wn-data-als.tab	imported_unreviewed			pos_from_wordnet
vertebror_N	N	vertebror			Albanet/OMW	wns/als/wn-data-als.tab	imported_unreviewed			pos_from_wordnet
vere_N__2	N	verë			Albanet/OMW | Baseline LexiconSqi	wns/als/wn-data-als.tab | wine_N	baseline_lexicon_exact	wine_N		lexicon_sqi_exact,pos_from_wordnet
ves_N	N	ves			Albanet/OMW	wns/als/wn-data-als.tab	imported_unreviewed			pos_from_wordnet
vesh_N	N	vesh			Albanet/OMW | Baseline LexiconSqi	wns/als/wn-data-als.tab | ear_N	baseline_lexicon_exact	ear_N		lexicon_sqi_exact,pos_from_wordnet
veshje_N	N	veshje			Albanet/OMW	wns/als/wn-data-als.tab	imported_unreviewed			pos_from_wordnet
veshje_e_siperme_N	N	veshje e sipërme			Albanet/OMW	wns/als/wn-data-als.tab	imported_unreviewed			multiword,pos_from_wordnet
veshje_murgu_N	N	veshje murgu			Albanet/OMW	wns/als/wn-data-als.tab	imported_unreviewed			multiword,pos_from_wordnet
veshje_pambuku_N	N	veshje pambuku			Albanet/OMW	wns/als/wn-data-als.tab	imported_unreviewed			multiword,pos_from_wordnet
veshje_te_brendshme_N	N	veshje të brendshme			Albanet/OMW	wns/als/wn-data-als.tab	imported_unreviewed			multiword,pos_from_wordnet
veshje_uniforme_N	N	veshje uniformë			Albanet/OMW	wns/als/wn-data-als.tab	imported_unreviewed			multiword,pos_from_wordnet
veture_N	N	veturë			Albanet/OMW	wns/als/wn-data-als.tab	imported_unreviewed			pos_from_wordnet
vetebesim_N	N	vetëbesim			Albanet/OMW	wns/als/wn-data-als.tab	imported_unreviewed			pos_from_wordnet
veze_N	N	vezë			Albanet/OMW | Baseline LexiconSqi	wns/als/wn-data-als.tab | egg_N	baseline_lexicon_exact	egg_N		lexicon_sqi_exact,pos_from_wordnet
veze_femerore_N	N	vezë femërore			Albanet/OMW	wns/als/wn-data-als.tab	imported_unreviewed			multiword,pos_from_wordnet
vecori_psikologjike_N	N	veçori psikologjike			Albanet/OMW	wns/als/wn-data-als.tab	imported_unreviewed			multiword,pos_from_wordnet
vije_N	N	vije			Albanet/OMW	wns/als/wn-data-als.tab	imported_unreviewed			pos_from_wordnet
vije_e_drejte_N	N	vije e drejte			Albanet/OMW	wns/als/wn-data-als.tab	imported_unreviewed			multiword,pos_from_wordnet
vije_kufiri_N	N	vije kufiri			Albanet/OMW	wns/als/wn-data-als.tab	imported_unreviewed			multiword,pos_from_wordnet
vije_kufitare_N	N	vije kufitare			Albanet/OMW	wns/als/wn-data-als.tab	imported_unreviewed			multiword,pos_from_wordnet
vije_lufte_N	N	vije lufte			Albanet/OMW	wns/als/wn-data-als.tab	imported_unreviewed			multiword,pos_from_wordnet
vije_malore_N	N	vije malore			Albanet/OMW	wns/als/wn-data-als.tab	imported_unreviewed			multiword,pos_from_wordnet
vije_uji_N	N	vije uji			Albanet/OMW	wns/als/wn-data-als.tab	imported_unreviewed			multiword,pos_from_wordnet
vije_vertikale_N	N	vijë vertikale			Albanet/OMW	wns/als/wn-data-als.tab	imported_unreviewed			multiword,pos_from_wordnet
violence_N	N	violencë			Albanet/OMW	wns/als/wn-data-als.tab	imported_unreviewed			pos_from_wordnet
virtyt_N	N	virtyt			Albanet/OMW	wns/als/wn-data-als.tab	imported_unreviewed			pos_from_wordnet
visar_N	N	visar			Albanet/OMW	wns/als/wn-data-als.tab	imported_unreviewed			pos_from_wordnet
vit_N	N	vit			Albanet/OMW | Baseline LexiconSqi	wns/als/wn-data-als.tab | year_N	baseline_lexicon_exact	year_N		lexicon_sqi_exact,pos_from_wordnet
vit_kalendarik_N	N	vit kalendarik			Albanet/OMW	wns/als/wn-data-als.tab	imported_unreviewed			multiword,pos_from_wordnet
vite_N	N	vite			Albanet/OMW	wns/als/wn-data-als.tab	imported_unreviewed			pos_from_wordnet
vizatim_N	N	vizatim			Albanet/OMW	wns/als/wn-data-als.tab	imported_unreviewed			pos_from_wordnet
vizion_N	N	vizion			Albanet/OMW	wns/als/wn-data-als.tab	imported_unreviewed			pos_from_wordnet
vizitor_N	N	vizitor			Albanet/OMW	wns/als/wn-data-als.tab	imported_unreviewed			pos_from_wordnet
vizite_N	N	vizitë			Albanet/OMW	wns/als/wn-data-als.tab	imported_unreviewed			pos_from_wordnet
vjedh_N	N	vjedh			Albanet/OMW	wns/als/wn-data-als.tab	imported_unreviewed			pos_from_wordnet
vjedhje_N	N	vjedhje			Albanet/OMW	wns/als/wn-data-als.tab	imported_unreviewed			pos_from_wordnet
vjershe_N	N	vjershë			Albanet/OMW	wns/als/wn-data-als.tab	imported_unreviewed			pos_from_wordnet
vjeshte_N	N	vjeshtë			Albanet/OMW	wns/als/wn-data-als.tab	imported_unreviewed			pos_from_wordnet
vlefshmeri_N	N	vlefshmëri			Albanet/OMW	wns/als/wn-data-als.tab	imported_unreviewed			pos_from_wordnet
vlera_N	N	vlera			Albanet/OMW	wns/als/wn-data-als.tab	imported_unreviewed			pos_from_wordnet
vlere_N	N	vlere			Albanet/OMW	wns/als/wn-data-als.tab	imported_unreviewed			pos_from_wordnet
vleresim_N	N	vleresim			Albanet/OMW	wns/als/wn-data-als.tab	imported_unreviewed			pos_from_wordnet
vlere_N__2	N	vlerë			Albanet/OMW	wns/als/wn-data-als.tab	imported_unreviewed			pos_from_wordnet
vlere_monetare_N	N	vlerë monetare			Albanet/OMW	wns/als/wn-data-als.tab	imported_unreviewed			multiword,pos_from_wordnet
vleresim_N__2	N	vlerësim			Albanet/OMW	wns/als/wn-data-als.tab	imported_unreviewed			pos_from_wordnet
vleresues_N	N	vlerësues			Albanet/OMW	wns/als/wn-data-als.tab	imported_unreviewed			pos_from_wordnet
vogelushe_N	N	vogëlushë			Albanet/OMW	wns/als/wn-data-als.tab	imported_unreviewed			pos_from_wordnet
voice_N	N	voice			Albanet/OMW	wns/als/wn-data-als.tab	imported_unreviewed			pos_from_wordnet
vokalice_N	N	vokalice			Albanet/OMW	wns/als/wn-data-als.tab	imported_unreviewed			pos_from_wordnet
vokalizem_N	N	vokalizëm			Albanet/OMW	wns/als/wn-data-als.tab	imported_unreviewed			pos_from_wordnet
vonese_N	N	vonesë			Albanet/OMW	wns/als/wn-data-als.tab	imported_unreviewed			pos_from_wordnet
votim_N	N	votim			Albanet/OMW	wns/als/wn-data-als.tab	imported_unreviewed			pos_from_wordnet
vote_N	N	votë			Albanet/OMW	wns/als/wn-data-als.tab	imported_unreviewed			pos_from_wordnet
vozitje_N	N	vozitje			Albanet/OMW	wns/als/wn-data-als.tab	imported_unreviewed			pos_from_wordnet
vrap_N	N	vrap			Albanet/OMW	wns/als/wn-data-als.tab	imported_unreviewed			pos_from_wordnet
vrapim_N	N	vrapim			Albanet/OMW	wns/als/wn-data-als.tab	imported_unreviewed			pos_from_wordnet
vrapim_kuajsh_N	N	vrapim kuajsh			Albanet/OMW	wns/als/wn-data-als.tab	imported_unreviewed			multiword,pos_from_wordnet
vrapues_N	N	vrapues			Albanet/OMW	wns/als/wn-data-als.tab	imported_unreviewed			pos_from_wordnet
vras_N	N	vras			Albanet/OMW	wns/als/wn-data-als.tab	imported_unreviewed			pos_from_wordnet
vrasje_N	N	vrasje			Albanet/OMW	wns/als/wn-data-als.tab	imported_unreviewed			pos_from_wordnet
vrazhdesi_N	N	vrazhdësi			Albanet/OMW	wns/als/wn-data-als.tab	imported_unreviewed			pos_from_wordnet
vrime_N	N	vrimë			Albanet/OMW	wns/als/wn-data-als.tab	imported_unreviewed			pos_from_wordnet
vrime_gjilpere_N	N	vrimë gjilpëre			Albanet/OMW	wns/als/wn-data-als.tab	imported_unreviewed			multiword,pos_from_wordnet
vrojtues_N	N	vrojtues			Albanet/OMW	wns/als/wn-data-als.tab	imported_unreviewed			pos_from_wordnet
vrull_N	N	vrull			Albanet/OMW	wns/als/wn-data-als.tab	imported_unreviewed			pos_from_wordnet
vuajtje_N	N	vuajtje			Albanet/OMW	wns/als/wn-data-als.tab	imported_unreviewed			pos_from_wordnet
vullnet_N	N	vullnet			Albanet/OMW	wns/als/wn-data-als.tab	imported_unreviewed			pos_from_wordnet
vule_N	N	vulë			Albanet/OMW	wns/als/wn-data-als.tab	imported_unreviewed			pos_from_wordnet
vyrtuos_N	N	vyrtuos			Albanet/OMW	wns/als/wn-data-als.tab	imported_unreviewed			pos_from_wordnet
ve_ne_levizje_N	N	vë në lëvizje			Albanet/OMW	wns/als/wn-data-als.tab	imported_unreviewed			multiword,pos_from_wordnet
vellazeri_N	N	vëllazëri			Albanet/OMW	wns/als/wn-data-als.tab	imported_unreviewed			pos_from_wordnet
vellim_N	N	vëllim			Albanet/OMW	wns/als/wn-data-als.tab	imported_unreviewed			pos_from_wordnet
vemendje_N	N	vëmendje			Albanet/OMW	wns/als/wn-data-als.tab	imported_unreviewed			pos_from_wordnet
venie_ne_loje_N	N	vënie në lojë			Albanet/OMW	wns/als/wn-data-als.tab	imported_unreviewed			multiword,pos_from_wordnet
vershim_N	N	vërshim			Albanet/OMW	wns/als/wn-data-als.tab	imported_unreviewed			pos_from_wordnet
versulem_N	N	vërsulem			Albanet/OMW	wns/als/wn-data-als.tab	imported_unreviewed			pos_from_wordnet
vertetesi_N	N	vërtetësi			Albanet/OMW	wns/als/wn-data-als.tab	imported_unreviewed			pos_from_wordnet
veshtiresi_N	N	vështirësi			Albanet/OMW	wns/als/wn-data-als.tab	imported_unreviewed			pos_from_wordnet
veshtroj_N	N	vështroj			Albanet/OMW	wns/als/wn-data-als.tab	imported_unreviewed			pos_from_wordnet
vezhgim_N	N	vëzhgim			Albanet/OMW	wns/als/wn-data-als.tab	imported_unreviewed			pos_from_wordnet
vezhgues_N	N	vëzhgues			Albanet/OMW	wns/als/wn-data-als.tab	imported_unreviewed			pos_from_wordnet
waste_N	N	waste			Albanet/OMW	wns/als/wn-data-als.tab	imported_unreviewed			pos_from_wordnet
waste_material_N	N	waste material			Albanet/OMW	wns/als/wn-data-als.tab	imported_unreviewed			multiword,pos_from_wordnet
waste_matter_N	N	waste matter			Albanet/OMW	wns/als/wn-data-als.tab	imported_unreviewed			multiword,pos_from_wordnet
waste_product_N	N	waste product			Albanet/OMW	wns/als/wn-data-als.tab	imported_unreviewed			multiword,pos_from_wordnet
wc_N	N	wc			Albanet/OMW	wns/als/wn-data-als.tab	imported_unreviewed			pos_from_wordnet
wc_tualet_N	N	wc tualet			Albanet/OMW	wns/als/wn-data-als.tab	imported_unreviewed			multiword,pos_from_wordnet
word_N	N	word			Albanet/OMW	wns/als/wn-data-als.tab	imported_unreviewed			pos_from_wordnet
xhakete_N	N	xhaketë			Albanet/OMW	wns/als/wn-data-als.tab	imported_unreviewed			pos_from_wordnet
xhaxha_N	N	xhaxha			Albanet/OMW	wns/als/wn-data-als.tab	imported_unreviewed			pos_from_wordnet
xhentilese_N	N	xhentilesë			Albanet/OMW	wns/als/wn-data-als.tab	imported_unreviewed			pos_from_wordnet
xhep_N	N	xhep			Albanet/OMW	wns/als/wn-data-als.tab	imported_unreviewed			pos_from_wordnet
xhiro_me_makine_N	N	xhiro me makinë			Albanet/OMW	wns/als/wn-data-als.tab	imported_unreviewed			multiword,pos_from_wordnet
xhunge_N	N	xhungë			Albanet/OMW	wns/als/wn-data-als.tab	imported_unreviewed			pos_from_wordnet
xhungel_N	N	xhungël			Albanet/OMW	wns/als/wn-data-als.tab	imported_unreviewed			pos_from_wordnet
ylber_N	N	ylber			Albanet/OMW	wns/als/wn-data-als.tab	imported_unreviewed			pos_from_wordnet
yll_N	N	yll			Albanet/OMW | Baseline LexiconSqi	wns/als/wn-data-als.tab | star_N	baseline_lexicon_exact	star_N		lexicon_sqi_exact,pos_from_wordnet
yndyre_N	N	yndyrë			Albanet/OMW	wns/als/wn-data-als.tab	imported_unreviewed			pos_from_wordnet
zakon_N	N	zakon			Albanet/OMW	wns/als/wn-data-als.tab	imported_unreviewed			pos_from_wordnet
zanaci_N	N	zanaci			Albanet/OMW	wns/als/wn-data-als.tab	imported_unreviewed			pos_from_wordnet
zanafille_N	N	zanafille			Albanet/OMW	wns/als/wn-data-als.tab	imported_unreviewed			pos_from_wordnet
zanafille_N__2	N	zanafillë			Albanet/OMW	wns/als/wn-data-als.tab	imported_unreviewed			pos_from_wordnet
zanat_N	N	zanat			Albanet/OMW	wns/als/wn-data-als.tab	imported_unreviewed			pos_from_wordnet
zar_N	N	zar			Albanet/OMW	wns/als/wn-data-als.tab	imported_unreviewed			pos_from_wordnet
zarf_N	N	zarf			Albanet/OMW	wns/als/wn-data-als.tab	imported_unreviewed			pos_from_wordnet
zarzavate_N	N	zarzavate			Albanet/OMW	wns/als/wn-data-als.tab	imported_unreviewed			pos_from_wordnet
zbatim_N	N	zbatim			Albanet/OMW	wns/als/wn-data-als.tab	imported_unreviewed			pos_from_wordnet
zbatonjes_N	N	zbatonjës			Albanet/OMW	wns/als/wn-data-als.tab	imported_unreviewed			pos_from_wordnet
zbavitje_N	N	zbavitje			Albanet/OMW	wns/als/wn-data-als.tab	imported_unreviewed			pos_from_wordnet
zbrazeti_N	N	zbrazëti			Albanet/OMW	wns/als/wn-data-als.tab	imported_unreviewed			pos_from_wordnet
zbres_N	N	zbres			Albanet/OMW	wns/als/wn-data-als.tab	imported_unreviewed			pos_from_wordnet
zbritje_N	N	zbritje			Albanet/OMW	wns/als/wn-data-als.tab	imported_unreviewed			pos_from_wordnet
zbukurim_N	N	zbukurim			Albanet/OMW	wns/als/wn-data-als.tab	imported_unreviewed			pos_from_wordnet
zbulim_N	N	zbulim			Albanet/OMW	wns/als/wn-data-als.tab	imported_unreviewed			pos_from_wordnet
zbutes_lehtesues_N	N	zbutës,lehtësues			Albanet/OMW	wns/als/wn-data-als.tab	imported_unreviewed			pos_from_wordnet,punctuation
zejtar_N	N	zejtar			Albanet/OMW	wns/als/wn-data-als.tab	imported_unreviewed			pos_from_wordnet
zemer_N	N	zemër			Baseline LexiconSqi	heart_N	baseline_lexicon_exact	heart_N		lexicon_sqi_exact
zemerata_N	N	zemërata			Albanet/OMW	wns/als/wn-data-als.tab	imported_unreviewed			pos_from_wordnet
zemerlig_N	N	zemërlig			Albanet/OMW	wns/als/wn-data-als.tab	imported_unreviewed			pos_from_wordnet
zemermiresi_N	N	zemërmirësi			Albanet/OMW	wns/als/wn-data-als.tab	imported_unreviewed			pos_from_wordnet
zgavra_e_trupit_N	N	zgavra e trupit			Albanet/OMW	wns/als/wn-data-als.tab	imported_unreviewed			multiword,pos_from_wordnet
zgaver_N	N	zgavër			Albanet/OMW	wns/als/wn-data-als.tab	imported_unreviewed			pos_from_wordnet
zgaver_tubolare_N	N	zgavër tubolare			Albanet/OMW	wns/als/wn-data-als.tab	imported_unreviewed			multiword,pos_from_wordnet
zgjatim_N	N	zgjatim			Albanet/OMW	wns/als/wn-data-als.tab	imported_unreviewed			pos_from_wordnet
zgjatje_N	N	zgjatje			Albanet/OMW	wns/als/wn-data-als.tab	imported_unreviewed			pos_from_wordnet
zgjedh_N	N	zgjedh			Albanet/OMW	wns/als/wn-data-als.tab	imported_unreviewed			pos_from_wordnet
zgjedhje_N	N	zgjedhje			Albanet/OMW	wns/als/wn-data-als.tab	imported_unreviewed			pos_from_wordnet
zhduk_N	N	zhduk			Albanet/OMW	wns/als/wn-data-als.tab	imported_unreviewed			pos_from_wordnet
zhduket_N	N	zhduket			Albanet/OMW	wns/als/wn-data-als.tab	imported_unreviewed			pos_from_wordnet
zhdemtim_N	N	zhdëmtim			Albanet/OMW	wns/als/wn-data-als.tab	imported_unreviewed			pos_from_wordnet
zhubrosje_N	N	zhubrosje			Albanet/OMW	wns/als/wn-data-als.tab	imported_unreviewed			pos_from_wordnet
zhuber_N	N	zhubër			Albanet/OMW	wns/als/wn-data-als.tab	imported_unreviewed			pos_from_wordnet
zhurme_N	N	zhurmë			Albanet/OMW	wns/als/wn-data-als.tab	imported_unreviewed			pos_from_wordnet
zhurme_daulle_N	N	zhurmë daulle			Albanet/OMW	wns/als/wn-data-als.tab	imported_unreviewed			multiword,pos_from_wordnet
zhurrme_N	N	zhurrme			Albanet/OMW	wns/als/wn-data-als.tab	imported_unreviewed			pos_from_wordnet
zhvendosje_N	N	zhvendosje			Albanet/OMW	wns/als/wn-data-als.tab	imported_unreviewed			pos_from_wordnet
zhvillim_N	N	zhvillim			Albanet/OMW	wns/als/wn-data-als.tab	imported_unreviewed			pos_from_wordnet
zile_N	N	zile			Albanet/OMW	wns/als/wn-data-als.tab	imported_unreviewed			pos_from_wordnet
zili_N	N	zili			Albanet/OMW	wns/als/wn-data-als.tab	imported_unreviewed			pos_from_wordnet
zinxhir_N	N	zinxhir			Albanet/OMW	wns/als/wn-data-als.tab	imported_unreviewed			pos_from_wordnet
zjarr_N	N	zjarr			Albanet/OMW | Baseline LexiconSqi	wns/als/wn-data-als.tab | fire_N	baseline_lexicon_exact	fire_N		lexicon_sqi_exact,pos_from_wordnet
zmbrapsje_N	N	zmbrapsje			Albanet/OMW	wns/als/wn-data-als.tab	imported_unreviewed			pos_from_wordnet
zmprapse_N	N	zmprapse			Albanet/OMW	wns/als/wn-data-als.tab	imported_unreviewed			pos_from_wordnet
zog_N	N	zog			Baseline LexiconSqi	bird_N	baseline_lexicon_exact	bird_N		lexicon_sqi_exact
zogj_N	N	zogj			Albanet/OMW	wns/als/wn-data-als.tab	imported_unreviewed			pos_from_wordnet
zonjushe_N	N	zonjushe			Albanet/OMW	wns/als/wn-data-als.tab	imported_unreviewed			pos_from_wordnet
zonjushe_e_re_N	N	zonjushe e re			Albanet/OMW	wns/als/wn-data-als.tab	imported_unreviewed			multiword,pos_from_wordnet
zonje_N	N	zonjë			Albanet/OMW	wns/als/wn-data-als.tab	imported_unreviewed			pos_from_wordnet
zone_N	N	zonë			Albanet/OMW	wns/als/wn-data-als.tab	imported_unreviewed			pos_from_wordnet
zone_atletike_N	N	zonë atletike			Albanet/OMW	wns/als/wn-data-als.tab	imported_unreviewed			multiword,pos_from_wordnet
zone_gjeografike_N	N	zonë gjeografike			Albanet/OMW	wns/als/wn-data-als.tab	imported_unreviewed			multiword,pos_from_wordnet
zone_parkimi_N	N	zonë parkimi			Albanet/OMW	wns/als/wn-data-als.tab	imported_unreviewed			multiword,pos_from_wordnet
zone_pyjore_N	N	zonë pyjore			Albanet/OMW	wns/als/wn-data-als.tab	imported_unreviewed			multiword,pos_from_wordnet
zorre_N	N	zorrë			Baseline LexiconSqi	guts_N	baseline_lexicon_exact	guts_N		lexicon_sqi_exact
zot_N	N	zot			Albanet/OMW	wns/als/wn-data-als.tab	imported_unreviewed			pos_from_wordnet
zoterues_N	N	zoterues			Albanet/OMW	wns/als/wn-data-als.tab	imported_unreviewed			pos_from_wordnet
zotni_N	N	zotni			Albanet/OMW	wns/als/wn-data-als.tab	imported_unreviewed			pos_from_wordnet
zoteri_N	N	zotëri			Albanet/OMW	wns/als/wn-data-als.tab	imported_unreviewed			pos_from_wordnet
zoterim_N	N	zotërim			Albanet/OMW	wns/als/wn-data-als.tab	imported_unreviewed			pos_from_wordnet
zoteroj_N	N	zotëroj			Albanet/OMW	wns/als/wn-data-als.tab	imported_unreviewed			pos_from_wordnet
zoterues_N__2	N	zotërues			Albanet/OMW	wns/als/wn-data-als.tab	imported_unreviewed			pos_from_wordnet
zotesi_N	N	zotësi			Albanet/OMW	wns/als/wn-data-als.tab	imported_unreviewed			pos_from_wordnet
zvarranik_N	N	zvarranik			Albanet/OMW	wns/als/wn-data-als.tab	imported_unreviewed			pos_from_wordnet
zvogelim_N	N	zvogëlim			Albanet/OMW	wns/als/wn-data-als.tab	imported_unreviewed			pos_from_wordnet
zymbyle_N	N	zymbyle			Albanet/OMW	wns/als/wn-data-als.tab	imported_unreviewed			pos_from_wordnet
zyrtar_N	N	zyrtar			Albanet/OMW	wns/als/wn-data-als.tab	imported_unreviewed			pos_from_wordnet
zyre_N	N	zyrë			Albanet/OMW	wns/als/wn-data-als.tab	imported_unreviewed			pos_from_wordnet
zyre_biznesi_N	N	zyrë biznesi			Albanet/OMW	wns/als/wn-data-als.tab	imported_unreviewed			multiword,pos_from_wordnet
zyre_e_ceshtjeve_gjyqesore_N	N	zyrë e çështjeve gjyqësore			Albanet/OMW	wns/als/wn-data-als.tab	imported_unreviewed			multiword,pos_from_wordnet
ze_N	N	zë			Albanet/OMW	wns/als/wn-data-als.tab	imported_unreviewed			pos_from_wordnet
ze_i_folur_N	N	zë i folur			Albanet/OMW	wns/als/wn-data-als.tab	imported_unreviewed			multiword,pos_from_wordnet
zemer_N__2	N	zëmër			Albanet/OMW	wns/als/wn-data-als.tab	imported_unreviewed			pos_from_wordnet
zenie_N	N	zënie			Albanet/OMW	wns/als/wn-data-als.tab	imported_unreviewed			pos_from_wordnet
zenke_N	N	zënkë			Albanet/OMW	wns/als/wn-data-als.tab	imported_unreviewed			pos_from_wordnet
zeri_popullit_N	N	zëri popullit			Albanet/OMW	wns/als/wn-data-als.tab	imported_unreviewed			multiword,pos_from_wordnet
c_nderoj_N	N	ç'nderoj			Albanet/OMW	wns/als/wn-data-als.tab	imported_unreviewed			pos_from_wordnet
caj_N	N	çaj			Albanet/OMW	wns/als/wn-data-als.tab	imported_unreviewed			pos_from_wordnet
cakmak_N	N	çakmak			Albanet/OMW	wns/als/wn-data-als.tab	imported_unreviewed			pos_from_wordnet
camarrokesi_N	N	çamarrokësi			Albanet/OMW	wns/als/wn-data-als.tab	imported_unreviewed			pos_from_wordnet
cante_N	N	çantë			Albanet/OMW	wns/als/wn-data-als.tab	imported_unreviewed			pos_from_wordnet
carje_N	N	çarje			Albanet/OMW	wns/als/wn-data-als.tab	imported_unreviewed			pos_from_wordnet
cast_N	N	çast			Albanet/OMW	wns/als/wn-data-als.tab	imported_unreviewed			pos_from_wordnet
cast_vendimtar_N	N	çast vendimtar			Albanet/OMW	wns/als/wn-data-als.tab	imported_unreviewed			multiword,pos_from_wordnet
cati_N	N	çati			Albanet/OMW | Baseline LexiconSqi	wns/als/wn-data-als.tab | roof_N	baseline_lexicon_exact	roof_N		lexicon_sqi_exact,pos_from_wordnet
cehre_N	N	çehre			Albanet/OMW	wns/als/wn-data-als.tab	imported_unreviewed			pos_from_wordnet
celik_N	N	çelik			Albanet/OMW | Baseline LexiconSqi	wns/als/wn-data-als.tab | steel_N	baseline_lexicon_exact	steel_N		lexicon_sqi_exact,pos_from_wordnet
celes_N	N	çelës			Albanet/OMW	wns/als/wn-data-als.tab	imported_unreviewed			pos_from_wordnet
cerdhe_N	N	çerdhe			Albanet/OMW	wns/als/wn-data-als.tab	imported_unreviewed			pos_from_wordnet
cerek_N	N	çerek			Albanet/OMW	wns/als/wn-data-als.tab	imported_unreviewed			pos_from_wordnet
cibuk_N	N	çibuk			Albanet/OMW	wns/als/wn-data-als.tab	imported_unreviewed			pos_from_wordnet
ciflig_N	N	çiflig			Albanet/OMW	wns/als/wn-data-als.tab	imported_unreviewed			pos_from_wordnet
cift_N	N	çift			Albanet/OMW	wns/als/wn-data-als.tab	imported_unreviewed			pos_from_wordnet
cifut_N	N	çifut			Albanet/OMW	wns/als/wn-data-als.tab	imported_unreviewed			pos_from_wordnet
cilimillek_N	N	çilimillëk			Albanet/OMW	wns/als/wn-data-als.tab	imported_unreviewed			pos_from_wordnet
cizme_N	N	çizme			Albanet/OMW | Baseline LexiconSqi	wns/als/wn-data-als.tab | boot_N	baseline_lexicon_exact	boot_N		lexicon_sqi_exact,pos_from_wordnet
clirim_N	N	çlirim			Albanet/OMW	wns/als/wn-data-als.tab	imported_unreviewed			pos_from_wordnet
clodhje_N	N	çlodhje			Albanet/OMW	wns/als/wn-data-als.tab	imported_unreviewed			pos_from_wordnet
cmim_N	N	çmim			Albanet/OMW	wns/als/wn-data-als.tab	imported_unreviewed			pos_from_wordnet
coj_N	N	çoj			Albanet/OMW	wns/als/wn-data-als.tab	imported_unreviewed			pos_from_wordnet
corap_N	N	çorap			Baseline LexiconSqi	sock_N	baseline_lexicon_exact	sock_N		lexicon_sqi_exact
coroditje_N	N	çoroditje			Albanet/OMW	wns/als/wn-data-als.tab	imported_unreviewed			pos_from_wordnet
crregullim_N	N	çrregullim			Albanet/OMW	wns/als/wn-data-als.tab	imported_unreviewed			pos_from_wordnet
cudi_N	N	çudi			Albanet/OMW	wns/als/wn-data-als.tab	imported_unreviewed			pos_from_wordnet
cun_N	N	çun			Albanet/OMW	wns/als/wn-data-als.tab	imported_unreviewed			pos_from_wordnet
cunak_N	N	çunak			Albanet/OMW	wns/als/wn-data-als.tab	imported_unreviewed			pos_from_wordnet
ceshtje_N	N	çështje			Albanet/OMW	wns/als/wn-data-als.tab	imported_unreviewed			pos_from_wordnet
ceshtje_e_kesaj_bote_N	N	çështje e kësaj bote			Albanet/OMW	wns/als/wn-data-als.tab	imported_unreviewed			multiword,pos_from_wordnet
ceshtje_e_kesaj_toke_N	N	çështje e kësaj toke			Albanet/OMW	wns/als/wn-data-als.tab	imported_unreviewed			multiword,pos_from_wordnet
ceshtje_te_dhenash_N	N	çështje të dhënash			Albanet/OMW	wns/als/wn-data-als.tab	imported_unreviewed			multiword,pos_from_wordnet
embelsi_N	N	ëmbëlsi			Albanet/OMW	wns/als/wn-data-als.tab	imported_unreviewed			pos_from_wordnet
embelsim_N	N	ëmbëlsim			Albanet/OMW	wns/als/wn-data-als.tab	imported_unreviewed			pos_from_wordnet
embelsire_N	N	ëmbëlsirë			Albanet/OMW	wns/als/wn-data-als.tab	imported_unreviewed			pos_from_wordnet
embelsues_N	N	ëmbëlsues			Albanet/OMW	wns/als/wn-data-als.tab	imported_unreviewed			pos_from_wordnet
embeltore_N	N	ëmbëltorë			Albanet/OMW	wns/als/wn-data-als.tab	imported_unreviewed			pos_from_wordnet
enderr_N	N	ëndërr			Albanet/OMW	wns/als/wn-data-als.tab	imported_unreviewed			pos_from_wordnet
baba_N2	N2	baba			Baseline LexiconSqi	father_N2	baseline_lexicon_exact	father_N2		lexicon_sqi_exact
nene_N2	N2	nënë			Baseline LexiconSqi	mother_N2	baseline_lexicon_exact	mother_N2		lexicon_sqi_exact
vella_N2	N2	vëlla			Baseline LexiconSqi	brother_N2	baseline_lexicon_exact	brother_N2		lexicon_sqi_exact
distance_N3	N3	distancë			Baseline LexiconSqi	distance_N3	baseline_lexicon_exact	distance_N3		lexicon_sqi_exact
i_djathte_Ord	Ord	i djathtë			Baseline LexiconSqi	right_Ord	baseline_lexicon_exact	right_Ord		lexicon_sqi_exact
i_majte_Ord	Ord	i majtë			Baseline LexiconSqi	left_Ord	baseline_lexicon_exact	left_Ord		lexicon_sqi_exact
gjon_PN	PN	Gjon			Baseline LexiconSqi	john_PN	baseline_lexicon_exact	john_PN		lexicon_sqi_exact
paris_PN	PN	Paris			Baseline LexiconSqi	paris_PN	baseline_lexicon_exact	paris_PN		lexicon_sqi_exact
gjer_Prep	Prep	gjer	accusative		UT Austin Tosk Glossary	preposition, accusative;	reference_attested_unreviewed			functional_reference
kundrejt_Prep	Prep	kundrejt	ablative		UT Austin Tosk Glossary	preposition, ablative;	reference_attested_unreviewed			functional_reference
mbi_Prep	Prep	mbi	accusative		UT Austin Tosk Glossary	preposition, accusative;	reference_attested_unreviewed			functional_reference
me_Prep	Prep	me	accusative		UT Austin Tosk Glossary	preposition, accusative;	reference_attested_unreviewed			functional_reference
midis_Prep	Prep	midis	ablative		UT Austin Tosk Glossary	preposition, ablative;	reference_attested_unreviewed			functional_reference
nga_Prep	Prep	nga	nominative		UT Austin Tosk Glossary	preposition, nominative;	reference_attested_unreviewed			functional_reference
ne_Prep	Prep	në	accusative		UT Austin Tosk Glossary	preposition, accusative;	reference_attested_unreviewed			functional_reference
nen_Prep	Prep	nën	accusative		UT Austin Tosk Glossary	preposition, accusative;	reference_attested_unreviewed			functional_reference
per_Prep	Prep	për	accusative		UT Austin Tosk Glossary	preposition, accusative;	reference_attested_unreviewed			functional_reference
per_ne_Prep	Prep	për në	accusative		UT Austin Tosk Glossary	preposition, accusative;	reference_attested_unreviewed			functional_reference
pervec_Prep	Prep	përveç	ablative		UT Austin Tosk Glossary	preposition, ablative;	reference_attested_unreviewed			functional_reference
qe_Prep	Prep	që	accusative		UT Austin Tosk Glossary	preposition, accusative;	reference_attested_unreviewed			functional_reference
abstenoj_V	V	abstenoj			Albanet/OMW	wns/als/wn-data-als.tab	imported_unreviewed			pos_from_wordnet
acarim_V	V	acarim			Albanet/OMW	wns/als/wn-data-als.tab	imported_unreviewed			pos_from_wordnet
acaroj_V	V	acaroj			Albanet/OMW	wns/als/wn-data-als.tab	imported_unreviewed			pos_from_wordnet
administroj_V	V	administroj			Albanet/OMW	wns/als/wn-data-als.tab	imported_unreviewed			pos_from_wordnet
admiroj_V	V	admiroj			Albanet/OMW	wns/als/wn-data-als.tab	imported_unreviewed			pos_from_wordnet
adresohem_V	V	adresohem			Albanet/OMW	wns/als/wn-data-als.tab	imported_unreviewed			pos_from_wordnet
adresoj_V	V	adresoj			Albanet/OMW	wns/als/wn-data-als.tab	imported_unreviewed			pos_from_wordnet
afekt_V	V	afekt			Albanet/OMW	wns/als/wn-data-als.tab	imported_unreviewed			pos_from_wordnet
afrim_V	V	afrim			Albanet/OMW	wns/als/wn-data-als.tab	imported_unreviewed			pos_from_wordnet
afrohem_V	V	afrohem			Albanet/OMW	wns/als/wn-data-als.tab	imported_unreviewed			pos_from_wordnet
afrohet_V	V	afrohet			Albanet/OMW	wns/als/wn-data-als.tab	imported_unreviewed			pos_from_wordnet
aftesi_mendore_V	V	aftësi mendore			Albanet/OMW	wns/als/wn-data-als.tab	imported_unreviewed			multiword,pos_from_wordnet
aftesi_per_te_shkruar_V	V	aftësi për të shkruar			Albanet/OMW	wns/als/wn-data-als.tab	imported_unreviewed			multiword,pos_from_wordnet
agon_V	V	agon			Albanet/OMW	wns/als/wn-data-als.tab	imported_unreviewed			pos_from_wordnet
ajo_qe_duhet_bere_V	V	ajo që duhet bërë			Albanet/OMW	wns/als/wn-data-als.tab	imported_unreviewed			multiword,pos_from_wordnet
akord_V	V	akord			Albanet/OMW	wns/als/wn-data-als.tab	imported_unreviewed			pos_from_wordnet
akordoj_V	V	akordoj			Albanet/OMW	wns/als/wn-data-als.tab	imported_unreviewed			pos_from_wordnet
aksident_V	V	aksident			Albanet/OMW	wns/als/wn-data-als.tab	imported_unreviewed			pos_from_wordnet
akt_V	V	akt			Albanet/OMW	wns/als/wn-data-als.tab	imported_unreviewed			pos_from_wordnet
aktivizoj_V	V	aktivizoj			Albanet/OMW	wns/als/wn-data-als.tab	imported_unreviewed			pos_from_wordnet
akumuloj_V	V	akumuloj			Albanet/OMW	wns/als/wn-data-als.tab	imported_unreviewed			pos_from_wordnet
alarm_V	V	alarm			Albanet/OMW	wns/als/wn-data-als.tab	imported_unreviewed			pos_from_wordnet
alarmoj_V	V	alarmoj			Albanet/OMW	wns/als/wn-data-als.tab	imported_unreviewed			pos_from_wordnet
ambalazh_V	V	ambalazh			Albanet/OMW	wns/als/wn-data-als.tab	imported_unreviewed			pos_from_wordnet
amortizoj_V	V	amortizoj			Albanet/OMW	wns/als/wn-data-als.tab	imported_unreviewed			pos_from_wordnet
analizoj_V	V	analizoj			Albanet/OMW	wns/als/wn-data-als.tab	imported_unreviewed			pos_from_wordnet
angazhohem_V	V	angazhohem			Albanet/OMW	wns/als/wn-data-als.tab	imported_unreviewed			pos_from_wordnet
angazhoj_V	V	angazhoj			Albanet/OMW	wns/als/wn-data-als.tab	imported_unreviewed			pos_from_wordnet
angullim_V	V	angullim			Albanet/OMW	wns/als/wn-data-als.tab	imported_unreviewed			pos_from_wordnet
angullime_V	V	angullimë			Albanet/OMW	wns/als/wn-data-als.tab	imported_unreviewed			pos_from_wordnet
anim_V	V	anim			Albanet/OMW	wns/als/wn-data-als.tab	imported_unreviewed			pos_from_wordnet
ankorim_V	V	ankorim			Albanet/OMW	wns/als/wn-data-als.tab	imported_unreviewed			pos_from_wordnet
anulloj_V	V	anulloj			Albanet/OMW	wns/als/wn-data-als.tab	imported_unreviewed			pos_from_wordnet
ane_V	V	anë			Albanet/OMW	wns/als/wn-data-als.tab	imported_unreviewed			pos_from_wordnet
ane_V__2	V	anë,			Albanet/OMW	wns/als/wn-data-als.tab	imported_unreviewed			pos_from_wordnet,punctuation
anetar_i_ri_V	V	anëtar i ri			Albanet/OMW	wns/als/wn-data-als.tab	imported_unreviewed			multiword,pos_from_wordnet
ardhje_V	V	ardhje			Albanet/OMW	wns/als/wn-data-als.tab	imported_unreviewed			pos_from_wordnet
argetoj_V	V	argëtoj			Albanet/OMW	wns/als/wn-data-als.tab	imported_unreviewed			pos_from_wordnet
arme_V	V	armë			Albanet/OMW	wns/als/wn-data-als.tab	imported_unreviewed			pos_from_wordnet
arnoj_V	V	arnoj			Albanet/OMW	wns/als/wn-data-als.tab	imported_unreviewed			pos_from_wordnet
arne_V	V	arnë			Albanet/OMW	wns/als/wn-data-als.tab	imported_unreviewed			pos_from_wordnet
arrakat_V	V	arrakat			Albanet/OMW	wns/als/wn-data-als.tab	imported_unreviewed			pos_from_wordnet
arrati_V	V	arrati			Albanet/OMW	wns/als/wn-data-als.tab	imported_unreviewed			pos_from_wordnet
arratisem_me_vrull_V	V	arratisem me vrull			Albanet/OMW	wns/als/wn-data-als.tab	imported_unreviewed			multiword,pos_from_wordnet
arrij_V	V	arrij			Albanet/OMW	wns/als/wn-data-als.tab	imported_unreviewed			pos_from_wordnet
arrij_sukses_V	V	arrij sukses			Albanet/OMW	wns/als/wn-data-als.tab	imported_unreviewed			multiword,pos_from_wordnet
arritje_V	V	arritje			Albanet/OMW	wns/als/wn-data-als.tab	imported_unreviewed			pos_from_wordnet
arsimoj_V	V	arsimoj			Albanet/OMW	wns/als/wn-data-als.tab	imported_unreviewed			pos_from_wordnet
arsyeja_e_perceptimit_V	V	arsyeja e perceptimit			Albanet/OMW	wns/als/wn-data-als.tab	imported_unreviewed			multiword,pos_from_wordnet
arsyeje_V	V	arsyeje			Albanet/OMW	wns/als/wn-data-als.tab	imported_unreviewed			pos_from_wordnet
arsyetim_V	V	arsyetim			Albanet/OMW	wns/als/wn-data-als.tab	imported_unreviewed			pos_from_wordnet
arsyetoj_V	V	arsyetoj			Albanet/OMW	wns/als/wn-data-als.tab	imported_unreviewed			pos_from_wordnet
artikuloj_V	V	artikuloj			Albanet/OMW	wns/als/wn-data-als.tab	imported_unreviewed			pos_from_wordnet
asfiksoj_V	V	asfiksoj			Albanet/OMW	wns/als/wn-data-als.tab	imported_unreviewed			pos_from_wordnet
asgjesoj_V	V	asgjesoj			Albanet/OMW	wns/als/wn-data-als.tab	imported_unreviewed			pos_from_wordnet
asgjesesoj_V	V	asgjesësoj			Albanet/OMW	wns/als/wn-data-als.tab	imported_unreviewed			pos_from_wordnet
asgjesoj_V__2	V	asgjësoj			Albanet/OMW	wns/als/wn-data-als.tab	imported_unreviewed			pos_from_wordnet
asnjanesi_V	V	asnjanësi			Albanet/OMW	wns/als/wn-data-als.tab	imported_unreviewed			pos_from_wordnet
atribuoj_V	V	atribuoj			Albanet/OMW	wns/als/wn-data-als.tab	imported_unreviewed			pos_from_wordnet
automobil_V	V	automobil			Albanet/OMW	wns/als/wn-data-als.tab	imported_unreviewed			pos_from_wordnet
autorizoj_V	V	autorizoj			Albanet/OMW	wns/als/wn-data-als.tab	imported_unreviewed			pos_from_wordnet
autostop_V	V	autostop			Albanet/OMW	wns/als/wn-data-als.tab	imported_unreviewed			pos_from_wordnet
avancim_V	V	avancim			Albanet/OMW	wns/als/wn-data-als.tab	imported_unreviewed			pos_from_wordnet
avancoj_V	V	avancoj			Albanet/OMW	wns/als/wn-data-als.tab	imported_unreviewed			pos_from_wordnet
avullim_V	V	avullim			Albanet/OMW	wns/als/wn-data-als.tab	imported_unreviewed			pos_from_wordnet
avulloj_V	V	avulloj			Albanet/OMW	wns/als/wn-data-als.tab	imported_unreviewed			pos_from_wordnet
banese_V	V	banesë			Albanet/OMW	wns/als/wn-data-als.tab	imported_unreviewed			pos_from_wordnet
bang_V	V	bang			Albanet/OMW	wns/als/wn-data-als.tab	imported_unreviewed			pos_from_wordnet
banoj_V	V	banoj			Albanet/OMW	wns/als/wn-data-als.tab	imported_unreviewed			pos_from_wordnet
banore_V	V	banore			Albanet/OMW	wns/als/wn-data-als.tab	imported_unreviewed			pos_from_wordnet
baraspeshoj_V	V	baraspeshoj			Albanet/OMW	wns/als/wn-data-als.tab	imported_unreviewed			pos_from_wordnet
barazoj_V	V	barazoj			Albanet/OMW	wns/als/wn-data-als.tab	imported_unreviewed			pos_from_wordnet
barre_V	V	barrë			Albanet/OMW	wns/als/wn-data-als.tab	imported_unreviewed			pos_from_wordnet
bart_V	V	bart			Albanet/OMW	wns/als/wn-data-als.tab	imported_unreviewed			pos_from_wordnet
bashkangjit_V	V	bashkangjit			Albanet/OMW	wns/als/wn-data-als.tab	imported_unreviewed			pos_from_wordnet
bashkim_V	V	bashkim			Albanet/OMW	wns/als/wn-data-als.tab	imported_unreviewed			pos_from_wordnet
bashkohem_V	V	bashkohem			Albanet/OMW	wns/als/wn-data-als.tab	imported_unreviewed			pos_from_wordnet
bashkohen_V	V	bashkohen			Albanet/OMW	wns/als/wn-data-als.tab	imported_unreviewed			pos_from_wordnet
bashkoj_V	V	bashkoj			Albanet/OMW	wns/als/wn-data-als.tab	imported_unreviewed			pos_from_wordnet
bashkon_V	V	bashkon			Albanet/OMW	wns/als/wn-data-als.tab	imported_unreviewed			pos_from_wordnet
bashkeveproj_V	V	bashkëveproj			Albanet/OMW	wns/als/wn-data-als.tab	imported_unreviewed			pos_from_wordnet
bast_V	V	bast			Albanet/OMW	wns/als/wn-data-als.tab	imported_unreviewed			pos_from_wordnet
be_intimate_V	V	be intimate			Albanet/OMW	wns/als/wn-data-als.tab	imported_unreviewed			multiword,pos_from_wordnet
bed_V	V	bed			Albanet/OMW	wns/als/wn-data-als.tab	imported_unreviewed			pos_from_wordnet
bej_zap_V	V	bej zap			Albanet/OMW	wns/als/wn-data-als.tab	imported_unreviewed			multiword,pos_from_wordnet
belbezoj_V	V	belbëzoj			Albanet/OMW	wns/als/wn-data-als.tab	imported_unreviewed			pos_from_wordnet
besim_V	V	besim			Albanet/OMW	wns/als/wn-data-als.tab	imported_unreviewed			pos_from_wordnet
besoj_V	V	besoj			Albanet/OMW	wns/als/wn-data-als.tab	imported_unreviewed			pos_from_wordnet
beteje_V	V	betejë			Albanet/OMW	wns/als/wn-data-als.tab	imported_unreviewed			pos_from_wordnet
betim_V	V	betim			Albanet/OMW	wns/als/wn-data-als.tab	imported_unreviewed			pos_from_wordnet
betohem_V	V	betohem			Albanet/OMW	wns/als/wn-data-als.tab	imported_unreviewed			pos_from_wordnet
bezdis_V	V	bezdis			Albanet/OMW	wns/als/wn-data-als.tab	imported_unreviewed			pos_from_wordnet
bie_V	V	bie			Albanet/OMW	wns/als/wn-data-als.tab	imported_unreviewed			pos_from_wordnet
bie_barkas_V	V	bie barkas			Albanet/OMW	wns/als/wn-data-als.tab	imported_unreviewed			multiword,pos_from_wordnet
bie_dakort_V	V	bie dakort			Albanet/OMW	wns/als/wn-data-als.tab	imported_unreviewed			multiword,pos_from_wordnet
bie_me_rrembim_V	V	bie me rrëmbim			Albanet/OMW	wns/als/wn-data-als.tab	imported_unreviewed			multiword,pos_from_wordnet
bie_ne_mendime_V	V	bie në mendime			Albanet/OMW	wns/als/wn-data-als.tab	imported_unreviewed			multiword,pos_from_wordnet
bie_permes_V	V	bie përmes			Albanet/OMW	wns/als/wn-data-als.tab	imported_unreviewed			multiword,pos_from_wordnet
bie_shi_V	V	bie shi			Albanet/OMW	wns/als/wn-data-als.tab	imported_unreviewed			multiword,pos_from_wordnet
bie_shi_me_vertik_V	V	bie shi me vërtik			Albanet/OMW	wns/als/wn-data-als.tab	imported_unreviewed			multiword,pos_from_wordnet
bilanc_V	V	bilanc			Albanet/OMW	wns/als/wn-data-als.tab	imported_unreviewed			pos_from_wordnet
bind_V	V	bind			Albanet/OMW	wns/als/wn-data-als.tab	imported_unreviewed			pos_from_wordnet
bind_me_diskutime_V	V	bind me diskutime			Albanet/OMW	wns/als/wn-data-als.tab	imported_unreviewed			multiword,pos_from_wordnet
bindem_V	V	bindem			Albanet/OMW	wns/als/wn-data-als.tab	imported_unreviewed			pos_from_wordnet
biroj_V	V	biroj			Albanet/OMW	wns/als/wn-data-als.tab	imported_unreviewed			pos_from_wordnet
biresoj_V	V	birësoj			Albanet/OMW	wns/als/wn-data-als.tab	imported_unreviewed			pos_from_wordnet
bisedoj_V	V	bisedoj			Albanet/OMW	wns/als/wn-data-als.tab	imported_unreviewed			pos_from_wordnet
biciklete_V	V	biçikletë			Albanet/OMW	wns/als/wn-data-als.tab	imported_unreviewed			pos_from_wordnet
blej_V	V	blej			Albanet/OMW	wns/als/wn-data-als.tab	imported_unreviewed			pos_from_wordnet
blerje_V	V	blerje			Albanet/OMW	wns/als/wn-data-als.tab	imported_unreviewed			pos_from_wordnet
bluaj_ne_mend_V	V	bluaj në mend			Albanet/OMW	wns/als/wn-data-als.tab	imported_unreviewed			multiword,pos_from_wordnet
bluarje_V	V	bluarje			Albanet/OMW	wns/als/wn-data-als.tab	imported_unreviewed			pos_from_wordnet
boje_V	V	bojë			Albanet/OMW	wns/als/wn-data-als.tab	imported_unreviewed			pos_from_wordnet
bonk_V	V	bonk			Albanet/OMW	wns/als/wn-data-als.tab	imported_unreviewed			pos_from_wordnet
bori_V	V	bori			Albanet/OMW	wns/als/wn-data-als.tab	imported_unreviewed			pos_from_wordnet
boshatis_V	V	boshatis			Albanet/OMW	wns/als/wn-data-als.tab	imported_unreviewed			pos_from_wordnet
braktis_V	V	braktis			Albanet/OMW	wns/als/wn-data-als.tab	imported_unreviewed			pos_from_wordnet
brave_V	V	bravë			Albanet/OMW	wns/als/wn-data-als.tab	imported_unreviewed			pos_from_wordnet
brazde_V	V	brazdë			Albanet/OMW	wns/als/wn-data-als.tab	imported_unreviewed			pos_from_wordnet
bredh_V	V	bredh			Albanet/OMW	wns/als/wn-data-als.tab	imported_unreviewed			pos_from_wordnet
bredharak_V	V	bredharak			Albanet/OMW	wns/als/wn-data-als.tab	imported_unreviewed			pos_from_wordnet
bredhje_V	V	bredhje			Albanet/OMW	wns/als/wn-data-als.tab	imported_unreviewed			pos_from_wordnet
brejtje_V	V	brejtje			Albanet/OMW	wns/als/wn-data-als.tab	imported_unreviewed			pos_from_wordnet
brenge_V	V	brengë			Albanet/OMW	wns/als/wn-data-als.tab	imported_unreviewed			pos_from_wordnet
britme_V	V	britmë			Albanet/OMW	wns/als/wn-data-als.tab	imported_unreviewed			pos_from_wordnet
brockulla_V	V	broçkulla			Albanet/OMW	wns/als/wn-data-als.tab	imported_unreviewed			pos_from_wordnet
burgos_V	V	burgos			Albanet/OMW	wns/als/wn-data-als.tab	imported_unreviewed			pos_from_wordnet
burim_i_pashtershme_V	V	burim i pashtershme			Albanet/OMW	wns/als/wn-data-als.tab	imported_unreviewed			multiword,pos_from_wordnet
bucitje_V	V	buçitje			Albanet/OMW	wns/als/wn-data-als.tab	imported_unreviewed			pos_from_wordnet
bymehet_V	V	bymehet			Albanet/OMW	wns/als/wn-data-als.tab	imported_unreviewed			pos_from_wordnet
behem_V	V	bëhem			Albanet/OMW	wns/als/wn-data-als.tab	imported_unreviewed			pos_from_wordnet
behem_fakt_V	V	bëhem fakt			Albanet/OMW	wns/als/wn-data-als.tab	imported_unreviewed			multiword,pos_from_wordnet
behem_gati_V	V	bëhem gati			Albanet/OMW	wns/als/wn-data-als.tab	imported_unreviewed			multiword,pos_from_wordnet
behem_i_brishte_V	V	bëhem i brishtë			Albanet/OMW	wns/als/wn-data-als.tab	imported_unreviewed			multiword,pos_from_wordnet
behem_i_pandjeshem_V	V	bëhem i pandjeshëm			Albanet/OMW	wns/als/wn-data-als.tab	imported_unreviewed			multiword,pos_from_wordnet
behem_shok_V	V	bëhem shok			Albanet/OMW	wns/als/wn-data-als.tab	imported_unreviewed			multiword,pos_from_wordnet
behem_si_V	V	bëhem si			Albanet/OMW	wns/als/wn-data-als.tab	imported_unreviewed			multiword,pos_from_wordnet
behet_publik_V	V	bëhet publik			Albanet/OMW	wns/als/wn-data-als.tab	imported_unreviewed			multiword,pos_from_wordnet
bej_V	V	bëj			Albanet/OMW	wns/als/wn-data-als.tab	imported_unreviewed			pos_from_wordnet
bej_balle_V	V	bëj ballë			Albanet/OMW	wns/als/wn-data-als.tab	imported_unreviewed			multiword,pos_from_wordnet
bej_bip_V	V	bëj bip			Albanet/OMW	wns/als/wn-data-als.tab	imported_unreviewed			multiword,pos_from_wordnet
bej_dallim_V	V	bëj dallim			Albanet/OMW	wns/als/wn-data-als.tab	imported_unreviewed			multiword,pos_from_wordnet
bej_diferencim_V	V	bëj diferencim			Albanet/OMW	wns/als/wn-data-als.tab	imported_unreviewed			multiword,pos_from_wordnet
bej_gabim_V	V	bëj gabim			Albanet/OMW	wns/als/wn-data-als.tab	imported_unreviewed			multiword,pos_from_wordnet
bej_gjeste_V	V	bëj gjeste			Albanet/OMW	wns/als/wn-data-als.tab	imported_unreviewed			multiword,pos_from_wordnet
bej_germime_V	V	bëj gërmime			Albanet/OMW	wns/als/wn-data-als.tab	imported_unreviewed			multiword,pos_from_wordnet
bej_i_paafte_V	V	bëj i paaftë			Albanet/OMW	wns/als/wn-data-als.tab	imported_unreviewed			multiword,pos_from_wordnet
bej_kaps_V	V	bëj kaps			Albanet/OMW	wns/als/wn-data-als.tab	imported_unreviewed			multiword,pos_from_wordnet
bej_kopje_V	V	bëj kopje			Albanet/OMW	wns/als/wn-data-als.tab	imported_unreviewed			multiword,pos_from_wordnet
bej_llogari_V	V	bëj llogari			Albanet/OMW	wns/als/wn-data-als.tab	imported_unreviewed			multiword,pos_from_wordnet
bej_me_force_V	V	bëj me forcë			Albanet/OMW	wns/als/wn-data-als.tab	imported_unreviewed			multiword,pos_from_wordnet
bej_ndryshim_V	V	bëj ndryshim			Albanet/OMW	wns/als/wn-data-als.tab	imported_unreviewed			multiword,pos_from_wordnet
bej_pirg_V	V	bëj pirg			Albanet/OMW	wns/als/wn-data-als.tab	imported_unreviewed			multiword,pos_from_wordnet
bej_prova_V	V	bëj prova			Albanet/OMW	wns/als/wn-data-als.tab	imported_unreviewed			multiword,pos_from_wordnet
bej_per_vete_V	V	bëj për vete			Albanet/OMW	wns/als/wn-data-als.tab	imported_unreviewed			multiword,pos_from_wordnet
bej_realitet_V	V	bëj realitet			Albanet/OMW	wns/als/wn-data-als.tab	imported_unreviewed			multiword,pos_from_wordnet
bej_rregullim_te_imet_V	V	bëj rregullim të imët			Albanet/OMW	wns/als/wn-data-als.tab	imported_unreviewed			multiword,pos_from_wordnet
bej_rremuje_V	V	bëj rrëmujë			Albanet/OMW	wns/als/wn-data-als.tab	imported_unreviewed			multiword,pos_from_wordnet
bej_shaka_V	V	bëj shaka			Albanet/OMW	wns/als/wn-data-als.tab	imported_unreviewed			multiword,pos_from_wordnet
bej_shenje_V	V	bëj shenjë			Albanet/OMW	wns/als/wn-data-als.tab	imported_unreviewed			multiword,pos_from_wordnet
bej_shkrumb_V	V	bëj shkrumb			Albanet/OMW	wns/als/wn-data-als.tab	imported_unreviewed			multiword,pos_from_wordnet
bej_shterp_V	V	bëj shterp			Albanet/OMW	wns/als/wn-data-als.tab	imported_unreviewed			multiword,pos_from_wordnet
bej_sikur_V	V	bëj sikur			Albanet/OMW	wns/als/wn-data-als.tab	imported_unreviewed			multiword,pos_from_wordnet
bej_te_V	V	bëj të			Albanet/OMW	wns/als/wn-data-als.tab	imported_unreviewed			multiword,pos_from_wordnet
bej_viktima_V	V	bëj viktima			Albanet/OMW	wns/als/wn-data-als.tab	imported_unreviewed			multiword,pos_from_wordnet
ben_ngrice_V	V	bën ngricë			Albanet/OMW	wns/als/wn-data-als.tab	imported_unreviewed			multiword,pos_from_wordnet
berbelitje_V	V	bërbëlitje			Albanet/OMW	wns/als/wn-data-als.tab	imported_unreviewed			pos_from_wordnet
bertas_V	V	bërtas			Albanet/OMW	wns/als/wn-data-als.tab	imported_unreviewed			pos_from_wordnet
berthame_V	V	bërthamë			Albanet/OMW	wns/als/wn-data-als.tab	imported_unreviewed			pos_from_wordnet
caktoj_V	V	caktoj			Albanet/OMW	wns/als/wn-data-als.tab	imported_unreviewed			pos_from_wordnet
caktoj_shumen_V	V	caktoj shumën			Albanet/OMW	wns/als/wn-data-als.tab	imported_unreviewed			multiword,pos_from_wordnet
cek_V	V	cek			Albanet/OMW	wns/als/wn-data-als.tab	imported_unreviewed			pos_from_wordnet
cek_me_pellembe_V	V	cek me pëllëmbë			Albanet/OMW	wns/als/wn-data-als.tab	imported_unreviewed			multiword,pos_from_wordnet
cekje_V	V	cekje			Albanet/OMW	wns/als/wn-data-als.tab	imported_unreviewed			pos_from_wordnet
cenoj_V	V	cenoj			Albanet/OMW	wns/als/wn-data-als.tab	imported_unreviewed			pos_from_wordnet
cep_V	V	cep			Albanet/OMW	wns/als/wn-data-als.tab	imported_unreviewed			pos_from_wordnet
ci_pa_u_ndier_V	V	ci pa u ndier			Albanet/OMW	wns/als/wn-data-als.tab	imported_unreviewed			multiword,pos_from_wordnet
cicerime_V	V	cicërimë			Albanet/OMW	wns/als/wn-data-als.tab	imported_unreviewed			pos_from_wordnet
cifel_V	V	cifël			Albanet/OMW	wns/als/wn-data-als.tab	imported_unreviewed			pos_from_wordnet
cilesi_karakteristike_V	V	cilësi karakteristike			Albanet/OMW	wns/als/wn-data-als.tab	imported_unreviewed			multiword,pos_from_wordnet
cilesoj_V	V	cilësoj			Albanet/OMW	wns/als/wn-data-als.tab	imported_unreviewed			pos_from_wordnet
copetim_V	V	copëtim			Albanet/OMW	wns/als/wn-data-als.tab	imported_unreviewed			pos_from_wordnet
copetim_gurresh_V	V	copëtim gurrësh			Albanet/OMW	wns/als/wn-data-als.tab	imported_unreviewed			multiword,pos_from_wordnet
copezoj_V	V	copëzoj			Albanet/OMW	wns/als/wn-data-als.tab	imported_unreviewed			pos_from_wordnet
create_by_mental_act_V	V	create by mental act			Albanet/OMW	wns/als/wn-data-als.tab	imported_unreviewed			multiword,pos_from_wordnet
create_mentally_V	V	create mentally			Albanet/OMW	wns/als/wn-data-als.tab	imported_unreviewed			multiword,pos_from_wordnet
cenim_V	V	cënim			Albanet/OMW	wns/als/wn-data-als.tab	imported_unreviewed			pos_from_wordnet
dal_V	V	dal			Albanet/OMW	wns/als/wn-data-als.tab	imported_unreviewed			pos_from_wordnet
dal_ne_pah_V	V	dal në pah			Albanet/OMW	wns/als/wn-data-als.tab	imported_unreviewed			multiword,pos_from_wordnet
dalje_V	V	dalje			Albanet/OMW	wns/als/wn-data-als.tab	imported_unreviewed			pos_from_wordnet
dalloj_V	V	dalloj			Albanet/OMW	wns/als/wn-data-als.tab	imported_unreviewed			pos_from_wordnet
date_V	V	datë			Albanet/OMW	wns/als/wn-data-als.tab	imported_unreviewed			pos_from_wordnet
daulle_V	V	daulle			Albanet/OMW	wns/als/wn-data-als.tab	imported_unreviewed			pos_from_wordnet
debat_V	V	debat			Albanet/OMW	wns/als/wn-data-als.tab	imported_unreviewed			pos_from_wordnet
dedikoj_V	V	dedikoj			Albanet/OMW	wns/als/wn-data-als.tab	imported_unreviewed			pos_from_wordnet
deformoj_V	V	deformoj			Albanet/OMW	wns/als/wn-data-als.tab	imported_unreviewed			pos_from_wordnet
degjenerohem_V	V	degjenerohem			Albanet/OMW	wns/als/wn-data-als.tab	imported_unreviewed			pos_from_wordnet
degradim_V	V	degradim			Albanet/OMW	wns/als/wn-data-als.tab	imported_unreviewed			pos_from_wordnet
degradoj_V	V	degradoj			Albanet/OMW	wns/als/wn-data-als.tab	imported_unreviewed			pos_from_wordnet
dege_V	V	degë			Albanet/OMW	wns/als/wn-data-als.tab	imported_unreviewed			pos_from_wordnet
deh_V	V	deh			Albanet/OMW	wns/als/wn-data-als.tab	imported_unreviewed			pos_from_wordnet
deklamoj_V	V	deklamoj			Albanet/OMW	wns/als/wn-data-als.tab	imported_unreviewed			pos_from_wordnet
deklaroj_V	V	deklaroj			Albanet/OMW	wns/als/wn-data-als.tab	imported_unreviewed			pos_from_wordnet
del_V	V	del			Albanet/OMW	wns/als/wn-data-als.tab	imported_unreviewed			pos_from_wordnet
deleguar_V	V	deleguar			Albanet/OMW	wns/als/wn-data-als.tab	imported_unreviewed			pos_from_wordnet
demaskim_V	V	demaskim			Albanet/OMW	wns/als/wn-data-als.tab	imported_unreviewed			pos_from_wordnet
demaskoj_V	V	demaskoj			Albanet/OMW	wns/als/wn-data-als.tab	imported_unreviewed			pos_from_wordnet
demoralizoj_V	V	demoralizoj			Albanet/OMW	wns/als/wn-data-als.tab	imported_unreviewed			pos_from_wordnet
demostrim_V	V	demostrim			Albanet/OMW	wns/als/wn-data-als.tab	imported_unreviewed			pos_from_wordnet
demostroj_V	V	demostroj			Albanet/OMW	wns/als/wn-data-als.tab	imported_unreviewed			pos_from_wordnet
depozit_V	V	depozit			Albanet/OMW	wns/als/wn-data-als.tab	imported_unreviewed			pos_from_wordnet
depozitim_V	V	depozitim			Albanet/OMW	wns/als/wn-data-als.tab	imported_unreviewed			pos_from_wordnet
depozitoj_V	V	depozitoj			Albanet/OMW	wns/als/wn-data-als.tab	imported_unreviewed			pos_from_wordnet
depozite_V	V	depozitë			Albanet/OMW	wns/als/wn-data-als.tab	imported_unreviewed			pos_from_wordnet
depertoj_V	V	depërtoj			Albanet/OMW	wns/als/wn-data-als.tab	imported_unreviewed			pos_from_wordnet
derdh_V	V	derdh			Albanet/OMW	wns/als/wn-data-als.tab	imported_unreviewed			pos_from_wordnet
derdh_parat_V	V	derdh parat			Albanet/OMW	wns/als/wn-data-als.tab	imported_unreviewed			multiword,pos_from_wordnet
derdhet_V	V	derdhet			Albanet/OMW	wns/als/wn-data-als.tab	imported_unreviewed			pos_from_wordnet
derdhje_V	V	derdhje			Albanet/OMW	wns/als/wn-data-als.tab	imported_unreviewed			pos_from_wordnet
detyrim_V	V	detyrim			Albanet/OMW	wns/als/wn-data-als.tab	imported_unreviewed			pos_from_wordnet
detyroj_V	V	detyroj			Albanet/OMW	wns/als/wn-data-als.tab	imported_unreviewed			pos_from_wordnet
detyre_V	V	detyrë			Albanet/OMW	wns/als/wn-data-als.tab	imported_unreviewed			pos_from_wordnet
dhembje_V	V	dhembje			Albanet/OMW	wns/als/wn-data-als.tab	imported_unreviewed			pos_from_wordnet
dhimbje_V	V	dhimbje			Albanet/OMW	wns/als/wn-data-als.tab	imported_unreviewed			pos_from_wordnet
dhunoj_V	V	dhunoj			Albanet/OMW	wns/als/wn-data-als.tab	imported_unreviewed			pos_from_wordnet
dhurate_V	V	dhuratë			Albanet/OMW	wns/als/wn-data-als.tab	imported_unreviewed			pos_from_wordnet
dhurim_V	V	dhurim			Albanet/OMW	wns/als/wn-data-als.tab	imported_unreviewed			pos_from_wordnet
dhuroj_V	V	dhuroj			Albanet/OMW	wns/als/wn-data-als.tab	imported_unreviewed			pos_from_wordnet
dhuron_V	V	dhuron			Albanet/OMW	wns/als/wn-data-als.tab	imported_unreviewed			pos_from_wordnet
dhenie_V	V	dhënie			Albanet/OMW	wns/als/wn-data-als.tab	imported_unreviewed			pos_from_wordnet
di_V	V	di			Albanet/OMW	wns/als/wn-data-als.tab	imported_unreviewed			pos_from_wordnet
digjem_V	V	digjem			Albanet/OMW | Baseline LexiconSqi	wns/als/wn-data-als.tab | burn_V	baseline_lexicon_exact	burn_V		lexicon_sqi_exact,pos_from_wordnet
digjet_V	V	digjet			Albanet/OMW	wns/als/wn-data-als.tab	imported_unreviewed			pos_from_wordnet
diktoj_V	V	diktoj			Albanet/OMW	wns/als/wn-data-als.tab	imported_unreviewed			pos_from_wordnet
diskutoj_V	V	diskutoj			Albanet/OMW	wns/als/wn-data-als.tab	imported_unreviewed			pos_from_wordnet
disponoj_V	V	disponoj			Albanet/OMW	wns/als/wn-data-als.tab	imported_unreviewed			pos_from_wordnet
dizinfektoj_V	V	dizinfektoj			Albanet/OMW	wns/als/wn-data-als.tab	imported_unreviewed			pos_from_wordnet
djeg_V	V	djeg			Albanet/OMW	wns/als/wn-data-als.tab	imported_unreviewed			pos_from_wordnet
djegie_V	V	djegie			Albanet/OMW	wns/als/wn-data-als.tab	imported_unreviewed			pos_from_wordnet
do_it_V	V	do it			Albanet/OMW	wns/als/wn-data-als.tab	imported_unreviewed			multiword,pos_from_wordnet
do_te_thote_V	V	do të thotë			Albanet/OMW	wns/als/wn-data-als.tab	imported_unreviewed			multiword,pos_from_wordnet
dobesi_V	V	dobësi			Albanet/OMW	wns/als/wn-data-als.tab	imported_unreviewed			pos_from_wordnet
dobesim_V	V	dobësim			Albanet/OMW	wns/als/wn-data-als.tab	imported_unreviewed			pos_from_wordnet
dobesohem_V	V	dobësohem			Albanet/OMW	wns/als/wn-data-als.tab	imported_unreviewed			pos_from_wordnet
dobesoj_V	V	dobësoj			Albanet/OMW	wns/als/wn-data-als.tab	imported_unreviewed			pos_from_wordnet
dobesoj_rezistencen_V	V	dobësoj rezistencën			Albanet/OMW	wns/als/wn-data-als.tab	imported_unreviewed			multiword,pos_from_wordnet
dolli_V	V	dolli			Albanet/OMW	wns/als/wn-data-als.tab	imported_unreviewed			pos_from_wordnet
dorez_V	V	dorëz			Albanet/OMW	wns/als/wn-data-als.tab	imported_unreviewed			pos_from_wordnet
dorezohem_V	V	dorëzohem			Albanet/OMW	wns/als/wn-data-als.tab	imported_unreviewed			pos_from_wordnet
dorezoj_V	V	dorëzoj			Albanet/OMW	wns/als/wn-data-als.tab	imported_unreviewed			pos_from_wordnet
dredh_V	V	dredh			Albanet/OMW	wns/als/wn-data-als.tab	imported_unreviewed			pos_from_wordnet
dredhje_V	V	dredhje			Albanet/OMW	wns/als/wn-data-als.tab	imported_unreviewed			pos_from_wordnet
drejtim_V	V	drejtim			Albanet/OMW	wns/als/wn-data-als.tab	imported_unreviewed			pos_from_wordnet
drejtohem_V	V	drejtohem			Albanet/OMW	wns/als/wn-data-als.tab	imported_unreviewed			pos_from_wordnet
drejtoj_V	V	drejtoj			Albanet/OMW	wns/als/wn-data-als.tab	imported_unreviewed			pos_from_wordnet
drejton_V	V	drejton			Albanet/OMW	wns/als/wn-data-als.tab	imported_unreviewed			pos_from_wordnet
dremitje_V	V	dremitje			Albanet/OMW	wns/als/wn-data-als.tab	imported_unreviewed			pos_from_wordnet
dridhje_V	V	dridhje			Albanet/OMW	wns/als/wn-data-als.tab	imported_unreviewed			pos_from_wordnet
dridhje_zeri_V	V	dridhje zëri			Albanet/OMW	wns/als/wn-data-als.tab	imported_unreviewed			multiword,pos_from_wordnet
dridhme_V	V	dridhmë			Albanet/OMW	wns/als/wn-data-als.tab	imported_unreviewed			pos_from_wordnet
drithme_V	V	drithmë			Albanet/OMW	wns/als/wn-data-als.tab	imported_unreviewed			pos_from_wordnet
drite_V	V	dritë			Albanet/OMW	wns/als/wn-data-als.tab	imported_unreviewed			pos_from_wordnet
dua_V	V	dua			Albanet/OMW	wns/als/wn-data-als.tab	imported_unreviewed			pos_from_wordnet
dua_shume_V	V	dua shumë			Albanet/OMW	wns/als/wn-data-als.tab	imported_unreviewed			multiword,pos_from_wordnet
duke_e_pare_si_V	V	duke e parë si			Albanet/OMW	wns/als/wn-data-als.tab	imported_unreviewed			multiword,pos_from_wordnet
dukem_V	V	dukem			Albanet/OMW	wns/als/wn-data-als.tab	imported_unreviewed			pos_from_wordnet
duket_V	V	duket			Albanet/OMW	wns/als/wn-data-als.tab	imported_unreviewed			pos_from_wordnet
duroj_V	V	duroj			Albanet/OMW	wns/als/wn-data-als.tab	imported_unreviewed			pos_from_wordnet
dyshe_V	V	dyshe			Albanet/OMW	wns/als/wn-data-als.tab	imported_unreviewed			pos_from_wordnet
deboj_V	V	dëboj			Albanet/OMW	wns/als/wn-data-als.tab	imported_unreviewed			pos_from_wordnet
defrej_V	V	dëfrej			Albanet/OMW	wns/als/wn-data-als.tab	imported_unreviewed			pos_from_wordnet
degjoj_V	V	dëgjoj			Albanet/OMW	wns/als/wn-data-als.tab	imported_unreviewed			pos_from_wordnet
dem_V	V	dëm			Albanet/OMW	wns/als/wn-data-als.tab	imported_unreviewed			pos_from_wordnet
demshperblej_V	V	dëmshpërblej			Albanet/OMW	wns/als/wn-data-als.tab	imported_unreviewed			pos_from_wordnet
demtim_V	V	dëmtim			Albanet/OMW	wns/als/wn-data-als.tab	imported_unreviewed			pos_from_wordnet
demtoj_V	V	dëmtoj			Albanet/OMW	wns/als/wn-data-als.tab	imported_unreviewed			pos_from_wordnet
denoj_V	V	dënoj			Albanet/OMW	wns/als/wn-data-als.tab	imported_unreviewed			pos_from_wordnet
derdellis_V	V	dërdëllis			Albanet/OMW	wns/als/wn-data-als.tab	imported_unreviewed			pos_from_wordnet
derdellit_V	V	dërdëllit			Albanet/OMW	wns/als/wn-data-als.tab	imported_unreviewed			pos_from_wordnet
derdellitje_V	V	dërdëllitje			Albanet/OMW	wns/als/wn-data-als.tab	imported_unreviewed			pos_from_wordnet
dergim_V	V	dërgim			Albanet/OMW	wns/als/wn-data-als.tab	imported_unreviewed			pos_from_wordnet
dergoj_V	V	dërgoj			Albanet/OMW	wns/als/wn-data-als.tab	imported_unreviewed			pos_from_wordnet
dergoj_per_V	V	dërgoj për			Albanet/OMW	wns/als/wn-data-als.tab	imported_unreviewed			multiword,pos_from_wordnet
deshiroj_V	V	dëshiroj			Albanet/OMW	wns/als/wn-data-als.tab	imported_unreviewed			pos_from_wordnet
deshire_V	V	dëshirë			Albanet/OMW	wns/als/wn-data-als.tab	imported_unreviewed			pos_from_wordnet
deshire_e_ethshme_V	V	dëshirë e ethshme			Albanet/OMW	wns/als/wn-data-als.tab	imported_unreviewed			multiword,pos_from_wordnet
deshire_e_forte_V	V	dëshirë e forte			Albanet/OMW	wns/als/wn-data-als.tab	imported_unreviewed			multiword,pos_from_wordnet
deshire_e_madhe_V	V	dëshirë e madhe			Albanet/OMW	wns/als/wn-data-als.tab	imported_unreviewed			multiword,pos_from_wordnet
deshmoj_V	V	dëshmoj			Albanet/OMW	wns/als/wn-data-als.tab	imported_unreviewed			pos_from_wordnet
deshtim_V	V	dështim			Albanet/OMW	wns/als/wn-data-als.tab	imported_unreviewed			pos_from_wordnet
deshtoj_V	V	dështoj			Albanet/OMW	wns/als/wn-data-als.tab	imported_unreviewed			pos_from_wordnet
e_drejte_e_votes_V	V	e drejtë e votës			Albanet/OMW	wns/als/wn-data-als.tab	imported_unreviewed			multiword,pos_from_wordnet
e_gabuar_V	V	e gabuar			Albanet/OMW	wns/als/wn-data-als.tab	imported_unreviewed			multiword,pos_from_wordnet
e_gdhendur_V	V	e gdhendur			Albanet/OMW	wns/als/wn-data-als.tab	imported_unreviewed			multiword,pos_from_wordnet
e_laget_V	V	e lagët			Albanet/OMW	wns/als/wn-data-als.tab	imported_unreviewed			multiword,pos_from_wordnet
e_le_per_me_vone_V	V	e le për me vonë			Albanet/OMW	wns/als/wn-data-als.tab	imported_unreviewed			multiword,pos_from_wordnet
e_majme_V	V	e majme			Albanet/OMW	wns/als/wn-data-als.tab	imported_unreviewed			multiword,pos_from_wordnet
e_mbaj_larg_e_le_te_pres_V	V	e mbaj larg,e le të pres			Albanet/OMW	wns/als/wn-data-als.tab	imported_unreviewed			multiword,pos_from_wordnet,punctuation
e_pranueshme_V	V	e pranueshme			Albanet/OMW	wns/als/wn-data-als.tab	imported_unreviewed			multiword,pos_from_wordnet
e_prere_V	V	e prere			Albanet/OMW	wns/als/wn-data-als.tab	imported_unreviewed			multiword,pos_from_wordnet
e_prere_V__2	V	e prerë			Albanet/OMW	wns/als/wn-data-als.tab	imported_unreviewed			multiword,pos_from_wordnet
e_perpjete_V	V	e përpjetë			Albanet/OMW	wns/als/wn-data-als.tab	imported_unreviewed			multiword,pos_from_wordnet
e_qarte_V	V	e qartë			Albanet/OMW	wns/als/wn-data-als.tab	imported_unreviewed			multiword,pos_from_wordnet
e_qare_V	V	e qarë			Albanet/OMW	wns/als/wn-data-als.tab	imported_unreviewed			multiword,pos_from_wordnet
e_rene_borie_V	V	e rënë borie			Albanet/OMW	wns/als/wn-data-als.tab	imported_unreviewed			multiword,pos_from_wordnet
e_shendosh_V	V	e shëndosh			Albanet/OMW	wns/als/wn-data-als.tab	imported_unreviewed			multiword,pos_from_wordnet
eci_V	V	eci			Albanet/OMW	wns/als/wn-data-als.tab	imported_unreviewed			pos_from_wordnet
eci_kembadoras_V	V	eci këmbadoras			Albanet/OMW	wns/als/wn-data-als.tab	imported_unreviewed			multiword,pos_from_wordnet
eci_me_shpejtesi_V	V	eci me shpejtësi			Albanet/OMW	wns/als/wn-data-als.tab	imported_unreviewed			multiword,pos_from_wordnet
eci_me_vrull_V	V	eci me vrull			Albanet/OMW	wns/als/wn-data-als.tab	imported_unreviewed			multiword,pos_from_wordnet
eci_me_tej_V	V	eci më tej			Albanet/OMW	wns/als/wn-data-als.tab	imported_unreviewed			multiword,pos_from_wordnet
eci_ngadale_V	V	eci ngadalë			Albanet/OMW	wns/als/wn-data-als.tab	imported_unreviewed			multiword,pos_from_wordnet
eci_perpara_V	V	eci përpara			Albanet/OMW	wns/als/wn-data-als.tab	imported_unreviewed			multiword,pos_from_wordnet
ecje_V	V	ecje			Albanet/OMW	wns/als/wn-data-als.tab	imported_unreviewed			pos_from_wordnet
ecje_e_shpejte_V	V	ecje e shpejtë			Albanet/OMW	wns/als/wn-data-als.tab	imported_unreviewed			multiword,pos_from_wordnet
ecje_ne_kembe_V	V	ecje në këmbë			Albanet/OMW	wns/als/wn-data-als.tab	imported_unreviewed			multiword,pos_from_wordnet
ecje_cale_cale_V	V	ecje çalë çalë			Albanet/OMW	wns/als/wn-data-als.tab	imported_unreviewed			multiword,pos_from_wordnet
edukoj_V	V	edukoj			Albanet/OMW	wns/als/wn-data-als.tab	imported_unreviewed			pos_from_wordnet
efekt_V	V	efekt			Albanet/OMW	wns/als/wn-data-als.tab	imported_unreviewed			pos_from_wordnet
eff_V	V	eff			Albanet/OMW	wns/als/wn-data-als.tab	imported_unreviewed			pos_from_wordnet
eksperiment_V	V	eksperiment			Albanet/OMW	wns/als/wn-data-als.tab	imported_unreviewed			pos_from_wordnet
ekspozoj_V	V	ekspozoj			Albanet/OMW	wns/als/wn-data-als.tab	imported_unreviewed			pos_from_wordnet
ekuiliber_V	V	ekuilibër			Albanet/OMW	wns/als/wn-data-als.tab	imported_unreviewed			pos_from_wordnet
ekzaminoj_V	V	ekzaminoj			Albanet/OMW	wns/als/wn-data-als.tab	imported_unreviewed			pos_from_wordnet
ekzekutoj_V	V	ekzekutoj			Albanet/OMW	wns/als/wn-data-als.tab	imported_unreviewed			pos_from_wordnet
ekzekutoj_me_varje_V	V	ekzekutoj me varje			Albanet/OMW	wns/als/wn-data-als.tab	imported_unreviewed			multiword,pos_from_wordnet
ekzistoj_V	V	ekzistoj			Albanet/OMW	wns/als/wn-data-als.tab	imported_unreviewed			pos_from_wordnet
elegant_V	V	elegant			Albanet/OMW	wns/als/wn-data-als.tab	imported_unreviewed			pos_from_wordnet
eliminoj_V	V	eliminoj			Albanet/OMW	wns/als/wn-data-als.tab	imported_unreviewed			pos_from_wordnet
emertim_V	V	emërtim			Albanet/OMW	wns/als/wn-data-als.tab	imported_unreviewed			pos_from_wordnet
emertoj_V	V	emërtoj			Albanet/OMW	wns/als/wn-data-als.tab	imported_unreviewed			pos_from_wordnet
endem_V	V	endem			Albanet/OMW	wns/als/wn-data-als.tab	imported_unreviewed			pos_from_wordnet
endje_V	V	endje			Albanet/OMW	wns/als/wn-data-als.tab	imported_unreviewed			pos_from_wordnet
energjik_V	V	energjik			Albanet/OMW	wns/als/wn-data-als.tab	imported_unreviewed			pos_from_wordnet
enjtet_V	V	enjtet			Albanet/OMW	wns/als/wn-data-als.tab	imported_unreviewed			pos_from_wordnet
enjtje_V	V	enjtje			Albanet/OMW	wns/als/wn-data-als.tab	imported_unreviewed			pos_from_wordnet
erozion_V	V	erozion			Albanet/OMW	wns/als/wn-data-als.tab	imported_unreviewed			pos_from_wordnet
erresoj_V	V	errësoj			Albanet/OMW	wns/als/wn-data-als.tab	imported_unreviewed			pos_from_wordnet
ere_V	V	erë			Albanet/OMW	wns/als/wn-data-als.tab	imported_unreviewed			pos_from_wordnet
ere_e_keqe_V	V	erë e keqe			Albanet/OMW	wns/als/wn-data-als.tab	imported_unreviewed			multiword,pos_from_wordnet
eskursion_V	V	eskursion			Albanet/OMW	wns/als/wn-data-als.tab	imported_unreviewed			pos_from_wordnet
etiketoj_V	V	etiketoj			Albanet/OMW	wns/als/wn-data-als.tab	imported_unreviewed			pos_from_wordnet
etikete_V	V	etiketë			Albanet/OMW	wns/als/wn-data-als.tab	imported_unreviewed			pos_from_wordnet
evidentoj_V	V	evidentoj			Albanet/OMW	wns/als/wn-data-als.tab	imported_unreviewed			pos_from_wordnet
evoloj_V	V	evoloj			Albanet/OMW	wns/als/wn-data-als.tab	imported_unreviewed			pos_from_wordnet
fabrikim_V	V	fabrikim			Albanet/OMW	wns/als/wn-data-als.tab	imported_unreviewed			pos_from_wordnet
fal_V	V	fal			Albanet/OMW	wns/als/wn-data-als.tab	imported_unreviewed			pos_from_wordnet
falenderoj_V	V	falenderoj			Albanet/OMW	wns/als/wn-data-als.tab	imported_unreviewed			pos_from_wordnet
falsifikim_V	V	falsifikim			Albanet/OMW	wns/als/wn-data-als.tab	imported_unreviewed			pos_from_wordnet
falsifikoj_V	V	falsifikoj			Albanet/OMW	wns/als/wn-data-als.tab	imported_unreviewed			pos_from_wordnet
faqe_V	V	faqe			Albanet/OMW	wns/als/wn-data-als.tab	imported_unreviewed			pos_from_wordnet
farketoj_V	V	farkëtoj			Albanet/OMW	wns/als/wn-data-als.tab	imported_unreviewed			pos_from_wordnet
fasade_V	V	fasadë			Albanet/OMW	wns/als/wn-data-als.tab	imported_unreviewed			pos_from_wordnet
fashe_V	V	fashë			Albanet/OMW	wns/als/wn-data-als.tab	imported_unreviewed			pos_from_wordnet
fature_V	V	faturë			Albanet/OMW	wns/als/wn-data-als.tab	imported_unreviewed			pos_from_wordnet
favorizoj_V	V	favorizoj			Albanet/OMW	wns/als/wn-data-als.tab	imported_unreviewed			pos_from_wordnet
faza_e_pjekjes_V	V	faza e pjekjes			Albanet/OMW	wns/als/wn-data-als.tab	imported_unreviewed			multiword,pos_from_wordnet
fekondoj_V	V	fekondoj			Albanet/OMW	wns/als/wn-data-als.tab	imported_unreviewed			pos_from_wordnet
fermentoj_V	V	fermentoj			Albanet/OMW	wns/als/wn-data-als.tab	imported_unreviewed			pos_from_wordnet
festim_V	V	festim			Albanet/OMW	wns/als/wn-data-als.tab	imported_unreviewed			pos_from_wordnet
feste_V	V	festë			Albanet/OMW	wns/als/wn-data-als.tab	imported_unreviewed			pos_from_wordnet
fik_V	V	fik			Albanet/OMW	wns/als/wn-data-als.tab	imported_unreviewed			pos_from_wordnet
fiksoj_V	V	fiksoj			Albanet/OMW	wns/als/wn-data-als.tab	imported_unreviewed			pos_from_wordnet
fillestar_V	V	fillestar			Albanet/OMW	wns/als/wn-data-als.tab	imported_unreviewed			pos_from_wordnet
fillim_V	V	fillim			Albanet/OMW	wns/als/wn-data-als.tab	imported_unreviewed			pos_from_wordnet
filloj_V	V	filloj			Albanet/OMW	wns/als/wn-data-als.tab	imported_unreviewed			pos_from_wordnet
filmoj_V	V	filmoj			Albanet/OMW	wns/als/wn-data-als.tab	imported_unreviewed			pos_from_wordnet
filtrues_V	V	filtrues			Albanet/OMW	wns/als/wn-data-als.tab	imported_unreviewed			pos_from_wordnet
fishkem_V	V	fishkem			Albanet/OMW	wns/als/wn-data-als.tab	imported_unreviewed			pos_from_wordnet
fishket_V	V	fishket			Albanet/OMW	wns/als/wn-data-als.tab	imported_unreviewed			pos_from_wordnet
fishkellim_V	V	fishkëllim			Albanet/OMW	wns/als/wn-data-als.tab	imported_unreviewed			pos_from_wordnet
fitim_V	V	fitim			Albanet/OMW	wns/als/wn-data-als.tab	imported_unreviewed			pos_from_wordnet
fitoj_V	V	fitoj			Albanet/OMW	wns/als/wn-data-als.tab	imported_unreviewed			pos_from_wordnet
fitore_V	V	fitore			Albanet/OMW	wns/als/wn-data-als.tab	imported_unreviewed			pos_from_wordnet
fjalosem_V	V	fjalosem			Albanet/OMW	wns/als/wn-data-als.tab	imported_unreviewed			pos_from_wordnet
fjongo_V	V	fjongo			Albanet/OMW	wns/als/wn-data-als.tab	imported_unreviewed			pos_from_wordnet
flak_V	V	flak			Albanet/OMW	wns/als/wn-data-als.tab	imported_unreviewed			pos_from_wordnet
flakje_V	V	flakje			Albanet/OMW	wns/als/wn-data-als.tab	imported_unreviewed			pos_from_wordnet
flas_V	V	flas			Albanet/OMW	wns/als/wn-data-als.tab	imported_unreviewed			pos_from_wordnet
flas_mbyturazi_V	V	flas mbyturazi			Albanet/OMW	wns/als/wn-data-als.tab	imported_unreviewed			multiword,pos_from_wordnet
flas_ne_lidhje_me_V	V	flas në lidhje me			Albanet/OMW	wns/als/wn-data-als.tab	imported_unreviewed			multiword,pos_from_wordnet
flas_ne_tym_V	V	flas në tym			Albanet/OMW	wns/als/wn-data-als.tab	imported_unreviewed			multiword,pos_from_wordnet
flas_poshte_e_lart_V	V	flas poshtë e lart			Albanet/OMW	wns/als/wn-data-als.tab	imported_unreviewed			multiword,pos_from_wordnet
flas_rreth_V	V	flas rreth			Albanet/OMW	wns/als/wn-data-als.tab	imported_unreviewed			multiword,pos_from_wordnet
fle_V	V	fle			Albanet/OMW | Baseline LexiconSqi	wns/als/wn-data-als.tab | sleep_V	baseline_lexicon_exact	sleep_V		lexicon_sqi_exact,pos_from_wordnet
fluturim_V	V	fluturim			Albanet/OMW	wns/als/wn-data-als.tab	imported_unreviewed			pos_from_wordnet
fluturoj_V	V	fluturoj			Baseline LexiconSqi	fly_V	baseline_lexicon_exact	fly_V		lexicon_sqi_exact
fluturoj_me_avion_V	V	fluturoj me avion			Albanet/OMW	wns/als/wn-data-als.tab	imported_unreviewed			multiword,pos_from_wordnet
fokusohem_V	V	fokusohem			Albanet/OMW	wns/als/wn-data-als.tab	imported_unreviewed			pos_from_wordnet
forcoj_V	V	forcoj			Albanet/OMW	wns/als/wn-data-als.tab	imported_unreviewed			pos_from_wordnet
force_V	V	forcë			Albanet/OMW	wns/als/wn-data-als.tab	imported_unreviewed			pos_from_wordnet
formoj_V	V	formoj			Albanet/OMW	wns/als/wn-data-als.tab	imported_unreviewed			pos_from_wordnet
formoj_nocion_V	V	formoj nocion			Albanet/OMW	wns/als/wn-data-als.tab	imported_unreviewed			multiword,pos_from_wordnet
forme_V	V	formë			Albanet/OMW	wns/als/wn-data-als.tab	imported_unreviewed			pos_from_wordnet
fortifikoj_V	V	fortifikoj			Albanet/OMW	wns/als/wn-data-als.tab	imported_unreviewed			pos_from_wordnet
foto_e_castit_V	V	foto e çastit			Albanet/OMW	wns/als/wn-data-als.tab	imported_unreviewed			multiword,pos_from_wordnet
fotografoj_V	V	fotografoj			Albanet/OMW	wns/als/wn-data-als.tab	imported_unreviewed			pos_from_wordnet
fragmentim_V	V	fragmentim			Albanet/OMW	wns/als/wn-data-als.tab	imported_unreviewed			pos_from_wordnet
fragmentoj_V	V	fragmentoj			Albanet/OMW	wns/als/wn-data-als.tab	imported_unreviewed			pos_from_wordnet
frenoj_V	V	frenoj			Albanet/OMW	wns/als/wn-data-als.tab	imported_unreviewed			pos_from_wordnet
frenoj_e_mbaj_brenda_te_fshehten_V	V	frenoj,e mbaj brenda të fshehtën			Albanet/OMW	wns/als/wn-data-als.tab	imported_unreviewed			multiword,pos_from_wordnet,punctuation
frikesoj_V	V	frikësoj			Albanet/OMW	wns/als/wn-data-als.tab	imported_unreviewed			pos_from_wordnet
fryhem_V	V	fryhem			Albanet/OMW | Baseline LexiconSqi	wns/als/wn-data-als.tab | swell_V	baseline_lexicon_exact	swell_V		lexicon_sqi_exact,pos_from_wordnet
fryj_V	V	fryj			Albanet/OMW | Baseline LexiconSqi	wns/als/wn-data-als.tab | blow_V	baseline_lexicon_exact	blow_V		lexicon_sqi_exact,pos_from_wordnet
frymoj_V	V	frymoj			Baseline LexiconSqi	breathe_V	baseline_lexicon_exact	breathe_V		lexicon_sqi_exact
frymemarrje_V	V	frymëmarrje			Albanet/OMW	wns/als/wn-data-als.tab	imported_unreviewed			pos_from_wordnet
frymezim_V	V	frymëzim			Albanet/OMW	wns/als/wn-data-als.tab	imported_unreviewed			pos_from_wordnet
frymezoj_V	V	frymëzoj			Albanet/OMW	wns/als/wn-data-als.tab	imported_unreviewed			pos_from_wordnet
fryrje_V	V	fryrje			Albanet/OMW	wns/als/wn-data-als.tab	imported_unreviewed			pos_from_wordnet
fsheh_V	V	fsheh			Albanet/OMW	wns/als/wn-data-als.tab	imported_unreviewed			pos_from_wordnet
fshi_V	V	fshi			Albanet/OMW	wns/als/wn-data-als.tab	imported_unreviewed			pos_from_wordnet
fshij_V	V	fshij			Albanet/OMW	wns/als/wn-data-als.tab	imported_unreviewed			pos_from_wordnet
ftohem_V	V	ftohem			Albanet/OMW	wns/als/wn-data-als.tab	imported_unreviewed			pos_from_wordnet
ftoj_V	V	ftoj			Albanet/OMW	wns/als/wn-data-als.tab	imported_unreviewed			pos_from_wordnet
ftoj_brenda_V	V	ftoj brenda			Albanet/OMW	wns/als/wn-data-als.tab	imported_unreviewed			multiword,pos_from_wordnet
fton_V	V	fton			Albanet/OMW	wns/als/wn-data-als.tab	imported_unreviewed			pos_from_wordnet
fuck_V	V	fuck			Albanet/OMW	wns/als/wn-data-als.tab	imported_unreviewed			pos_from_wordnet
fund_V	V	fund			Albanet/OMW	wns/als/wn-data-als.tab	imported_unreviewed			pos_from_wordnet
fundos_V	V	fundos			Albanet/OMW	wns/als/wn-data-als.tab	imported_unreviewed			pos_from_wordnet
fundosem_V	V	fundosem			Albanet/OMW	wns/als/wn-data-als.tab	imported_unreviewed			pos_from_wordnet
fundosje_V	V	fundosje			Albanet/OMW	wns/als/wn-data-als.tab	imported_unreviewed			pos_from_wordnet
funksion_V	V	funksion			Albanet/OMW	wns/als/wn-data-als.tab	imported_unreviewed			pos_from_wordnet
funksionoj_V	V	funksionoj			Albanet/OMW	wns/als/wn-data-als.tab	imported_unreviewed			pos_from_wordnet
fuqi_V	V	fuqi			Albanet/OMW	wns/als/wn-data-als.tab	imported_unreviewed			pos_from_wordnet
fuqizoj_V	V	fuqizoj			Albanet/OMW	wns/als/wn-data-als.tab	imported_unreviewed			pos_from_wordnet
furnizim_V	V	furnizim			Albanet/OMW	wns/als/wn-data-als.tab	imported_unreviewed			pos_from_wordnet
furnizoj_V	V	furnizoj			Albanet/OMW	wns/als/wn-data-als.tab	imported_unreviewed			pos_from_wordnet
fus_V	V	fus			Albanet/OMW	wns/als/wn-data-als.tab	imported_unreviewed			pos_from_wordnet
fushegrope_V	V	fushëgropë			Albanet/OMW	wns/als/wn-data-als.tab	imported_unreviewed			pos_from_wordnet
fut_V	V	fut			Albanet/OMW	wns/als/wn-data-als.tab	imported_unreviewed			pos_from_wordnet
futem_V	V	futem			Albanet/OMW	wns/als/wn-data-als.tab	imported_unreviewed			pos_from_wordnet
futem_ne_rroba_V	V	futem në rroba			Albanet/OMW	wns/als/wn-data-als.tab	imported_unreviewed			multiword,pos_from_wordnet
futje_V	V	futje			Albanet/OMW	wns/als/wn-data-als.tab	imported_unreviewed			pos_from_wordnet
fyej_V	V	fyej			Albanet/OMW	wns/als/wn-data-als.tab	imported_unreviewed			pos_from_wordnet
felliq_V	V	fëlliq			Albanet/OMW	wns/als/wn-data-als.tab	imported_unreviewed			pos_from_wordnet
ferkim_V	V	fërkim			Albanet/OMW	wns/als/wn-data-als.tab	imported_unreviewed			pos_from_wordnet
fershellim_V	V	fërshëllim			Albanet/OMW	wns/als/wn-data-als.tab	imported_unreviewed			pos_from_wordnet
feshferij_V	V	fëshfërij			Albanet/OMW	wns/als/wn-data-als.tab	imported_unreviewed			pos_from_wordnet
gabim_V	V	gabim			Albanet/OMW	wns/als/wn-data-als.tab	imported_unreviewed			pos_from_wordnet
gaboj_V	V	gaboj			Albanet/OMW	wns/als/wn-data-als.tab	imported_unreviewed			pos_from_wordnet
garanci_V	V	garanci			Albanet/OMW	wns/als/wn-data-als.tab	imported_unreviewed			pos_from_wordnet
garantoj_V	V	garantoj			Albanet/OMW	wns/als/wn-data-als.tab	imported_unreviewed			pos_from_wordnet
gatuaj_V	V	gatuaj			Albanet/OMW	wns/als/wn-data-als.tab	imported_unreviewed			pos_from_wordnet
gdhend_V	V	gdhend			Albanet/OMW	wns/als/wn-data-als.tab	imported_unreviewed			pos_from_wordnet
get_it_on_V	V	get it on			Albanet/OMW	wns/als/wn-data-als.tab	imported_unreviewed			multiword,pos_from_wordnet
get_laid_V	V	get laid			Albanet/OMW	wns/als/wn-data-als.tab	imported_unreviewed			multiword,pos_from_wordnet
gisht_V	V	gisht			Albanet/OMW	wns/als/wn-data-als.tab	imported_unreviewed			pos_from_wordnet
gisht_i_madh_V	V	gisht i madh			Albanet/OMW	wns/als/wn-data-als.tab	imported_unreviewed			multiword,pos_from_wordnet
gjah_V	V	gjah			Albanet/OMW	wns/als/wn-data-als.tab	imported_unreviewed			pos_from_wordnet
gjakesi_V	V	gjakësi			Albanet/OMW	wns/als/wn-data-als.tab	imported_unreviewed			pos_from_wordnet
gjallerohem_V	V	gjallërohem			Albanet/OMW	wns/als/wn-data-als.tab	imported_unreviewed			pos_from_wordnet
gjalleroj_V	V	gjallëroj			Albanet/OMW	wns/als/wn-data-als.tab	imported_unreviewed			pos_from_wordnet
gjarperim_V	V	gjarpërim			Albanet/OMW	wns/als/wn-data-als.tab	imported_unreviewed			pos_from_wordnet
gjej_V	V	gjej			Albanet/OMW	wns/als/wn-data-als.tab	imported_unreviewed			pos_from_wordnet
gjej_me_mend_V	V	gjej me mend			Albanet/OMW	wns/als/wn-data-als.tab	imported_unreviewed			multiword,pos_from_wordnet
gjej_pergjigjen_V	V	gjej përgjigjen			Albanet/OMW	wns/als/wn-data-als.tab	imported_unreviewed			multiword,pos_from_wordnet
gjendem_V	V	gjendem			Albanet/OMW	wns/als/wn-data-als.tab	imported_unreviewed			pos_from_wordnet
gjendem_poshte_V	V	gjendem poshtë			Albanet/OMW	wns/als/wn-data-als.tab	imported_unreviewed			multiword,pos_from_wordnet
gjendje_V	V	gjendje			Albanet/OMW	wns/als/wn-data-als.tab	imported_unreviewed			pos_from_wordnet
gjepura_V	V	gjepura			Albanet/OMW	wns/als/wn-data-als.tab	imported_unreviewed			pos_from_wordnet
gjest_V	V	gjest			Albanet/OMW	wns/als/wn-data-als.tab	imported_unreviewed			pos_from_wordnet
gjetje_V	V	gjetje			Albanet/OMW	wns/als/wn-data-als.tab	imported_unreviewed			pos_from_wordnet
gjuaj_V	V	gjuaj			Albanet/OMW	wns/als/wn-data-als.tab	imported_unreviewed			pos_from_wordnet
gjuajtje_V	V	gjuajtje			Albanet/OMW	wns/als/wn-data-als.tab	imported_unreviewed			pos_from_wordnet
gjume_V	V	gjumë			Albanet/OMW	wns/als/wn-data-als.tab	imported_unreviewed			pos_from_wordnet
gjurmim_V	V	gjurmim			Albanet/OMW	wns/als/wn-data-als.tab	imported_unreviewed			pos_from_wordnet
gjurme_V	V	gjurmë			Albanet/OMW	wns/als/wn-data-als.tab	imported_unreviewed			pos_from_wordnet
gjykoj_V	V	gjykoj			Albanet/OMW	wns/als/wn-data-als.tab	imported_unreviewed			pos_from_wordnet
gje_e_blere_V	V	gjë e blerë			Albanet/OMW	wns/als/wn-data-als.tab	imported_unreviewed			multiword,pos_from_wordnet
gjemim_V	V	gjëmim			Albanet/OMW	wns/als/wn-data-als.tab	imported_unreviewed			pos_from_wordnet
gllenjka_V	V	gllënjka			Albanet/OMW	wns/als/wn-data-als.tab	imported_unreviewed			pos_from_wordnet
godit_V	V	godit			Albanet/OMW	wns/als/wn-data-als.tab	imported_unreviewed			pos_from_wordnet
goditje_V	V	goditje			Albanet/OMW	wns/als/wn-data-als.tab	imported_unreviewed			pos_from_wordnet
goditje_e_forte_V	V	goditje e fortë			Albanet/OMW	wns/als/wn-data-als.tab	imported_unreviewed			multiword,pos_from_wordnet
gogesime_V	V	gogësimë			Albanet/OMW	wns/als/wn-data-als.tab	imported_unreviewed			pos_from_wordnet
gostit_V	V	gostit			Albanet/OMW	wns/als/wn-data-als.tab	imported_unreviewed			pos_from_wordnet
gozhde_V	V	gozhdë			Albanet/OMW	wns/als/wn-data-als.tab	imported_unreviewed			pos_from_wordnet
grabit_V	V	grabit			Albanet/OMW	wns/als/wn-data-als.tab	imported_unreviewed			pos_from_wordnet
gradoj_V	V	gradoj			Albanet/OMW	wns/als/wn-data-als.tab	imported_unreviewed			pos_from_wordnet
grij_V	V	grij			Albanet/OMW	wns/als/wn-data-als.tab	imported_unreviewed			pos_from_wordnet
grim_V	V	grim			Albanet/OMW	wns/als/wn-data-als.tab	imported_unreviewed			pos_from_wordnet
grimcoj_V	V	grimcoj			Albanet/OMW	wns/als/wn-data-als.tab	imported_unreviewed			pos_from_wordnet
grindem_V	V	grindem			Albanet/OMW	wns/als/wn-data-als.tab	imported_unreviewed			pos_from_wordnet
grindem_V__2	V	grindëm			Albanet/OMW	wns/als/wn-data-als.tab	imported_unreviewed			pos_from_wordnet
grisje_V	V	grisje			Albanet/OMW	wns/als/wn-data-als.tab	imported_unreviewed			pos_from_wordnet
grumbullohen_V	V	grumbullohen			Albanet/OMW	wns/als/wn-data-als.tab	imported_unreviewed			pos_from_wordnet
grumbulloj_V	V	grumbulloj			Albanet/OMW	wns/als/wn-data-als.tab	imported_unreviewed			pos_from_wordnet
grupoj_V	V	grupoj			Albanet/OMW	wns/als/wn-data-als.tab	imported_unreviewed			pos_from_wordnet
guak_V	V	guak			Albanet/OMW	wns/als/wn-data-als.tab	imported_unreviewed			pos_from_wordnet
gudulisje_V	V	gudulisje			Albanet/OMW	wns/als/wn-data-als.tab	imported_unreviewed			pos_from_wordnet
gulcim_V	V	gulçim			Albanet/OMW	wns/als/wn-data-als.tab	imported_unreviewed			pos_from_wordnet
gumezhime_V	V	gumëzhimë			Albanet/OMW	wns/als/wn-data-als.tab	imported_unreviewed			pos_from_wordnet
gurgullime_V	V	gurgullimë			Albanet/OMW	wns/als/wn-data-als.tab	imported_unreviewed			pos_from_wordnet
gurgulloj_V	V	gurgulloj			Albanet/OMW	wns/als/wn-data-als.tab	imported_unreviewed			pos_from_wordnet
gurgullon_V	V	gurgullon			Albanet/OMW	wns/als/wn-data-als.tab	imported_unreviewed			pos_from_wordnet
guxim_V	V	guxim			Albanet/OMW	wns/als/wn-data-als.tab	imported_unreviewed			pos_from_wordnet
guxoj_V	V	guxoj			Albanet/OMW	wns/als/wn-data-als.tab	imported_unreviewed			pos_from_wordnet
gelltit_V	V	gëlltit			Albanet/OMW	wns/als/wn-data-als.tab	imported_unreviewed			pos_from_wordnet
gelltitje_V	V	gëlltitje			Albanet/OMW	wns/als/wn-data-als.tab	imported_unreviewed			pos_from_wordnet
gelon_V	V	gëlon			Albanet/OMW	wns/als/wn-data-als.tab	imported_unreviewed			pos_from_wordnet
genjej_V	V	gënjej			Albanet/OMW | Baseline LexiconSqi	wns/als/wn-data-als.tab | lie_V	baseline_lexicon_exact	lie_V		lexicon_sqi_exact,pos_from_wordnet
germoj_V	V	gërmoj			Albanet/OMW | Baseline LexiconSqi	wns/als/wn-data-als.tab | dig_V	baseline_lexicon_exact	dig_V		lexicon_sqi_exact,pos_from_wordnet
gerricje_V	V	gërricje			Albanet/OMW	wns/als/wn-data-als.tab	imported_unreviewed			pos_from_wordnet
gerrisje_V	V	gërrisje			Albanet/OMW	wns/als/wn-data-als.tab	imported_unreviewed			pos_from_wordnet
gershetim_V	V	gërshetim			Albanet/OMW	wns/als/wn-data-als.tab	imported_unreviewed			pos_from_wordnet
gervin_V	V	gërvin			Albanet/OMW	wns/als/wn-data-als.tab	imported_unreviewed			pos_from_wordnet
gervishje_V	V	gërvishje			Albanet/OMW	wns/als/wn-data-als.tab	imported_unreviewed			pos_from_wordnet
gervisht_V	V	gërvisht			Albanet/OMW	wns/als/wn-data-als.tab	imported_unreviewed			pos_from_wordnet
gervishtje_V	V	gërvishtje			Albanet/OMW	wns/als/wn-data-als.tab	imported_unreviewed			pos_from_wordnet
gezim_V	V	gëzim			Albanet/OMW	wns/als/wn-data-als.tab	imported_unreviewed			pos_from_wordnet
gezohem_V	V	gëzohem			Albanet/OMW	wns/als/wn-data-als.tab	imported_unreviewed			pos_from_wordnet
gezoj_V	V	gëzoj			Albanet/OMW	wns/als/wn-data-als.tab	imported_unreviewed			pos_from_wordnet
gezon_V	V	gëzon			Albanet/OMW	wns/als/wn-data-als.tab	imported_unreviewed			pos_from_wordnet
ha_V	V	ha			Albanet/OMW	wns/als/wn-data-als.tab	imported_unreviewed			pos_from_wordnet
habi_V	V	habi			Albanet/OMW	wns/als/wn-data-als.tab	imported_unreviewed			pos_from_wordnet
hambar_V	V	hambar			Albanet/OMW	wns/als/wn-data-als.tab	imported_unreviewed			pos_from_wordnet
hamendesoj_V	V	hamendësoj			Albanet/OMW	wns/als/wn-data-als.tab	imported_unreviewed			pos_from_wordnet
hap_V	V	hap			Albanet/OMW	wns/als/wn-data-als.tab	imported_unreviewed			pos_from_wordnet
hap_e_mbyll_syte_V	V	hap e mbyll sytë			Albanet/OMW	wns/als/wn-data-als.tab	imported_unreviewed			multiword,pos_from_wordnet
hapem_V	V	hapem			Albanet/OMW	wns/als/wn-data-als.tab	imported_unreviewed			pos_from_wordnet
hapje_V	V	hapje			Albanet/OMW	wns/als/wn-data-als.tab	imported_unreviewed			pos_from_wordnet
haperdaj_V	V	hapërdaj			Albanet/OMW	wns/als/wn-data-als.tab	imported_unreviewed			pos_from_wordnet
hare_V	V	hare			Albanet/OMW	wns/als/wn-data-als.tab	imported_unreviewed			pos_from_wordnet
harmonist_V	V	harmonist			Albanet/OMW	wns/als/wn-data-als.tab	imported_unreviewed			pos_from_wordnet
harmonizoj_V	V	harmonizoj			Albanet/OMW	wns/als/wn-data-als.tab	imported_unreviewed			pos_from_wordnet
harroj_V	V	harroj			Albanet/OMW	wns/als/wn-data-als.tab	imported_unreviewed			pos_from_wordnet
hartoj_V	V	hartoj			Albanet/OMW	wns/als/wn-data-als.tab	imported_unreviewed			pos_from_wordnet
harxhoj_V	V	harxhoj			Albanet/OMW	wns/als/wn-data-als.tab	imported_unreviewed			pos_from_wordnet
have_a_go_at_it_V	V	have a go at it			Albanet/OMW	wns/als/wn-data-als.tab	imported_unreviewed			multiword,pos_from_wordnet
have_intercourse_V	V	have intercourse			Albanet/OMW	wns/als/wn-data-als.tab	imported_unreviewed			multiword,pos_from_wordnet
have_it_away_V	V	have it away			Albanet/OMW	wns/als/wn-data-als.tab	imported_unreviewed			multiword,pos_from_wordnet
have_it_off_V	V	have it off			Albanet/OMW	wns/als/wn-data-als.tab	imported_unreviewed			multiword,pos_from_wordnet
have_sex_V	V	have sex			Albanet/OMW	wns/als/wn-data-als.tab	imported_unreviewed			multiword,pos_from_wordnet
hedh_V	V	hedh			Albanet/OMW	wns/als/wn-data-als.tab	imported_unreviewed			pos_from_wordnet
hedh_poshte_V	V	hedh poshtë			Albanet/OMW	wns/als/wn-data-als.tab	imported_unreviewed			multiword,pos_from_wordnet
hedh_poshte_me_goditje_V	V	hedh poshtë me goditje			Albanet/OMW	wns/als/wn-data-als.tab	imported_unreviewed			multiword,pos_from_wordnet
hedhje_V	V	hedhje			Albanet/OMW	wns/als/wn-data-als.tab	imported_unreviewed			pos_from_wordnet
hedhurine_V	V	hedhurinë			Albanet/OMW	wns/als/wn-data-als.tab	imported_unreviewed			pos_from_wordnet
heq_V	V	heq			Albanet/OMW	wns/als/wn-data-als.tab	imported_unreviewed			pos_from_wordnet
heq_dore_V	V	heq dore			Albanet/OMW	wns/als/wn-data-als.tab	imported_unreviewed			multiword,pos_from_wordnet
heq_dore_V__2	V	heq dorë			Albanet/OMW	wns/als/wn-data-als.tab	imported_unreviewed			multiword,pos_from_wordnet
heq_dore_nga_V	V	heq dorë nga			Albanet/OMW	wns/als/wn-data-als.tab	imported_unreviewed			multiword,pos_from_wordnet
heq_menjane_V	V	heq mënjanë			Albanet/OMW	wns/als/wn-data-als.tab	imported_unreviewed			multiword,pos_from_wordnet
heq_nga_kali_V	V	heq nga kali			Albanet/OMW	wns/als/wn-data-als.tab	imported_unreviewed			multiword,pos_from_wordnet
heq_nga_qarkullimi_V	V	heq nga qarkullimi			Albanet/OMW	wns/als/wn-data-als.tab	imported_unreviewed			multiword,pos_from_wordnet
heq_plehrat_V	V	heq plehrat			Albanet/OMW	wns/als/wn-data-als.tab	imported_unreviewed			multiword,pos_from_wordnet
heq_qafe_V	V	heq qafe			Albanet/OMW	wns/als/wn-data-als.tab	imported_unreviewed			multiword,pos_from_wordnet
hetoj_V	V	hetoj			Albanet/OMW	wns/als/wn-data-als.tab	imported_unreviewed			pos_from_wordnet
hibrid_V	V	hibrid			Albanet/OMW	wns/als/wn-data-als.tab	imported_unreviewed			pos_from_wordnet
hibridizim_V	V	hibridizim			Albanet/OMW	wns/als/wn-data-als.tab	imported_unreviewed			pos_from_wordnet
hidhem_V	V	hidhem			Albanet/OMW	wns/als/wn-data-als.tab	imported_unreviewed			pos_from_wordnet
hidhem_brenda_V	V	hidhem brenda			Albanet/OMW	wns/als/wn-data-als.tab	imported_unreviewed			multiword,pos_from_wordnet
hingellime_V	V	hingëllimë			Albanet/OMW	wns/als/wn-data-als.tab	imported_unreviewed			pos_from_wordnet
hipi_V	V	hipi			Albanet/OMW	wns/als/wn-data-als.tab	imported_unreviewed			pos_from_wordnet
hipoteze_V	V	hipotezë			Albanet/OMW	wns/als/wn-data-als.tab	imported_unreviewed			pos_from_wordnet
holloj_V	V	holloj			Albanet/OMW	wns/als/wn-data-als.tab	imported_unreviewed			pos_from_wordnet
hov_V	V	hov			Albanet/OMW	wns/als/wn-data-als.tab	imported_unreviewed			pos_from_wordnet
huadhenie_V	V	huadhënie			Albanet/OMW	wns/als/wn-data-als.tab	imported_unreviewed			pos_from_wordnet
humbas_V	V	humbas			Albanet/OMW	wns/als/wn-data-als.tab	imported_unreviewed			pos_from_wordnet
humbas_energji_V	V	humbas energji			Albanet/OMW	wns/als/wn-data-als.tab	imported_unreviewed			multiword,pos_from_wordnet
humbje_V	V	humbje			Albanet/OMW	wns/als/wn-data-als.tab	imported_unreviewed			pos_from_wordnet
hump_V	V	hump			Albanet/OMW	wns/als/wn-data-als.tab	imported_unreviewed			pos_from_wordnet
hutoj_V	V	hutoj			Albanet/OMW	wns/als/wn-data-als.tab	imported_unreviewed			pos_from_wordnet
hyrje_V	V	hyrje			Albanet/OMW	wns/als/wn-data-als.tab	imported_unreviewed			pos_from_wordnet
i_acarte_V	V	i acartë			Albanet/OMW	wns/als/wn-data-als.tab	imported_unreviewed			multiword,pos_from_wordnet
i_barabarte_V	V	i barabarte			Albanet/OMW	wns/als/wn-data-als.tab	imported_unreviewed			multiword,pos_from_wordnet
i_bere_mire_V	V	i bërë mirë			Albanet/OMW	wns/als/wn-data-als.tab	imported_unreviewed			multiword,pos_from_wordnet
i_dallgezuar_V	V	i dallgëzuar			Albanet/OMW	wns/als/wn-data-als.tab	imported_unreviewed			multiword,pos_from_wordnet
i_dredhur_V	V	i dredhur			Albanet/OMW	wns/als/wn-data-als.tab	imported_unreviewed			multiword,pos_from_wordnet
i_fiksuar_mire_V	V	i fiksuar mirë			Albanet/OMW	wns/als/wn-data-als.tab	imported_unreviewed			multiword,pos_from_wordnet
i_fresket_V	V	i freskët			Albanet/OMW	wns/als/wn-data-als.tab	imported_unreviewed			multiword,pos_from_wordnet
i_gatshem_V	V	i gatshëm			Albanet/OMW	wns/als/wn-data-als.tab	imported_unreviewed			multiword,pos_from_wordnet
i_heq_te_drejte_V	V	i heq të drejtë			Albanet/OMW	wns/als/wn-data-als.tab	imported_unreviewed			multiword,pos_from_wordnet
i_holle_V	V	i hollë			Albanet/OMW	wns/als/wn-data-als.tab	imported_unreviewed			multiword,pos_from_wordnet
i_jap_energji_V	V	i jap energji			Albanet/OMW	wns/als/wn-data-als.tab	imported_unreviewed			multiword,pos_from_wordnet
i_jap_fund_V	V	i jap fund			Albanet/OMW	wns/als/wn-data-als.tab	imported_unreviewed			multiword,pos_from_wordnet
i_jap_me_shpejt_V	V	i jap më shpejt			Albanet/OMW	wns/als/wn-data-als.tab	imported_unreviewed			multiword,pos_from_wordnet
i_jap_shtyse_V	V	i jap shtysë			Albanet/OMW	wns/als/wn-data-als.tab	imported_unreviewed			multiword,pos_from_wordnet
i_jap_trajte_V	V	i jap trajtë			Albanet/OMW	wns/als/wn-data-als.tab	imported_unreviewed			multiword,pos_from_wordnet
i_jap_te_perzier_V	V	i jap të përzier			Albanet/OMW	wns/als/wn-data-als.tab	imported_unreviewed			multiword,pos_from_wordnet
i_keqesuar_V	V	i keqësuar			Albanet/OMW	wns/als/wn-data-als.tab	imported_unreviewed			multiword,pos_from_wordnet
i_kushtoj_vemendje_V	V	i kushtoj vëmendje			Albanet/OMW	wns/als/wn-data-als.tab	imported_unreviewed			multiword,pos_from_wordnet
i_lejoj_vetes_V	V	i lejoj vetes			Albanet/OMW	wns/als/wn-data-als.tab	imported_unreviewed			multiword,pos_from_wordnet
i_lire_V	V	i lirë			Albanet/OMW	wns/als/wn-data-als.tab	imported_unreviewed			multiword,pos_from_wordnet
i_le_ne_mirebesim_V	V	i lë në mirëbesim			Albanet/OMW	wns/als/wn-data-als.tab	imported_unreviewed			multiword,pos_from_wordnet
i_lemuar_V	V	i lëmuar			Albanet/OMW	wns/als/wn-data-als.tab	imported_unreviewed			multiword,pos_from_wordnet
i_leshuar_V	V	i lëshuar			Albanet/OMW	wns/als/wn-data-als.tab	imported_unreviewed			multiword,pos_from_wordnet
i_marr_me_force_V	V	i marr me forcë			Albanet/OMW	wns/als/wn-data-als.tab	imported_unreviewed			multiword,pos_from_wordnet
i_mbyllur_V	V	i mbyllur			Albanet/OMW	wns/als/wn-data-als.tab	imported_unreviewed			multiword,pos_from_wordnet
i_ngarkuar_V	V	i ngarkuar			Albanet/OMW	wns/als/wn-data-als.tab	imported_unreviewed			multiword,pos_from_wordnet
i_nxjerr_zorret_V	V	i nxjerr zorrët			Albanet/OMW	wns/als/wn-data-als.tab	imported_unreviewed			multiword,pos_from_wordnet
i_paster_V	V	i pastër			Albanet/OMW	wns/als/wn-data-als.tab	imported_unreviewed			multiword,pos_from_wordnet
i_plas_shpirtin_V	V	i plas shpirtin			Albanet/OMW	wns/als/wn-data-als.tab	imported_unreviewed			multiword,pos_from_wordnet
i_pres_koken_V	V	i pres kokën			Albanet/OMW	wns/als/wn-data-als.tab	imported_unreviewed			multiword,pos_from_wordnet
i_perkas_dikujt_V	V	i përkas dikujt			Albanet/OMW	wns/als/wn-data-als.tab	imported_unreviewed			multiword,pos_from_wordnet
i_pershtatshem_V	V	i përshtatshëm			Albanet/OMW	wns/als/wn-data-als.tab	imported_unreviewed			multiword,pos_from_wordnet
i_rraskapitur_V	V	i rraskapitur			Albanet/OMW	wns/als/wn-data-als.tab	imported_unreviewed			multiword,pos_from_wordnet
i_sakte_V	V	i saktë			Albanet/OMW	wns/als/wn-data-als.tab	imported_unreviewed			multiword,pos_from_wordnet
i_sheshte_V	V	i sheshtë			Albanet/OMW	wns/als/wn-data-als.tab	imported_unreviewed			multiword,pos_from_wordnet
i_shkoj_pas_qejfit_V	V	i shkoj pas qejfit			Albanet/OMW	wns/als/wn-data-als.tab	imported_unreviewed			multiword,pos_from_wordnet
i_skalitur_V	V	i skalitur			Albanet/OMW	wns/als/wn-data-als.tab	imported_unreviewed			multiword,pos_from_wordnet
i_takon_V	V	i takon			Albanet/OMW	wns/als/wn-data-als.tab	imported_unreviewed			multiword,pos_from_wordnet
i_tejdukshem_V	V	i tejdukshëm			Albanet/OMW	wns/als/wn-data-als.tab	imported_unreviewed			multiword,pos_from_wordnet
i_tensionuar_V	V	i tensionuar			Albanet/OMW	wns/als/wn-data-als.tab	imported_unreviewed			multiword,pos_from_wordnet
i_thate_V	V	i thatë			Albanet/OMW	wns/als/wn-data-als.tab	imported_unreviewed			multiword,pos_from_wordnet
i_topitur_V	V	i topitur			Albanet/OMW	wns/als/wn-data-als.tab	imported_unreviewed			multiword,pos_from_wordnet
i_valezuar_V	V	i valëzuar			Albanet/OMW	wns/als/wn-data-als.tab	imported_unreviewed			multiword,pos_from_wordnet
i_zgjuar_nga_gjumi_V	V	i zgjuar ( nga gjumi)			Albanet/OMW	wns/als/wn-data-als.tab	imported_unreviewed			multiword,pos_from_wordnet,punctuation
i_zene_V	V	i zënë			Albanet/OMW	wns/als/wn-data-als.tab	imported_unreviewed			multiword,pos_from_wordnet
i_zene_me_pune_V	V	i zënë me punë			Albanet/OMW	wns/als/wn-data-als.tab	imported_unreviewed			multiword,pos_from_wordnet
ia_be_zakon_V	V	ia bë zakon			Albanet/OMW	wns/als/wn-data-als.tab	imported_unreviewed			multiword,pos_from_wordnet
ia_dal_V	V	ia dal			Albanet/OMW	wns/als/wn-data-als.tab	imported_unreviewed			multiword,pos_from_wordnet
ia_dal_mbane_V	V	ia dal mbanë			Albanet/OMW	wns/als/wn-data-als.tab	imported_unreviewed			multiword,pos_from_wordnet
ia_dale_mbane_V	V	ia dalë mbanë			Albanet/OMW	wns/als/wn-data-als.tab	imported_unreviewed			multiword,pos_from_wordnet
ia_dorezoj_V	V	ia dorëzoj			Albanet/OMW	wns/als/wn-data-als.tab	imported_unreviewed			multiword,pos_from_wordnet
ia_hedh_V	V	ia hedh			Albanet/OMW	wns/als/wn-data-als.tab	imported_unreviewed			multiword,pos_from_wordnet
ia_kaloj_V	V	ia kaloj			Albanet/OMW	wns/als/wn-data-als.tab	imported_unreviewed			multiword,pos_from_wordnet
ia_ngul_syte_V	V	ia ngul sytë			Albanet/OMW	wns/als/wn-data-als.tab	imported_unreviewed			multiword,pos_from_wordnet
ia_nenshtroj_rregullave_V	V	ia nënshtroj rregullave			Albanet/OMW	wns/als/wn-data-als.tab	imported_unreviewed			multiword,pos_from_wordnet
ia_sjell_ne_maje_te_hundes_V	V	ia sjell në majë të hundës			Albanet/OMW	wns/als/wn-data-als.tab	imported_unreviewed			multiword,pos_from_wordnet
identifikoj_V	V	identifikoj			Albanet/OMW	wns/als/wn-data-als.tab	imported_unreviewed			pos_from_wordnet
iki_V	V	iki			Albanet/OMW	wns/als/wn-data-als.tab	imported_unreviewed			pos_from_wordnet
iki_fshehurazi_V	V	iki fshehurazi			Albanet/OMW	wns/als/wn-data-als.tab	imported_unreviewed			multiword,pos_from_wordnet
iki_me_vrap_V	V	iki me vrap			Albanet/OMW	wns/als/wn-data-als.tab	imported_unreviewed			multiword,pos_from_wordnet
iki_vjedhurazi_V	V	iki vjedhurazi			Albanet/OMW	wns/als/wn-data-als.tab	imported_unreviewed			multiword,pos_from_wordnet
ikje_V	V	ikje			Albanet/OMW	wns/als/wn-data-als.tab	imported_unreviewed			pos_from_wordnet
iken_V	V	ikën			Albanet/OMW	wns/als/wn-data-als.tab	imported_unreviewed			pos_from_wordnet
ilustroj_V	V	ilustroj			Albanet/OMW	wns/als/wn-data-als.tab	imported_unreviewed			pos_from_wordnet
imagjinoj_V	V	imagjinoj			Albanet/OMW	wns/als/wn-data-als.tab	imported_unreviewed			pos_from_wordnet
imitoj_V	V	imitoj			Albanet/OMW	wns/als/wn-data-als.tab	imported_unreviewed			pos_from_wordnet
improvizoj_V	V	improvizoj			Albanet/OMW	wns/als/wn-data-als.tab	imported_unreviewed			pos_from_wordnet
inat_V	V	inat			Albanet/OMW	wns/als/wn-data-als.tab	imported_unreviewed			pos_from_wordnet
inatos_V	V	inatos			Albanet/OMW	wns/als/wn-data-als.tab	imported_unreviewed			pos_from_wordnet
inatosem_V	V	inatosem			Albanet/OMW	wns/als/wn-data-als.tab	imported_unreviewed			pos_from_wordnet
influence_V	V	influencë			Albanet/OMW	wns/als/wn-data-als.tab	imported_unreviewed			pos_from_wordnet
informoj_V	V	informoj			Albanet/OMW	wns/als/wn-data-als.tab	imported_unreviewed			pos_from_wordnet
injoroj_V	V	injoroj			Albanet/OMW	wns/als/wn-data-als.tab	imported_unreviewed			pos_from_wordnet
inkurajoj_V	V	inkurajoj			Albanet/OMW	wns/als/wn-data-als.tab	imported_unreviewed			pos_from_wordnet
insistoj_V	V	insistoj			Albanet/OMW	wns/als/wn-data-als.tab	imported_unreviewed			pos_from_wordnet
instaloj_V	V	instaloj			Albanet/OMW	wns/als/wn-data-als.tab	imported_unreviewed			pos_from_wordnet
instruktoj_V	V	instruktoj			Albanet/OMW	wns/als/wn-data-als.tab	imported_unreviewed			pos_from_wordnet
interesim_V	V	interesim			Albanet/OMW	wns/als/wn-data-als.tab	imported_unreviewed			pos_from_wordnet
interesohem_V	V	interesohem			Albanet/OMW	wns/als/wn-data-als.tab	imported_unreviewed			pos_from_wordnet
interpretoj_V	V	interpretoj			Albanet/OMW	wns/als/wn-data-als.tab	imported_unreviewed			pos_from_wordnet
interpreton_V	V	interpreton			Albanet/OMW	wns/als/wn-data-als.tab	imported_unreviewed			pos_from_wordnet
investigoj_V	V	investigoj			Albanet/OMW	wns/als/wn-data-als.tab	imported_unreviewed			pos_from_wordnet
investoj_V	V	investoj			Albanet/OMW	wns/als/wn-data-als.tab	imported_unreviewed			pos_from_wordnet
irritim_V	V	irritim			Albanet/OMW	wns/als/wn-data-als.tab	imported_unreviewed			pos_from_wordnet
irritohem_V	V	irritohem			Albanet/OMW	wns/als/wn-data-als.tab	imported_unreviewed			pos_from_wordnet
irritoj_V	V	irritoj			Albanet/OMW	wns/als/wn-data-als.tab	imported_unreviewed			pos_from_wordnet
jam_V	V	jam			Albanet/OMW	wns/als/wn-data-als.tab	imported_unreviewed			pos_from_wordnet
jam_i_etur_V	V	jam i etur			Albanet/OMW	wns/als/wn-data-als.tab	imported_unreviewed			multiword,pos_from_wordnet
jam_i_mendimit_V	V	jam i mendimit			Albanet/OMW	wns/als/wn-data-als.tab	imported_unreviewed			multiword,pos_from_wordnet
jam_ne_gjendje_V	V	jam ne gjendje			Albanet/OMW	wns/als/wn-data-als.tab	imported_unreviewed			multiword,pos_from_wordnet
jam_ne_borxh_V	V	jam në borxh			Albanet/OMW	wns/als/wn-data-als.tab	imported_unreviewed			multiword,pos_from_wordnet
jap_V	V	jap			Albanet/OMW	wns/als/wn-data-als.tab	imported_unreviewed			pos_from_wordnet
jap_falenderime_V	V	jap falenderime			Albanet/OMW	wns/als/wn-data-als.tab	imported_unreviewed			multiword,pos_from_wordnet
jap_forme_V	V	jap formë			Albanet/OMW	wns/als/wn-data-als.tab	imported_unreviewed			multiword,pos_from_wordnet
jap_hua_V	V	jap hua			Albanet/OMW	wns/als/wn-data-als.tab	imported_unreviewed			multiword,pos_from_wordnet
jap_me_qira_V	V	jap me qira			Albanet/OMW	wns/als/wn-data-als.tab	imported_unreviewed			multiword,pos_from_wordnet
jap_mesim_V	V	jap mësim			Albanet/OMW	wns/als/wn-data-als.tab	imported_unreviewed			multiword,pos_from_wordnet
jap_rryshfet_V	V	jap rryshfet			Albanet/OMW	wns/als/wn-data-als.tab	imported_unreviewed			multiword,pos_from_wordnet
jap_sinjal_V	V	jap sinjal			Albanet/OMW	wns/als/wn-data-als.tab	imported_unreviewed			multiword,pos_from_wordnet
jap_urdher_V	V	jap urdhër			Albanet/OMW	wns/als/wn-data-als.tab	imported_unreviewed			multiword,pos_from_wordnet
jashteshkruaj_V	V	jashtëshkruaj			Albanet/OMW	wns/als/wn-data-als.tab	imported_unreviewed			pos_from_wordnet
jazz_V	V	jazz			Albanet/OMW	wns/als/wn-data-als.tab	imported_unreviewed			pos_from_wordnet
jehon_V	V	jehon			Albanet/OMW	wns/als/wn-data-als.tab	imported_unreviewed			pos_from_wordnet
jep_V	V	jep			Albanet/OMW	wns/als/wn-data-als.tab	imported_unreviewed			pos_from_wordnet
jetoj_V	V	jetoj			Albanet/OMW | Baseline LexiconSqi	wns/als/wn-data-als.tab | live_V	baseline_lexicon_exact	live_V		lexicon_sqi_exact,pos_from_wordnet
jetoj_sipas_parimeve_V	V	jetoj sipas parimeve			Albanet/OMW	wns/als/wn-data-als.tab	imported_unreviewed			multiword,pos_from_wordnet
joshje_V	V	joshje			Albanet/OMW	wns/als/wn-data-als.tab	imported_unreviewed			pos_from_wordnet
justifikoj_V	V	justifikoj			Albanet/OMW	wns/als/wn-data-als.tab	imported_unreviewed			pos_from_wordnet
ka_te_bej_V	V	ka të bëj			Albanet/OMW	wns/als/wn-data-als.tab	imported_unreviewed			multiword,pos_from_wordnet
kacafytje_V	V	kacafytje			Albanet/OMW	wns/als/wn-data-als.tab	imported_unreviewed			pos_from_wordnet
kacavirrem_V	V	kacavirrem			Albanet/OMW	wns/als/wn-data-als.tab	imported_unreviewed			pos_from_wordnet
kafshim_V	V	kafshim			Albanet/OMW	wns/als/wn-data-als.tab	imported_unreviewed			pos_from_wordnet
kafshoj_V	V	kafshoj			Albanet/OMW	wns/als/wn-data-als.tab	imported_unreviewed			pos_from_wordnet
kalim_V	V	kalim			Albanet/OMW	wns/als/wn-data-als.tab	imported_unreviewed			pos_from_wordnet
kalkuloj_V	V	kalkuloj			Albanet/OMW	wns/als/wn-data-als.tab	imported_unreviewed			pos_from_wordnet
kallep_V	V	kallëp			Albanet/OMW	wns/als/wn-data-als.tab	imported_unreviewed			pos_from_wordnet
kallezoj_V	V	kallëzoj			Albanet/OMW	wns/als/wn-data-als.tab	imported_unreviewed			pos_from_wordnet
kaloj_V	V	kaloj			Albanet/OMW	wns/als/wn-data-als.tab	imported_unreviewed			pos_from_wordnet
kaloj_neper_V	V	kaloj nëpër			Albanet/OMW	wns/als/wn-data-als.tab	imported_unreviewed			multiword,pos_from_wordnet
kaloj_permes_V	V	kaloj përmes			Albanet/OMW	wns/als/wn-data-als.tab	imported_unreviewed			multiword,pos_from_wordnet
kalon_V	V	kalon			Albanet/OMW	wns/als/wn-data-als.tab	imported_unreviewed			pos_from_wordnet
kam_V	V	kam			Albanet/OMW	wns/als/wn-data-als.tab	imported_unreviewed			pos_from_wordnet
kam_idene_se_V	V	kam idenë se			Albanet/OMW	wns/als/wn-data-als.tab	imported_unreviewed			multiword,pos_from_wordnet
kam_mall_V	V	kam mall			Albanet/OMW	wns/als/wn-data-als.tab	imported_unreviewed			multiword,pos_from_wordnet
kam_nder_mend_V	V	kam ndër mend			Albanet/OMW	wns/als/wn-data-als.tab	imported_unreviewed			multiword,pos_from_wordnet
kam_ne_mendje_V	V	kam në mendje			Albanet/OMW	wns/als/wn-data-als.tab	imported_unreviewed			multiword,pos_from_wordnet
kam_para_sysh_V	V	kam para sysh			Albanet/OMW	wns/als/wn-data-als.tab	imported_unreviewed			multiword,pos_from_wordnet
kampion_V	V	kampion			Albanet/OMW	wns/als/wn-data-als.tab	imported_unreviewed			pos_from_wordnet
kanakar_V	V	kanakar			Albanet/OMW	wns/als/wn-data-als.tab	imported_unreviewed			pos_from_wordnet
kanal_V	V	kanal			Albanet/OMW	wns/als/wn-data-als.tab	imported_unreviewed			pos_from_wordnet
kanace_V	V	kanaçe			Albanet/OMW	wns/als/wn-data-als.tab	imported_unreviewed			pos_from_wordnet
kanoset_V	V	kanoset			Albanet/OMW	wns/als/wn-data-als.tab	imported_unreviewed			pos_from_wordnet
kap_V	V	kap			Albanet/OMW	wns/als/wn-data-als.tab	imported_unreviewed			pos_from_wordnet
kapardisje_V	V	kapardisje			Albanet/OMW	wns/als/wn-data-als.tab	imported_unreviewed			pos_from_wordnet
kapem_V	V	kapem			Albanet/OMW	wns/als/wn-data-als.tab	imported_unreviewed			pos_from_wordnet
kapem_pas_V	V	kapem pas			Albanet/OMW	wns/als/wn-data-als.tab	imported_unreviewed			multiword,pos_from_wordnet
kapis_V	V	kapis			Albanet/OMW	wns/als/wn-data-als.tab	imported_unreviewed			pos_from_wordnet
kapitulloj_V	V	kapitulloj			Albanet/OMW	wns/als/wn-data-als.tab	imported_unreviewed			pos_from_wordnet
kapje_V	V	kapje			Albanet/OMW	wns/als/wn-data-als.tab	imported_unreviewed			pos_from_wordnet
kapsit_syte_V	V	kapsit sytë			Albanet/OMW	wns/als/wn-data-als.tab	imported_unreviewed			multiword,pos_from_wordnet
kapercim_V	V	kapërcim			Albanet/OMW	wns/als/wn-data-als.tab	imported_unreviewed			pos_from_wordnet
karakteristike_V	V	karakteristike			Albanet/OMW	wns/als/wn-data-als.tab	imported_unreviewed			pos_from_wordnet
karakterizoj_V	V	karakterizoj			Albanet/OMW	wns/als/wn-data-als.tab	imported_unreviewed			pos_from_wordnet
kasaphane_V	V	kasaphanë			Albanet/OMW	wns/als/wn-data-als.tab	imported_unreviewed			pos_from_wordnet
kasolle_V	V	kasolle			Albanet/OMW	wns/als/wn-data-als.tab	imported_unreviewed			pos_from_wordnet
kategorizoj_V	V	kategorizoj			Albanet/OMW	wns/als/wn-data-als.tab	imported_unreviewed			pos_from_wordnet
katranosje_V	V	katranosje			Albanet/OMW	wns/als/wn-data-als.tab	imported_unreviewed			pos_from_wordnet
kacurrel_V	V	kaçurrel			Albanet/OMW	wns/als/wn-data-als.tab	imported_unreviewed			pos_from_wordnet
keqardhje_V	V	keqardhje			Albanet/OMW	wns/als/wn-data-als.tab	imported_unreviewed			pos_from_wordnet
keqinformoj_V	V	keqinformoj			Albanet/OMW	wns/als/wn-data-als.tab	imported_unreviewed			pos_from_wordnet
keqinterpretoj_V	V	keqinterpretoj			Albanet/OMW	wns/als/wn-data-als.tab	imported_unreviewed			pos_from_wordnet
keqesim_V	V	keqësim			Albanet/OMW	wns/als/wn-data-als.tab	imported_unreviewed			pos_from_wordnet
keqesohem_V	V	keqësohem			Albanet/OMW	wns/als/wn-data-als.tab	imported_unreviewed			pos_from_wordnet
keqesoj_V	V	keqësoj			Albanet/OMW	wns/als/wn-data-als.tab	imported_unreviewed			pos_from_wordnet
klasifikoj_V	V	klasifikoj			Albanet/OMW	wns/als/wn-data-als.tab	imported_unreviewed			pos_from_wordnet
klikosje_V	V	klikosje			Albanet/OMW	wns/als/wn-data-als.tab	imported_unreviewed			pos_from_wordnet
know_V	V	know			Albanet/OMW	wns/als/wn-data-als.tab	imported_unreviewed			pos_from_wordnet
kodoj_V	V	kodoj			Albanet/OMW	wns/als/wn-data-als.tab	imported_unreviewed			pos_from_wordnet
kohe_V	V	kohë			Albanet/OMW	wns/als/wn-data-als.tab	imported_unreviewed			pos_from_wordnet
kokosh_V	V	kokosh			Albanet/OMW	wns/als/wn-data-als.tab	imported_unreviewed			pos_from_wordnet
komandim_V	V	komandim			Albanet/OMW	wns/als/wn-data-als.tab	imported_unreviewed			pos_from_wordnet
kombinoj_V	V	kombinoj			Albanet/OMW	wns/als/wn-data-als.tab	imported_unreviewed			pos_from_wordnet
kompakt_V	V	kompakt			Albanet/OMW	wns/als/wn-data-als.tab	imported_unreviewed			pos_from_wordnet
kompesim_V	V	kompesim			Albanet/OMW	wns/als/wn-data-als.tab	imported_unreviewed			pos_from_wordnet
kompesoj_V	V	kompesoj			Albanet/OMW	wns/als/wn-data-als.tab	imported_unreviewed			pos_from_wordnet
kompletoj_V	V	kompletoj			Albanet/OMW	wns/als/wn-data-als.tab	imported_unreviewed			pos_from_wordnet
kompozoj_V	V	kompozoj			Albanet/OMW	wns/als/wn-data-als.tab	imported_unreviewed			pos_from_wordnet
komunikim_V	V	komunikim			Albanet/OMW	wns/als/wn-data-als.tab	imported_unreviewed			pos_from_wordnet
komunikoj_V	V	komunikoj			Albanet/OMW	wns/als/wn-data-als.tab	imported_unreviewed			pos_from_wordnet
koncentroj_V	V	koncentroj			Albanet/OMW	wns/als/wn-data-als.tab	imported_unreviewed			pos_from_wordnet
konceptoj_V	V	konceptoj			Albanet/OMW	wns/als/wn-data-als.tab	imported_unreviewed			pos_from_wordnet
konceptual_V	V	konceptual			Albanet/OMW	wns/als/wn-data-als.tab	imported_unreviewed			pos_from_wordnet
konfirmoj_V	V	konfirmoj			Albanet/OMW	wns/als/wn-data-als.tab	imported_unreviewed			pos_from_wordnet
konfuz_V	V	konfuz			Albanet/OMW	wns/als/wn-data-als.tab	imported_unreviewed			pos_from_wordnet
konkludoj_V	V	konkludoj			Albanet/OMW	wns/als/wn-data-als.tab	imported_unreviewed			pos_from_wordnet
konkretizoj_V	V	konkretizoj			Albanet/OMW	wns/als/wn-data-als.tab	imported_unreviewed			pos_from_wordnet
konkurroj_V	V	konkurroj			Albanet/OMW	wns/als/wn-data-als.tab	imported_unreviewed			pos_from_wordnet
konservoj_V	V	konservoj			Albanet/OMW	wns/als/wn-data-als.tab	imported_unreviewed			pos_from_wordnet
konsfikim_V	V	konsfikim			Albanet/OMW	wns/als/wn-data-als.tab	imported_unreviewed			pos_from_wordnet
konsideroj_V	V	konsideroj			Albanet/OMW	wns/als/wn-data-als.tab	imported_unreviewed			pos_from_wordnet
konspektoj_V	V	konspektoj			Albanet/OMW	wns/als/wn-data-als.tab	imported_unreviewed			pos_from_wordnet
konstatoj_V	V	konstatoj			Albanet/OMW	wns/als/wn-data-als.tab	imported_unreviewed			pos_from_wordnet
konsultoj_V	V	konsultoj			Albanet/OMW	wns/als/wn-data-als.tab	imported_unreviewed			pos_from_wordnet
konsumoj_V	V	konsumoj			Albanet/OMW	wns/als/wn-data-als.tab	imported_unreviewed			pos_from_wordnet
kontakt_V	V	kontakt			Albanet/OMW	wns/als/wn-data-als.tab	imported_unreviewed			pos_from_wordnet
kontestoj_V	V	kontestoj			Albanet/OMW	wns/als/wn-data-als.tab	imported_unreviewed			pos_from_wordnet
kontradikt_V	V	kontradikt			Albanet/OMW	wns/als/wn-data-als.tab	imported_unreviewed			pos_from_wordnet
kontraktohem_V	V	kontraktohem			Albanet/OMW	wns/als/wn-data-als.tab	imported_unreviewed			pos_from_wordnet
kontraktoj_V	V	kontraktoj			Albanet/OMW	wns/als/wn-data-als.tab	imported_unreviewed			pos_from_wordnet
kontriboj_V	V	kontriboj			Albanet/OMW	wns/als/wn-data-als.tab	imported_unreviewed			pos_from_wordnet
kontroll_V	V	kontroll			Albanet/OMW	wns/als/wn-data-als.tab	imported_unreviewed			pos_from_wordnet
kontrolloj_V	V	kontrolloj			Albanet/OMW	wns/als/wn-data-als.tab	imported_unreviewed			pos_from_wordnet
konture_V	V	konturë			Albanet/OMW	wns/als/wn-data-als.tab	imported_unreviewed			pos_from_wordnet
konvertoj_V	V	konvertoj			Albanet/OMW	wns/als/wn-data-als.tab	imported_unreviewed			pos_from_wordnet
koordinoj_V	V	koordinoj			Albanet/OMW	wns/als/wn-data-als.tab	imported_unreviewed			pos_from_wordnet
kopje_V	V	kopje			Albanet/OMW	wns/als/wn-data-als.tab	imported_unreviewed			pos_from_wordnet
kopjoj_V	V	kopjoj			Albanet/OMW	wns/als/wn-data-als.tab	imported_unreviewed			pos_from_wordnet
korr_V	V	korr			Albanet/OMW	wns/als/wn-data-als.tab	imported_unreviewed			pos_from_wordnet
korrespondon_V	V	korrespondon			Albanet/OMW	wns/als/wn-data-als.tab	imported_unreviewed			pos_from_wordnet
korrigjoj_V	V	korrigjoj			Albanet/OMW	wns/als/wn-data-als.tab	imported_unreviewed			pos_from_wordnet
korruptoj_V	V	korruptoj			Albanet/OMW	wns/als/wn-data-als.tab	imported_unreviewed			pos_from_wordnet
kosit_V	V	kosit			Albanet/OMW	wns/als/wn-data-als.tab	imported_unreviewed			pos_from_wordnet
kotesi_V	V	kotësi			Albanet/OMW	wns/als/wn-data-als.tab	imported_unreviewed			pos_from_wordnet
krah_V	V	krah			Albanet/OMW	wns/als/wn-data-als.tab	imported_unreviewed			pos_from_wordnet
krahasim_V	V	krahasim			Albanet/OMW	wns/als/wn-data-als.tab	imported_unreviewed			pos_from_wordnet
krahasoj_V	V	krahasoj			Albanet/OMW	wns/als/wn-data-als.tab	imported_unreviewed			pos_from_wordnet
krekosje_V	V	krekosje			Albanet/OMW	wns/als/wn-data-als.tab	imported_unreviewed			pos_from_wordnet
kremtoj_V	V	kremtoj			Albanet/OMW	wns/als/wn-data-als.tab	imported_unreviewed			pos_from_wordnet
kridhem_V	V	kridhem			Albanet/OMW	wns/als/wn-data-als.tab	imported_unreviewed			pos_from_wordnet
krijim_V	V	krijim			Albanet/OMW	wns/als/wn-data-als.tab	imported_unreviewed			pos_from_wordnet
krijoj_V	V	krijoj			Albanet/OMW	wns/als/wn-data-als.tab	imported_unreviewed			pos_from_wordnet
krijoj_gojarisht_V	V	krijoj gojarisht			Albanet/OMW	wns/als/wn-data-als.tab	imported_unreviewed			multiword,pos_from_wordnet
kriptoj_V	V	kriptoj			Albanet/OMW	wns/als/wn-data-als.tab	imported_unreviewed			pos_from_wordnet
kristalizoj_V	V	kristalizoj			Albanet/OMW	wns/als/wn-data-als.tab	imported_unreviewed			pos_from_wordnet
kronometroj_V	V	kronometroj			Albanet/OMW	wns/als/wn-data-als.tab	imported_unreviewed			pos_from_wordnet
kruajre_V	V	kruajre			Albanet/OMW	wns/als/wn-data-als.tab	imported_unreviewed			pos_from_wordnet
kryej_V	V	kryej			Albanet/OMW	wns/als/wn-data-als.tab	imported_unreviewed			pos_from_wordnet
kryhen_V	V	kryhen			Albanet/OMW	wns/als/wn-data-als.tab	imported_unreviewed			pos_from_wordnet
kryqezoj_V	V	kryqëzoj			Albanet/OMW	wns/als/wn-data-als.tab	imported_unreviewed			pos_from_wordnet
kthehem_V	V	kthehem			Albanet/OMW | Baseline LexiconSqi	wns/als/wn-data-als.tab | turn_V	baseline_lexicon_exact	turn_V		lexicon_sqi_exact,pos_from_wordnet
kthehem_nga_V	V	kthehem nga			Albanet/OMW	wns/als/wn-data-als.tab	imported_unreviewed			multiword,pos_from_wordnet
kthej_V	V	kthej			Albanet/OMW	wns/als/wn-data-als.tab	imported_unreviewed			pos_from_wordnet
kthej_faqe_V	V	kthej faqe			Albanet/OMW	wns/als/wn-data-als.tab	imported_unreviewed			multiword,pos_from_wordnet
kthej_mbrapa_V	V	kthej mbrapa			Albanet/OMW	wns/als/wn-data-als.tab	imported_unreviewed			multiword,pos_from_wordnet
kthese_V	V	kthesë			Albanet/OMW	wns/als/wn-data-als.tab	imported_unreviewed			pos_from_wordnet
kthim_me_shkembim_V	V	kthim me shkëmbim			Albanet/OMW	wns/als/wn-data-als.tab	imported_unreviewed			multiword,pos_from_wordnet
kthim_parash_V	V	kthim parash			Albanet/OMW	wns/als/wn-data-als.tab	imported_unreviewed			multiword,pos_from_wordnet
kthjellohem_V	V	kthjellohem			Albanet/OMW	wns/als/wn-data-als.tab	imported_unreviewed			pos_from_wordnet
kthjellet_V	V	kthjellët			Albanet/OMW	wns/als/wn-data-als.tab	imported_unreviewed			pos_from_wordnet
kualifikim_V	V	kualifikim			Albanet/OMW	wns/als/wn-data-als.tab	imported_unreviewed			pos_from_wordnet
kufi_V	V	kufi			Albanet/OMW	wns/als/wn-data-als.tab	imported_unreviewed			pos_from_wordnet
kufizoj_V	V	kufizoj			Albanet/OMW	wns/als/wn-data-als.tab	imported_unreviewed			pos_from_wordnet
kuis_V	V	kuis			Albanet/OMW	wns/als/wn-data-als.tab	imported_unreviewed			pos_from_wordnet
kujdes_V	V	kujdes			Albanet/OMW	wns/als/wn-data-als.tab	imported_unreviewed			pos_from_wordnet
kujdes_estetik_V	V	kujdes estetik			Albanet/OMW	wns/als/wn-data-als.tab	imported_unreviewed			multiword,pos_from_wordnet
kujdesem_V	V	kujdesem			Albanet/OMW	wns/als/wn-data-als.tab	imported_unreviewed			pos_from_wordnet
kujdesje_V	V	kujdesje			Albanet/OMW	wns/als/wn-data-als.tab	imported_unreviewed			pos_from_wordnet
kujtoj_V	V	kujtoj			Albanet/OMW	wns/als/wn-data-als.tab	imported_unreviewed			pos_from_wordnet
kulloj_V	V	kulloj			Albanet/OMW	wns/als/wn-data-als.tab	imported_unreviewed			pos_from_wordnet
kultivoj_V	V	kultivoj			Albanet/OMW	wns/als/wn-data-als.tab	imported_unreviewed			pos_from_wordnet
kumbon_V	V	kumbon			Albanet/OMW	wns/als/wn-data-als.tab	imported_unreviewed			pos_from_wordnet
kundershtoj_V	V	kundërshtoj			Albanet/OMW	wns/als/wn-data-als.tab	imported_unreviewed			pos_from_wordnet
kunderveproj_V	V	kundërveproj			Albanet/OMW	wns/als/wn-data-als.tab	imported_unreviewed			pos_from_wordnet
kuptoj_V	V	kuptoj			Albanet/OMW	wns/als/wn-data-als.tab	imported_unreviewed			pos_from_wordnet
kuptosh_V	V	kuptosh			Albanet/OMW	wns/als/wn-data-als.tab	imported_unreviewed			pos_from_wordnet
kuqeloj_V	V	kuqëloj			Albanet/OMW	wns/als/wn-data-als.tab	imported_unreviewed			pos_from_wordnet
kurajoj_V	V	kurajoj			Albanet/OMW	wns/als/wn-data-als.tab	imported_unreviewed			pos_from_wordnet
kurth_V	V	kurth			Albanet/OMW	wns/als/wn-data-als.tab	imported_unreviewed			pos_from_wordnet
kushtoj_V	V	kushtoj			Albanet/OMW	wns/als/wn-data-als.tab	imported_unreviewed			pos_from_wordnet
kushton_sa_V	V	kushton sa			Albanet/OMW	wns/als/wn-data-als.tab	imported_unreviewed			multiword,pos_from_wordnet
kuti_teneqeje_V	V	kuti teneqeje			Albanet/OMW	wns/als/wn-data-als.tab	imported_unreviewed			multiword,pos_from_wordnet
kuterbon_V	V	kutërbon			Albanet/OMW	wns/als/wn-data-als.tab	imported_unreviewed			pos_from_wordnet
kuverte_V	V	kuvertë			Albanet/OMW	wns/als/wn-data-als.tab	imported_unreviewed			pos_from_wordnet
kyc_V	V	kyç			Albanet/OMW	wns/als/wn-data-als.tab	imported_unreviewed			pos_from_wordnet
kembej_V	V	këmbej			Albanet/OMW	wns/als/wn-data-als.tab	imported_unreviewed			pos_from_wordnet
kembim_V	V	këmbim			Albanet/OMW	wns/als/wn-data-als.tab	imported_unreviewed			pos_from_wordnet
kembengul_V	V	këmbëngul			Albanet/OMW	wns/als/wn-data-als.tab	imported_unreviewed			pos_from_wordnet
kend_V	V	kënd			Albanet/OMW	wns/als/wn-data-als.tab	imported_unreviewed			pos_from_wordnet
kendoj_V	V	këndoj			Baseline LexiconSqi	sing_V	baseline_lexicon_exact	sing_V		lexicon_sqi_exact
kendoj_nen_ze_V	V	këndoj nën zë			Albanet/OMW	wns/als/wn-data-als.tab	imported_unreviewed			multiword,pos_from_wordnet
kepus_V	V	këpus			Albanet/OMW	wns/als/wn-data-als.tab	imported_unreviewed			pos_from_wordnet
keputje_V	V	këputje			Albanet/OMW	wns/als/wn-data-als.tab	imported_unreviewed			pos_from_wordnet
keqyr_V	V	këqyr			Albanet/OMW	wns/als/wn-data-als.tab	imported_unreviewed			pos_from_wordnet
keqyr_me_kujdes_V	V	këqyr me kujdes			Albanet/OMW	wns/als/wn-data-als.tab	imported_unreviewed			multiword,pos_from_wordnet
kercas_V	V	kërcas			Albanet/OMW	wns/als/wn-data-als.tab	imported_unreviewed			pos_from_wordnet
kercej_V	V	kërcej			Albanet/OMW | Baseline LexiconSqi	wns/als/wn-data-als.tab | jump_V	baseline_lexicon_exact	jump_V		lexicon_sqi_exact,pos_from_wordnet
kercitje_V	V	kërcitje			Albanet/OMW	wns/als/wn-data-als.tab	imported_unreviewed			pos_from_wordnet
kercelloj_V	V	kërcëlloj			Albanet/OMW	wns/als/wn-data-als.tab	imported_unreviewed			pos_from_wordnet
kercellonim_V	V	kërcëllonim			Albanet/OMW	wns/als/wn-data-als.tab	imported_unreviewed			pos_from_wordnet
kercenoj_V	V	kërcënoj			Albanet/OMW	wns/als/wn-data-als.tab	imported_unreviewed			pos_from_wordnet
kerkes_V	V	kërkes			Albanet/OMW	wns/als/wn-data-als.tab	imported_unreviewed			pos_from_wordnet
kerkese_V	V	kërkesë			Albanet/OMW	wns/als/wn-data-als.tab	imported_unreviewed			pos_from_wordnet
kerkim_V	V	kërkim			Albanet/OMW	wns/als/wn-data-als.tab	imported_unreviewed			pos_from_wordnet
kerkim_i_ngathet_V	V	kërkim i ngathët			Albanet/OMW	wns/als/wn-data-als.tab	imported_unreviewed			multiword,pos_from_wordnet
kerkoj_V	V	kërkoj			Albanet/OMW	wns/als/wn-data-als.tab	imported_unreviewed			pos_from_wordnet
kerkoj_lemosh_V	V	kërkoj lëmosh			Albanet/OMW	wns/als/wn-data-als.tab	imported_unreviewed			multiword,pos_from_wordnet
kerkoj_te_marr_vesh_V	V	kërkoj të marr vesh			Albanet/OMW	wns/als/wn-data-als.tab	imported_unreviewed			multiword,pos_from_wordnet
kerkellim_V	V	kërkëllim			Albanet/OMW	wns/als/wn-data-als.tab	imported_unreviewed			pos_from_wordnet
keshillohem_me_V	V	këshillohem me			Albanet/OMW	wns/als/wn-data-als.tab	imported_unreviewed			multiword,pos_from_wordnet
keshilloj_V	V	këshilloj			Albanet/OMW	wns/als/wn-data-als.tab	imported_unreviewed			pos_from_wordnet
lahem_V	V	lahem			Albanet/OMW	wns/als/wn-data-als.tab	imported_unreviewed			pos_from_wordnet
lahet_V	V	lahet			Albanet/OMW	wns/als/wn-data-als.tab	imported_unreviewed			pos_from_wordnet
lajkatoj_V	V	lajkatoj			Albanet/OMW	wns/als/wn-data-als.tab	imported_unreviewed			pos_from_wordnet
lajmeroj_V	V	lajmëroj			Albanet/OMW	wns/als/wn-data-als.tab	imported_unreviewed			pos_from_wordnet
lajmetar_V	V	lajmëtar			Albanet/OMW	wns/als/wn-data-als.tab	imported_unreviewed			pos_from_wordnet
largim_V	V	largim			Albanet/OMW	wns/als/wn-data-als.tab	imported_unreviewed			pos_from_wordnet
largohem_V	V	largohem			Albanet/OMW	wns/als/wn-data-als.tab	imported_unreviewed			pos_from_wordnet
largohem_pa_rene_ne_sy_V	V	largohem pa rënë në sy			Albanet/OMW	wns/als/wn-data-als.tab	imported_unreviewed			multiword,pos_from_wordnet
largohesh_V	V	largohesh			Albanet/OMW	wns/als/wn-data-als.tab	imported_unreviewed			pos_from_wordnet
largoj_V	V	largoj			Albanet/OMW	wns/als/wn-data-als.tab	imported_unreviewed			pos_from_wordnet
largoj_heq_qafe_V	V	largoj,heq qafe			Albanet/OMW	wns/als/wn-data-als.tab	imported_unreviewed			multiword,pos_from_wordnet,punctuation
largesi_V	V	largësi			Albanet/OMW	wns/als/wn-data-als.tab	imported_unreviewed			pos_from_wordnet
larje_V	V	larje			Albanet/OMW	wns/als/wn-data-als.tab	imported_unreviewed			pos_from_wordnet
lartesi_V	V	lartësi			Albanet/OMW	wns/als/wn-data-als.tab	imported_unreviewed			pos_from_wordnet
lartesohem_V	V	lartësohem			Albanet/OMW	wns/als/wn-data-als.tab	imported_unreviewed			pos_from_wordnet
lartesoj_V	V	lartësoj			Albanet/OMW	wns/als/wn-data-als.tab	imported_unreviewed			pos_from_wordnet
lavderoj_V	V	lavdëroj			Albanet/OMW	wns/als/wn-data-als.tab	imported_unreviewed			pos_from_wordnet
le_V	V	le			Albanet/OMW	wns/als/wn-data-als.tab	imported_unreviewed			pos_from_wordnet
ledhatim_V	V	ledhatim			Albanet/OMW	wns/als/wn-data-als.tab	imported_unreviewed			pos_from_wordnet
ledhatoj_V	V	ledhatoj			Albanet/OMW	wns/als/wn-data-als.tab	imported_unreviewed			pos_from_wordnet
leh_V	V	leh			Albanet/OMW	wns/als/wn-data-als.tab	imported_unreviewed			pos_from_wordnet
lehtesim_V	V	lehtësim			Albanet/OMW	wns/als/wn-data-als.tab	imported_unreviewed			pos_from_wordnet
lehtesoj_V	V	lehtësoj			Albanet/OMW	wns/als/wn-data-als.tab	imported_unreviewed			pos_from_wordnet
lejoj_V	V	lejoj			Albanet/OMW	wns/als/wn-data-als.tab	imported_unreviewed			pos_from_wordnet
lemeri_V	V	lemeri			Albanet/OMW	wns/als/wn-data-als.tab	imported_unreviewed			pos_from_wordnet
lende_material_V	V	lende,material			Albanet/OMW	wns/als/wn-data-als.tab	imported_unreviewed			pos_from_wordnet,punctuation
lexoj_V	V	lexoj			Albanet/OMW	wns/als/wn-data-als.tab	imported_unreviewed			pos_from_wordnet
lexoj_te_dhenat_V	V	lexoj të dhënat			Albanet/OMW	wns/als/wn-data-als.tab	imported_unreviewed			multiword,pos_from_wordnet
lidh_V	V	lidh			Albanet/OMW	wns/als/wn-data-als.tab	imported_unreviewed			pos_from_wordnet
lidh_me_V	V	lidh me			Albanet/OMW	wns/als/wn-data-als.tab	imported_unreviewed			multiword,pos_from_wordnet
lidh_me_fashe_V	V	lidh me fashë			Albanet/OMW	wns/als/wn-data-als.tab	imported_unreviewed			multiword,pos_from_wordnet
lidhem_V	V	lidhem			Albanet/OMW	wns/als/wn-data-als.tab	imported_unreviewed			pos_from_wordnet
lidhen_V	V	lidhen			Albanet/OMW	wns/als/wn-data-als.tab	imported_unreviewed			pos_from_wordnet
lidhet_me_V	V	lidhet me			Albanet/OMW	wns/als/wn-data-als.tab	imported_unreviewed			multiword,pos_from_wordnet
lidhje_V	V	lidhje			Albanet/OMW	wns/als/wn-data-als.tab	imported_unreviewed			pos_from_wordnet
lie_with_V	V	lie with			Albanet/OMW	wns/als/wn-data-als.tab	imported_unreviewed			multiword,pos_from_wordnet
ligeshtohem_V	V	ligështohem			Albanet/OMW	wns/als/wn-data-als.tab	imported_unreviewed			pos_from_wordnet
ligeshtoj_V	V	ligështoj			Albanet/OMW	wns/als/wn-data-als.tab	imported_unreviewed			pos_from_wordnet
limoj_V	V	limoj			Albanet/OMW	wns/als/wn-data-als.tab	imported_unreviewed			pos_from_wordnet
lind_V	V	lind			Albanet/OMW	wns/als/wn-data-als.tab	imported_unreviewed			pos_from_wordnet
lindje_V	V	lindje			Albanet/OMW	wns/als/wn-data-als.tab	imported_unreviewed			pos_from_wordnet
liroj_V	V	liroj			Albanet/OMW	wns/als/wn-data-als.tab	imported_unreviewed			pos_from_wordnet
llafe_V	V	llafe			Albanet/OMW	wns/als/wn-data-als.tab	imported_unreviewed			pos_from_wordnet
llastoj_V	V	llastoj			Albanet/OMW	wns/als/wn-data-als.tab	imported_unreviewed			pos_from_wordnet
llogaris_V	V	llogaris			Albanet/OMW	wns/als/wn-data-als.tab	imported_unreviewed			pos_from_wordnet
llogaritje_V	V	llogaritje			Albanet/OMW	wns/als/wn-data-als.tab	imported_unreviewed			pos_from_wordnet
llokocit_V	V	llokoçit			Albanet/OMW	wns/als/wn-data-als.tab	imported_unreviewed			pos_from_wordnet
llomotis_V	V	llomotis			Albanet/OMW	wns/als/wn-data-als.tab	imported_unreviewed			pos_from_wordnet
llomotitje_V	V	llomotitje			Albanet/OMW	wns/als/wn-data-als.tab	imported_unreviewed			pos_from_wordnet
lodhje_V	V	lodhje			Albanet/OMW	wns/als/wn-data-als.tab	imported_unreviewed			pos_from_wordnet
loje_V	V	loje			Albanet/OMW	wns/als/wn-data-als.tab	imported_unreviewed			pos_from_wordnet
lokalizoj_V	V	lokalizoj			Albanet/OMW	wns/als/wn-data-als.tab	imported_unreviewed			pos_from_wordnet
lotim_V	V	lotim			Albanet/OMW	wns/als/wn-data-als.tab	imported_unreviewed			pos_from_wordnet
lotoj_V	V	lotoj			Albanet/OMW	wns/als/wn-data-als.tab	imported_unreviewed			pos_from_wordnet
love_V	V	love			Albanet/OMW	wns/als/wn-data-als.tab	imported_unreviewed			pos_from_wordnet
luaj_V	V	luaj			Albanet/OMW | Baseline LexiconSqi	wns/als/wn-data-als.tab | play_V	baseline_lexicon_exact	play_V		lexicon_sqi_exact,pos_from_wordnet
luaj_kumar_V	V	luaj kumar			Albanet/OMW	wns/als/wn-data-als.tab	imported_unreviewed			multiword,pos_from_wordnet
luan_V	V	luan			Albanet/OMW	wns/als/wn-data-als.tab	imported_unreviewed			pos_from_wordnet
lufte_V	V	lufte			Albanet/OMW	wns/als/wn-data-als.tab	imported_unreviewed			pos_from_wordnet
luftim_V	V	luftim			Albanet/OMW	wns/als/wn-data-als.tab	imported_unreviewed			pos_from_wordnet
luftoj_V	V	luftoj			Albanet/OMW	wns/als/wn-data-als.tab	imported_unreviewed			pos_from_wordnet
lulezim_V	V	lulëzim			Albanet/OMW	wns/als/wn-data-als.tab	imported_unreviewed			pos_from_wordnet
lulezoj_V	V	lulëzoj			Albanet/OMW	wns/als/wn-data-als.tab	imported_unreviewed			pos_from_wordnet
luster_V	V	lustër			Albanet/OMW	wns/als/wn-data-als.tab	imported_unreviewed			pos_from_wordnet
lutje_V	V	lutje			Albanet/OMW	wns/als/wn-data-als.tab	imported_unreviewed			pos_from_wordnet
luzme_V	V	luzmë			Albanet/OMW	wns/als/wn-data-als.tab	imported_unreviewed			pos_from_wordnet
lyej_V	V	lyej			Albanet/OMW	wns/als/wn-data-als.tab	imported_unreviewed			pos_from_wordnet
le_V__2	V	lë			Albanet/OMW	wns/als/wn-data-als.tab	imported_unreviewed			pos_from_wordnet
le_diku_V	V	lë diku			Albanet/OMW	wns/als/wn-data-als.tab	imported_unreviewed			multiword,pos_from_wordnet
le_gjurme_V	V	lë gjurmë			Albanet/OMW	wns/als/wn-data-als.tab	imported_unreviewed			multiword,pos_from_wordnet
le_me_bar_V	V	lë me bar			Albanet/OMW	wns/als/wn-data-als.tab	imported_unreviewed			multiword,pos_from_wordnet
le_me_mirebesim_V	V	lë me mirëbesim			Albanet/OMW	wns/als/wn-data-als.tab	imported_unreviewed			multiword,pos_from_wordnet
le_menjane_V	V	lë mënjanë			Albanet/OMW	wns/als/wn-data-als.tab	imported_unreviewed			multiword,pos_from_wordnet
le_ne_ngarkim_V	V	lë në ngarkim			Albanet/OMW	wns/als/wn-data-als.tab	imported_unreviewed			multiword,pos_from_wordnet
le_pezull_V	V	lë pezull			Albanet/OMW	wns/als/wn-data-als.tab	imported_unreviewed			multiword,pos_from_wordnet
le_trashegim_V	V	lë trashëgim			Albanet/OMW	wns/als/wn-data-als.tab	imported_unreviewed			multiword,pos_from_wordnet
le_te_hyj_V	V	lë të hyj			Albanet/OMW	wns/als/wn-data-als.tab	imported_unreviewed			multiword,pos_from_wordnet
lekund_V	V	lëkund			Albanet/OMW	wns/als/wn-data-als.tab	imported_unreviewed			pos_from_wordnet
lekundje_V	V	lëkundje			Albanet/OMW	wns/als/wn-data-als.tab	imported_unreviewed			pos_from_wordnet
lekure_gjarpri_V	V	lëkurë gjarpri			Albanet/OMW	wns/als/wn-data-als.tab	imported_unreviewed			multiword,pos_from_wordnet
lendim_V	V	Lëndim			Albanet/OMW	wns/als/wn-data-als.tab	imported_unreviewed			case_marked,pos_from_wordnet
lendim_V__2	V	lëndim			Albanet/OMW	wns/als/wn-data-als.tab	imported_unreviewed			pos_from_wordnet
leng_barishtesh_V	V	lëng barishtesh			Albanet/OMW	wns/als/wn-data-als.tab	imported_unreviewed			multiword,pos_from_wordnet
lenie_peng_V	V	lënie peng			Albanet/OMW	wns/als/wn-data-als.tab	imported_unreviewed			multiword,pos_from_wordnet
leshim_V	V	lëshim			Albanet/OMW	wns/als/wn-data-als.tab	imported_unreviewed			pos_from_wordnet
leshohem_V	V	lëshohem			Albanet/OMW	wns/als/wn-data-als.tab	imported_unreviewed			pos_from_wordnet
leshoj_V	V	lëshoj			Albanet/OMW	wns/als/wn-data-als.tab	imported_unreviewed			pos_from_wordnet
leviz_V	V	lëviz			Albanet/OMW	wns/als/wn-data-als.tab	imported_unreviewed			pos_from_wordnet
leviz_ngadale_V	V	lëviz ngadalë			Albanet/OMW	wns/als/wn-data-als.tab	imported_unreviewed			multiword,pos_from_wordnet
leviz_para_mbrapa_V	V	lëviz para mbrapa			Albanet/OMW	wns/als/wn-data-als.tab	imported_unreviewed			multiword,pos_from_wordnet
levizje_V	V	lëvizje			Albanet/OMW	wns/als/wn-data-als.tab	imported_unreviewed			pos_from_wordnet
levizje_e_ngadalte_V	V	lëvizje e ngadaltë			Albanet/OMW	wns/als/wn-data-als.tab	imported_unreviewed			multiword,pos_from_wordnet
levizje_e_panderprere_V	V	lëvizje e pandërprerë			Albanet/OMW	wns/als/wn-data-als.tab	imported_unreviewed			multiword,pos_from_wordnet
levizje_e_pavullnetshme_V	V	lëvizje e pavullnetshme			Albanet/OMW	wns/als/wn-data-als.tab	imported_unreviewed			multiword,pos_from_wordnet
levizje_e_shpejte_V	V	lëvizje e shpejtë			Albanet/OMW	wns/als/wn-data-als.tab	imported_unreviewed			multiword,pos_from_wordnet
levizje_perpara_V	V	lëvizje përpara			Albanet/OMW	wns/als/wn-data-als.tab	imported_unreviewed			multiword,pos_from_wordnet
levizje_refleksive_V	V	lëvizje refleksive			Albanet/OMW	wns/als/wn-data-als.tab	imported_unreviewed			multiword,pos_from_wordnet
make_love_V	V	make love			Albanet/OMW	wns/als/wn-data-als.tab	imported_unreviewed			multiword,pos_from_wordnet
make_out_V	V	make out			Albanet/OMW	wns/als/wn-data-als.tab	imported_unreviewed			multiword,pos_from_wordnet
makiazh_V	V	makiazh			Albanet/OMW	wns/als/wn-data-als.tab	imported_unreviewed			pos_from_wordnet
makine_V	V	makinë			Albanet/OMW	wns/als/wn-data-als.tab	imported_unreviewed			pos_from_wordnet
mallra_V	V	mallra			Albanet/OMW	wns/als/wn-data-als.tab	imported_unreviewed			pos_from_wordnet
manipuloj_V	V	manipuloj			Albanet/OMW	wns/als/wn-data-als.tab	imported_unreviewed			pos_from_wordnet
manover_V	V	manovër			Albanet/OMW	wns/als/wn-data-als.tab	imported_unreviewed			pos_from_wordnet
marr_V	V	marr			Albanet/OMW	wns/als/wn-data-als.tab	imported_unreviewed			pos_from_wordnet
marr_arratine_V	V	marr arratinë			Albanet/OMW	wns/als/wn-data-als.tab	imported_unreviewed			multiword,pos_from_wordnet
marr_ere_V	V	marr erë			Albanet/OMW	wns/als/wn-data-als.tab	imported_unreviewed			multiword,pos_from_wordnet
marr_hua_V	V	marr hua			Albanet/OMW	wns/als/wn-data-als.tab	imported_unreviewed			multiword,pos_from_wordnet
marr_mbrapsht_V	V	marr mbrapsht			Albanet/OMW	wns/als/wn-data-als.tab	imported_unreviewed			multiword,pos_from_wordnet
marr_me_mend_V	V	marr me mend			Albanet/OMW	wns/als/wn-data-als.tab	imported_unreviewed			multiword,pos_from_wordnet
marr_me_qera_V	V	marr me qera			Albanet/OMW	wns/als/wn-data-als.tab	imported_unreviewed			multiword,pos_from_wordnet
marr_me_te_mire_V	V	marr me të mirë			Albanet/OMW	wns/als/wn-data-als.tab	imported_unreviewed			multiword,pos_from_wordnet
marr_me_vete_V	V	marr me vete			Albanet/OMW	wns/als/wn-data-als.tab	imported_unreviewed			multiword,pos_from_wordnet
marr_ne_foto_V	V	marr në foto			Albanet/OMW	wns/als/wn-data-als.tab	imported_unreviewed			multiword,pos_from_wordnet
marr_ne_konsiderate_V	V	marr në konsideratë			Albanet/OMW	wns/als/wn-data-als.tab	imported_unreviewed			multiword,pos_from_wordnet
marr_ne_telefon_V	V	marr në telefon			Albanet/OMW	wns/als/wn-data-als.tab	imported_unreviewed			multiword,pos_from_wordnet
marr_parasysh_V	V	marr parasysh			Albanet/OMW	wns/als/wn-data-als.tab	imported_unreviewed			multiword,pos_from_wordnet
marr_pjese_V	V	marr pjesë			Albanet/OMW	wns/als/wn-data-als.tab	imported_unreviewed			multiword,pos_from_wordnet
marr_pjesen_V	V	marr pjesën			Albanet/OMW	wns/als/wn-data-als.tab	imported_unreviewed			multiword,pos_from_wordnet
marr_sherbimin_V	V	marr shërbimin			Albanet/OMW	wns/als/wn-data-als.tab	imported_unreviewed			multiword,pos_from_wordnet
marr_si_te_vertete_V	V	marr si të vërtetë			Albanet/OMW	wns/als/wn-data-als.tab	imported_unreviewed			multiword,pos_from_wordnet
marr_vesh_V	V	marr vesh			Albanet/OMW	wns/als/wn-data-als.tab	imported_unreviewed			multiword,pos_from_wordnet
marramendje_V	V	marramendje			Albanet/OMW	wns/als/wn-data-als.tab	imported_unreviewed			pos_from_wordnet
marreveshje_V	V	marrëveshje			Albanet/OMW	wns/als/wn-data-als.tab	imported_unreviewed			pos_from_wordnet
marrezira_V	V	marrëzira			Albanet/OMW	wns/als/wn-data-als.tab	imported_unreviewed			pos_from_wordnet
marshim_V	V	marshim			Albanet/OMW	wns/als/wn-data-als.tab	imported_unreviewed			pos_from_wordnet
martohem_V	V	martohem			Albanet/OMW	wns/als/wn-data-als.tab	imported_unreviewed			pos_from_wordnet
mas_V	V	mas			Albanet/OMW	wns/als/wn-data-als.tab	imported_unreviewed			pos_from_wordnet
mas_kohen_V	V	mas kohën			Albanet/OMW	wns/als/wn-data-als.tab	imported_unreviewed			multiword,pos_from_wordnet
masakroj_V	V	masakroj			Albanet/OMW	wns/als/wn-data-als.tab	imported_unreviewed			pos_from_wordnet
mashtrim_V	V	mashtrim			Albanet/OMW	wns/als/wn-data-als.tab	imported_unreviewed			pos_from_wordnet
mashtroj_V	V	mashtroj			Albanet/OMW	wns/als/wn-data-als.tab	imported_unreviewed			pos_from_wordnet
mashtrues_V	V	mashtrues			Albanet/OMW	wns/als/wn-data-als.tab	imported_unreviewed			pos_from_wordnet
maskim_V	V	maskim			Albanet/OMW	wns/als/wn-data-als.tab	imported_unreviewed			pos_from_wordnet
maskoj_V	V	maskoj			Albanet/OMW	wns/als/wn-data-als.tab	imported_unreviewed			pos_from_wordnet
mat_V	V	mat			Albanet/OMW	wns/als/wn-data-als.tab	imported_unreviewed			pos_from_wordnet
matje_V	V	matje			Albanet/OMW	wns/als/wn-data-als.tab	imported_unreviewed			pos_from_wordnet
maturohem_V	V	maturohem			Albanet/OMW	wns/als/wn-data-als.tab	imported_unreviewed			pos_from_wordnet
mbahem_V	V	mbahem			Albanet/OMW	wns/als/wn-data-als.tab	imported_unreviewed			pos_from_wordnet
mbahem_gjalle_V	V	mbahem gjallë			Albanet/OMW	wns/als/wn-data-als.tab	imported_unreviewed			multiword,pos_from_wordnet
mbaj_V	V	mbaj			Albanet/OMW	wns/als/wn-data-als.tab	imported_unreviewed			pos_from_wordnet
mbaj_lidhur_V	V	mbaj lidhur			Albanet/OMW	wns/als/wn-data-als.tab	imported_unreviewed			multiword,pos_from_wordnet
mbaj_me_vete_V	V	mbaj me vete			Albanet/OMW	wns/als/wn-data-als.tab	imported_unreviewed			multiword,pos_from_wordnet
mbaj_mend_V	V	mbaj mend			Albanet/OMW	wns/als/wn-data-als.tab	imported_unreviewed			multiword,pos_from_wordnet
mbaj_ne_kembe_V	V	mbaj ne kembe			Albanet/OMW	wns/als/wn-data-als.tab	imported_unreviewed			multiword,pos_from_wordnet
mbaj_nje_leksion_V	V	mbaj një leksion			Albanet/OMW	wns/als/wn-data-als.tab	imported_unreviewed			multiword,pos_from_wordnet
mbaj_nen_fre_V	V	mbaj nën fre			Albanet/OMW	wns/als/wn-data-als.tab	imported_unreviewed			multiword,pos_from_wordnet
mbaj_revole_V	V	mbaj revole			Albanet/OMW	wns/als/wn-data-als.tab	imported_unreviewed			multiword,pos_from_wordnet
mbaj_shoqeri_V	V	mbaj shoqëri			Albanet/OMW	wns/als/wn-data-als.tab	imported_unreviewed			multiword,pos_from_wordnet
mbaj_shenim_V	V	mbaj shënim			Albanet/OMW	wns/als/wn-data-als.tab	imported_unreviewed			multiword,pos_from_wordnet
mbaj_te_fshehte_V	V	mbaj të fshehtë			Albanet/OMW	wns/als/wn-data-als.tab	imported_unreviewed			multiword,pos_from_wordnet
mbajtje_V	V	mbajtje			Albanet/OMW	wns/als/wn-data-als.tab	imported_unreviewed			pos_from_wordnet
mbajtese_V	V	mbajtëse			Albanet/OMW	wns/als/wn-data-als.tab	imported_unreviewed			pos_from_wordnet
mban_V	V	mban			Albanet/OMW	wns/als/wn-data-als.tab	imported_unreviewed			pos_from_wordnet
mbante_V	V	mbante			Albanet/OMW	wns/als/wn-data-als.tab	imported_unreviewed			pos_from_wordnet
mbaroj_V	V	mbaroj			Albanet/OMW	wns/als/wn-data-als.tab	imported_unreviewed			pos_from_wordnet
mbart_V	V	mbart			Albanet/OMW	wns/als/wn-data-als.tab	imported_unreviewed			pos_from_wordnet
mbath_V	V	mbath			Albanet/OMW	wns/als/wn-data-als.tab	imported_unreviewed			pos_from_wordnet
mberthej_V	V	mberthej			Albanet/OMW	wns/als/wn-data-als.tab	imported_unreviewed			pos_from_wordnet
mbetem_V	V	mbetem			Albanet/OMW	wns/als/wn-data-als.tab	imported_unreviewed			pos_from_wordnet
mbi_toke_V	V	mbi tokë			Albanet/OMW	wns/als/wn-data-als.tab	imported_unreviewed			multiword,pos_from_wordnet
mbijetoj_V	V	mbijetoj			Albanet/OMW	wns/als/wn-data-als.tab	imported_unreviewed			pos_from_wordnet
mbitendosje_V	V	mbitendosje			Albanet/OMW	wns/als/wn-data-als.tab	imported_unreviewed			pos_from_wordnet
mbiujes_V	V	mbiujës			Albanet/OMW	wns/als/wn-data-als.tab	imported_unreviewed			pos_from_wordnet
mbizoteroj_V	V	mbizotëroj			Albanet/OMW	wns/als/wn-data-als.tab	imported_unreviewed			pos_from_wordnet
mbjell_V	V	mbjell			Albanet/OMW	wns/als/wn-data-als.tab	imported_unreviewed			pos_from_wordnet
mbledh_V	V	mbledh			Albanet/OMW	wns/als/wn-data-als.tab	imported_unreviewed			pos_from_wordnet
mblidhem_V	V	mblidhem			Albanet/OMW	wns/als/wn-data-als.tab	imported_unreviewed			pos_from_wordnet
mblidhemi_bashke_V	V	mblidhemi bashkë			Albanet/OMW	wns/als/wn-data-als.tab	imported_unreviewed			multiword,pos_from_wordnet
mblidhen_V	V	mblidhen			Albanet/OMW	wns/als/wn-data-als.tab	imported_unreviewed			pos_from_wordnet
mbllacit_V	V	mbllaçit			Albanet/OMW	wns/als/wn-data-als.tab	imported_unreviewed			pos_from_wordnet
mbroj_V	V	mbroj			Albanet/OMW	wns/als/wn-data-als.tab	imported_unreviewed			pos_from_wordnet
mbulese_V	V	mbulesë			Albanet/OMW	wns/als/wn-data-als.tab	imported_unreviewed			pos_from_wordnet
mbulim_V	V	mbulim			Albanet/OMW	wns/als/wn-data-als.tab	imported_unreviewed			pos_from_wordnet
mbuloj_V	V	mbuloj			Albanet/OMW	wns/als/wn-data-als.tab	imported_unreviewed			pos_from_wordnet
mbuluar_me_mjegull_V	V	mbuluar me mjegull			Albanet/OMW	wns/als/wn-data-als.tab	imported_unreviewed			multiword,pos_from_wordnet
mburr_V	V	mburr			Albanet/OMW	wns/als/wn-data-als.tab	imported_unreviewed			pos_from_wordnet
mbush_V	V	mbush			Albanet/OMW	wns/als/wn-data-als.tab	imported_unreviewed			pos_from_wordnet
mbush_me_ajer_V	V	mbush me ajër			Albanet/OMW	wns/als/wn-data-als.tab	imported_unreviewed			multiword,pos_from_wordnet
mbush_me_gezim_V	V	mbush me gëzim			Albanet/OMW	wns/als/wn-data-als.tab	imported_unreviewed			multiword,pos_from_wordnet
mbush_mendjen_V	V	mbush mendjen			Albanet/OMW	wns/als/wn-data-als.tab	imported_unreviewed			multiword,pos_from_wordnet
mbush_mendjen_V__2	V	mbush mëndjen			Albanet/OMW	wns/als/wn-data-als.tab	imported_unreviewed			multiword,pos_from_wordnet
mbush_plot_V	V	mbush plot			Albanet/OMW	wns/als/wn-data-als.tab	imported_unreviewed			multiword,pos_from_wordnet
mbushje_V	V	mbushje			Albanet/OMW	wns/als/wn-data-als.tab	imported_unreviewed			pos_from_wordnet
mbyll_V	V	mbyll			Albanet/OMW	wns/als/wn-data-als.tab	imported_unreviewed			pos_from_wordnet
mbyll_brenda_V	V	mbyll brenda			Albanet/OMW	wns/als/wn-data-als.tab	imported_unreviewed			multiword,pos_from_wordnet
mbyt_V	V	mbyt			Albanet/OMW	wns/als/wn-data-als.tab	imported_unreviewed			pos_from_wordnet
mbytem_V	V	mbytem			Albanet/OMW	wns/als/wn-data-als.tab	imported_unreviewed			pos_from_wordnet
mberthej_V__2	V	mbërthej			Albanet/OMW	wns/als/wn-data-als.tab	imported_unreviewed			pos_from_wordnet
mberthej_me_dhembe_V	V	mbërthej me dhëmbë			Albanet/OMW	wns/als/wn-data-als.tab	imported_unreviewed			multiword,pos_from_wordnet
mbeshtes_V	V	mbështes			Albanet/OMW	wns/als/wn-data-als.tab	imported_unreviewed			pos_from_wordnet
mbeshtetem_V	V	mbështetem			Albanet/OMW	wns/als/wn-data-als.tab	imported_unreviewed			pos_from_wordnet
mbeshtetje_V	V	mbështetje			Albanet/OMW	wns/als/wn-data-als.tab	imported_unreviewed			pos_from_wordnet
mbeshtetes_V	V	mbështetës			Albanet/OMW	wns/als/wn-data-als.tab	imported_unreviewed			pos_from_wordnet
mbeshtjell_V	V	mbështjell			Albanet/OMW	wns/als/wn-data-als.tab	imported_unreviewed			pos_from_wordnet
mbeshtjelle_V	V	mbështjellë			Albanet/OMW	wns/als/wn-data-als.tab	imported_unreviewed			pos_from_wordnet
meditoj_V	V	meditoj			Albanet/OMW	wns/als/wn-data-als.tab	imported_unreviewed			pos_from_wordnet
mendje_V	V	mendje			Albanet/OMW	wns/als/wn-data-als.tab	imported_unreviewed			pos_from_wordnet
mendo_V	V	mendo			Albanet/OMW	wns/als/wn-data-als.tab	imported_unreviewed			pos_from_wordnet
mendoj_V	V	mendoj			Albanet/OMW | Baseline LexiconSqi	wns/als/wn-data-als.tab | think_V	baseline_lexicon_exact	think_V		lexicon_sqi_exact,pos_from_wordnet
mendoj_per_V	V	mendoj për			Albanet/OMW	wns/als/wn-data-als.tab	imported_unreviewed			multiword,pos_from_wordnet
mendoj_thelle_V	V	mendoj thellë			Albanet/OMW	wns/als/wn-data-als.tab	imported_unreviewed			multiword,pos_from_wordnet
meritoj_V	V	meritoj			Albanet/OMW	wns/als/wn-data-als.tab	imported_unreviewed			pos_from_wordnet
merr_V	V	merr			Albanet/OMW	wns/als/wn-data-als.tab	imported_unreviewed			pos_from_wordnet
merr_flake_V	V	merr flakë			Albanet/OMW	wns/als/wn-data-als.tab	imported_unreviewed			multiword,pos_from_wordnet
merr_fund_V	V	merr fund			Albanet/OMW	wns/als/wn-data-als.tab	imported_unreviewed			multiword,pos_from_wordnet
merr_zjarr_V	V	merr zjarr			Albanet/OMW	wns/als/wn-data-als.tab	imported_unreviewed			multiword,pos_from_wordnet
metro_V	V	metro			Albanet/OMW	wns/als/wn-data-als.tab	imported_unreviewed			pos_from_wordnet
miniere_V	V	minierë			Albanet/OMW	wns/als/wn-data-als.tab	imported_unreviewed			pos_from_wordnet
minimizoj_V	V	minimizoj			Albanet/OMW	wns/als/wn-data-als.tab	imported_unreviewed			pos_from_wordnet
miratim_V	V	miratim			Albanet/OMW	wns/als/wn-data-als.tab	imported_unreviewed			pos_from_wordnet
miratoj_V	V	miratoj			Albanet/OMW	wns/als/wn-data-als.tab	imported_unreviewed			pos_from_wordnet
mite_V	V	mitë			Albanet/OMW	wns/als/wn-data-als.tab	imported_unreviewed			pos_from_wordnet
mizeri_V	V	mizëri			Albanet/OMW	wns/als/wn-data-als.tab	imported_unreviewed			pos_from_wordnet
mjafton_V	V	mjafton			Albanet/OMW	wns/als/wn-data-als.tab	imported_unreviewed			pos_from_wordnet
mjaftueshme_V	V	mjaftueshme			Albanet/OMW	wns/als/wn-data-als.tab	imported_unreviewed			pos_from_wordnet
mjegullire_V	V	mjegullirë			Albanet/OMW	wns/als/wn-data-als.tab	imported_unreviewed			pos_from_wordnet
mobilim_V	V	mobilim			Albanet/OMW	wns/als/wn-data-als.tab	imported_unreviewed			pos_from_wordnet
model_V	V	model			Albanet/OMW	wns/als/wn-data-als.tab	imported_unreviewed			pos_from_wordnet
modifikoj_V	V	modifikoj			Albanet/OMW	wns/als/wn-data-als.tab	imported_unreviewed			pos_from_wordnet
mohoj_V	V	mohoj			Albanet/OMW	wns/als/wn-data-als.tab	imported_unreviewed			pos_from_wordnet
mos_kapje_V	V	mos kapje			Albanet/OMW	wns/als/wn-data-als.tab	imported_unreviewed			multiword,pos_from_wordnet
mosperputhje_mendimesh_V	V	mospërputhje mendimesh			Albanet/OMW	wns/als/wn-data-als.tab	imported_unreviewed			multiword,pos_from_wordnet
motociklete_V	V	motoçikletë			Albanet/OMW	wns/als/wn-data-als.tab	imported_unreviewed			pos_from_wordnet
mpihem_V	V	mpihem			Albanet/OMW	wns/als/wn-data-als.tab	imported_unreviewed			pos_from_wordnet
mpiks_V	V	mpiks			Albanet/OMW	wns/als/wn-data-als.tab	imported_unreviewed			pos_from_wordnet
mufatet_V	V	mufatet			Albanet/OMW	wns/als/wn-data-als.tab	imported_unreviewed			pos_from_wordnet
muhabet_V	V	muhabet			Albanet/OMW	wns/als/wn-data-als.tab	imported_unreviewed			pos_from_wordnet
mundim_V	V	mundim			Albanet/OMW	wns/als/wn-data-als.tab	imported_unreviewed			pos_from_wordnet
mundohem_V	V	mundohem			Albanet/OMW	wns/als/wn-data-als.tab	imported_unreviewed			pos_from_wordnet
mundoj_V	V	mundoj			Albanet/OMW	wns/als/wn-data-als.tab	imported_unreviewed			pos_from_wordnet
mundesi_V	V	mundësi			Albanet/OMW	wns/als/wn-data-als.tab	imported_unreviewed			pos_from_wordnet
mungese_V	V	mungesë			Albanet/OMW	wns/als/wn-data-als.tab	imported_unreviewed			pos_from_wordnet
murmurij_V	V	murmurij			Albanet/OMW	wns/als/wn-data-als.tab	imported_unreviewed			pos_from_wordnet
murmurime_V	V	murmurimë			Albanet/OMW	wns/als/wn-data-als.tab	imported_unreviewed			pos_from_wordnet
murmuritje_V	V	murmuritje			Albanet/OMW	wns/als/wn-data-als.tab	imported_unreviewed			pos_from_wordnet
me_kap_veshi_V	V	më kap veshi			Albanet/OMW	wns/als/wn-data-als.tab	imported_unreviewed			multiword,pos_from_wordnet
me_mire_V	V	më mirë			Albanet/OMW	wns/als/wn-data-als.tab	imported_unreviewed			multiword,pos_from_wordnet
me_shkon_V	V	më shkon			Albanet/OMW	wns/als/wn-data-als.tab	imported_unreviewed			multiword,pos_from_wordnet
me_vete_V	V	më vete			Albanet/OMW	wns/als/wn-data-als.tab	imported_unreviewed			multiword,pos_from_wordnet
menjanohem_V	V	mënjanohem			Albanet/OMW	wns/als/wn-data-als.tab	imported_unreviewed			pos_from_wordnet
menjanoj_V	V	mënjanoj			Albanet/OMW	wns/als/wn-data-als.tab	imported_unreviewed			pos_from_wordnet
menjane_bej_menjane_V	V	mënjanë,bej mënjanë			Albanet/OMW	wns/als/wn-data-als.tab	imported_unreviewed			multiword,pos_from_wordnet,punctuation
menyre_te_ecuri_V	V	mënyrë të ecuri			Albanet/OMW	wns/als/wn-data-als.tab	imported_unreviewed			multiword,pos_from_wordnet
merzit_V	V	mërzit			Albanet/OMW	wns/als/wn-data-als.tab	imported_unreviewed			pos_from_wordnet
mesohem_V	V	mësohem			Albanet/OMW	wns/als/wn-data-als.tab	imported_unreviewed			pos_from_wordnet
mesoj_V	V	mësoj			Albanet/OMW	wns/als/wn-data-als.tab	imported_unreviewed			pos_from_wordnet
ndahen_V	V	ndahen			Albanet/OMW	wns/als/wn-data-als.tab	imported_unreviewed			pos_from_wordnet
ndahet_V	V	ndahet			Albanet/OMW	wns/als/wn-data-als.tab	imported_unreviewed			pos_from_wordnet
ndaj_V	V	ndaj			Albanet/OMW	wns/als/wn-data-als.tab	imported_unreviewed			pos_from_wordnet
ndaj_me_mase_V	V	ndaj me masë			Albanet/OMW	wns/als/wn-data-als.tab	imported_unreviewed			multiword,pos_from_wordnet
ndaj_me_vije_V	V	ndaj me vijë			Albanet/OMW	wns/als/wn-data-als.tab	imported_unreviewed			multiword,pos_from_wordnet
ndaj_menjane_V	V	ndaj mënjanë			Albanet/OMW	wns/als/wn-data-als.tab	imported_unreviewed			multiword,pos_from_wordnet
ndaj_ne_pjese_V	V	ndaj në pjesë			Albanet/OMW	wns/als/wn-data-als.tab	imported_unreviewed			multiword,pos_from_wordnet
ndajshtese_V	V	ndajshtesë			Albanet/OMW	wns/als/wn-data-als.tab	imported_unreviewed			pos_from_wordnet
ndal_V	V	ndal			Albanet/OMW	wns/als/wn-data-als.tab	imported_unreviewed			pos_from_wordnet
ndalem_V	V	ndalem			Albanet/OMW | Baseline LexiconSqi	wns/als/wn-data-als.tab | stop_V	baseline_lexicon_exact	stop_V		lexicon_sqi_exact,pos_from_wordnet
ndalese_V	V	ndalesë			Albanet/OMW	wns/als/wn-data-als.tab	imported_unreviewed			pos_from_wordnet
ndalim_V	V	ndalim			Albanet/OMW	wns/als/wn-data-als.tab	imported_unreviewed			pos_from_wordnet
ndaloj_V	V	ndaloj			Albanet/OMW	wns/als/wn-data-als.tab	imported_unreviewed			pos_from_wordnet
ndarje_V	V	ndarje			Albanet/OMW	wns/als/wn-data-als.tab	imported_unreviewed			pos_from_wordnet
ndenjur_V	V	ndenjur			Albanet/OMW	wns/als/wn-data-als.tab	imported_unreviewed			pos_from_wordnet
ndenjese_V	V	ndenjëse			Albanet/OMW	wns/als/wn-data-als.tab	imported_unreviewed			pos_from_wordnet
nderoj_V	V	nderoj			Albanet/OMW	wns/als/wn-data-als.tab	imported_unreviewed			pos_from_wordnet
ndesh_V	V	ndesh			Albanet/OMW	wns/als/wn-data-als.tab	imported_unreviewed			pos_from_wordnet
ndeshem_V	V	ndeshem			Albanet/OMW	wns/als/wn-data-als.tab	imported_unreviewed			pos_from_wordnet
ndeshem_me_V	V	ndeshem me			Albanet/OMW	wns/als/wn-data-als.tab	imported_unreviewed			multiword,pos_from_wordnet
ndez_V	V	ndez			Albanet/OMW	wns/als/wn-data-als.tab	imported_unreviewed			pos_from_wordnet
ndihme_V	V	ndihme			Albanet/OMW	wns/als/wn-data-als.tab	imported_unreviewed			pos_from_wordnet
ndihmoj_V	V	ndihmoj			Albanet/OMW	wns/als/wn-data-als.tab	imported_unreviewed			pos_from_wordnet
ndihmon_V	V	ndihmon			Albanet/OMW	wns/als/wn-data-als.tab	imported_unreviewed			pos_from_wordnet
ndihmes_V	V	ndihmës			Albanet/OMW	wns/als/wn-data-als.tab	imported_unreviewed			pos_from_wordnet
ndikim_V	V	ndikim			Albanet/OMW	wns/als/wn-data-als.tab	imported_unreviewed			pos_from_wordnet
ndikoj_V	V	ndikoj			Albanet/OMW	wns/als/wn-data-als.tab	imported_unreviewed			pos_from_wordnet
ndikon_V	V	ndikon			Albanet/OMW	wns/als/wn-data-als.tab	imported_unreviewed			pos_from_wordnet
ndjek_V	V	ndjek			Albanet/OMW	wns/als/wn-data-als.tab	imported_unreviewed			pos_from_wordnet
ndjekje_V	V	ndjekje			Albanet/OMW	wns/als/wn-data-als.tab	imported_unreviewed			pos_from_wordnet
ndjenja_V	V	ndjenja			Albanet/OMW	wns/als/wn-data-als.tab	imported_unreviewed			pos_from_wordnet
ndodh_V	V	ndodh			Albanet/OMW	wns/als/wn-data-als.tab	imported_unreviewed			pos_from_wordnet
ndodhem_V	V	ndodhem			Albanet/OMW	wns/als/wn-data-als.tab	imported_unreviewed			pos_from_wordnet
ndodhen_V	V	ndodhen			Albanet/OMW	wns/als/wn-data-als.tab	imported_unreviewed			pos_from_wordnet
ndreq_V	V	ndreq			Albanet/OMW	wns/als/wn-data-als.tab	imported_unreviewed			pos_from_wordnet
ndricim_V	V	ndriçim			Albanet/OMW	wns/als/wn-data-als.tab	imported_unreviewed			pos_from_wordnet
ndricoj_V	V	ndriçoj			Albanet/OMW	wns/als/wn-data-als.tab	imported_unreviewed			pos_from_wordnet
ndricon_V	V	ndriçon			Albanet/OMW	wns/als/wn-data-als.tab	imported_unreviewed			pos_from_wordnet
ndryshim_V	V	ndryshim			Albanet/OMW	wns/als/wn-data-als.tab	imported_unreviewed			pos_from_wordnet
ndryshim_i_integruar_V	V	ndryshim i integruar			Albanet/OMW	wns/als/wn-data-als.tab	imported_unreviewed			multiword,pos_from_wordnet
ndryshim_sjellje_V	V	ndryshim sjellje			Albanet/OMW	wns/als/wn-data-als.tab	imported_unreviewed			multiword,pos_from_wordnet
ndryshim_vendi_V	V	ndryshim vendi			Albanet/OMW	wns/als/wn-data-als.tab	imported_unreviewed			multiword,pos_from_wordnet
ndryshoj_V	V	ndryshoj			Albanet/OMW	wns/als/wn-data-als.tab	imported_unreviewed			pos_from_wordnet
ndryshoj_forme_V	V	ndryshoj formë			Albanet/OMW	wns/als/wn-data-als.tab	imported_unreviewed			multiword,pos_from_wordnet
ndryshoj_formen_V	V	ndryshoj formën			Albanet/OMW	wns/als/wn-data-als.tab	imported_unreviewed			multiword,pos_from_wordnet
ndryshoj_gjendje_V	V	ndryshoj gjendje			Albanet/OMW	wns/als/wn-data-als.tab	imported_unreviewed			multiword,pos_from_wordnet
ndryshoj_madhesine_V	V	ndryshoj madhësinë			Albanet/OMW	wns/als/wn-data-als.tab	imported_unreviewed			multiword,pos_from_wordnet
ndryshoj_pamjen_e_jashtme_V	V	ndryshoj pamjen e jashtme			Albanet/OMW	wns/als/wn-data-als.tab	imported_unreviewed			multiword,pos_from_wordnet
ndryshoj_trajte_V	V	ndryshoj trajtë			Albanet/OMW	wns/als/wn-data-als.tab	imported_unreviewed			multiword,pos_from_wordnet
ndyj_V	V	ndyj			Albanet/OMW	wns/als/wn-data-als.tab	imported_unreviewed			pos_from_wordnet
ndermarr_V	V	ndërmarr			Albanet/OMW	wns/als/wn-data-als.tab	imported_unreviewed			pos_from_wordnet
nderpres_V	V	ndërpres			Albanet/OMW	wns/als/wn-data-als.tab	imported_unreviewed			pos_from_wordnet
nderrim_i_puplave_V	V	ndërrim i puplave			Albanet/OMW	wns/als/wn-data-als.tab	imported_unreviewed			multiword,pos_from_wordnet
nderrohem_V	V	ndërrohem			Albanet/OMW	wns/als/wn-data-als.tab	imported_unreviewed			pos_from_wordnet
nderroj_V	V	ndërroj			Albanet/OMW	wns/als/wn-data-als.tab	imported_unreviewed			pos_from_wordnet
nderroj_drejtim_V	V	ndërroj drejtim			Albanet/OMW	wns/als/wn-data-als.tab	imported_unreviewed			multiword,pos_from_wordnet
nderron_qimen_V	V	ndërron qimen			Albanet/OMW	wns/als/wn-data-als.tab	imported_unreviewed			multiword,pos_from_wordnet
ndertese_V	V	ndërtesë			Albanet/OMW	wns/als/wn-data-als.tab	imported_unreviewed			pos_from_wordnet
nderthur_V	V	ndërthur			Albanet/OMW	wns/als/wn-data-als.tab	imported_unreviewed			pos_from_wordnet
ndertoj_V	V	ndërtoj			Albanet/OMW	wns/als/wn-data-als.tab	imported_unreviewed			pos_from_wordnet
ndeshkoj_V	V	ndëshkoj			Albanet/OMW	wns/als/wn-data-als.tab	imported_unreviewed			pos_from_wordnet
nervozizem_V	V	nervozizëm			Albanet/OMW	wns/als/wn-data-als.tab	imported_unreviewed			pos_from_wordnet
nervozoj_V	V	nervozoj			Albanet/OMW	wns/als/wn-data-als.tab	imported_unreviewed			pos_from_wordnet
neutralizoj_V	V	neutralizoj			Albanet/OMW	wns/als/wn-data-als.tab	imported_unreviewed			pos_from_wordnet
nevoje_V	V	nevoje			Albanet/OMW	wns/als/wn-data-als.tab	imported_unreviewed			pos_from_wordnet
ngacmim_V	V	ngacmim			Albanet/OMW	wns/als/wn-data-als.tab	imported_unreviewed			pos_from_wordnet
ngacmoj_V	V	ngacmoj			Albanet/OMW	wns/als/wn-data-als.tab	imported_unreviewed			pos_from_wordnet
ngadalesoj_V	V	ngadalësoj			Albanet/OMW	wns/als/wn-data-als.tab	imported_unreviewed			pos_from_wordnet
ngarkese_V	V	ngarkesë			Albanet/OMW	wns/als/wn-data-als.tab	imported_unreviewed			pos_from_wordnet
ngarkoj_V	V	ngarkoj			Albanet/OMW	wns/als/wn-data-als.tab	imported_unreviewed			pos_from_wordnet
ngas_V	V	ngas			Albanet/OMW	wns/als/wn-data-als.tab	imported_unreviewed			pos_from_wordnet
ngathtesi_V	V	ngathtësi			Albanet/OMW	wns/als/wn-data-als.tab	imported_unreviewed			pos_from_wordnet
ngazellehem_V	V	ngazëllehem			Albanet/OMW	wns/als/wn-data-als.tab	imported_unreviewed			pos_from_wordnet
ngazellej_V	V	ngazëllej			Albanet/OMW	wns/als/wn-data-als.tab	imported_unreviewed			pos_from_wordnet
ngjaj_V	V	ngjaj			Albanet/OMW	wns/als/wn-data-als.tab	imported_unreviewed			pos_from_wordnet
ngjall_V	V	ngjall			Albanet/OMW	wns/als/wn-data-als.tab	imported_unreviewed			pos_from_wordnet
ngjallem_V	V	ngjallem			Albanet/OMW	wns/als/wn-data-als.tab	imported_unreviewed			pos_from_wordnet
ngjarje_me_rrezik_V	V	ngjarje me rrezik			Albanet/OMW	wns/als/wn-data-als.tab	imported_unreviewed			multiword,pos_from_wordnet
ngjesh_V	V	ngjesh			Albanet/OMW	wns/als/wn-data-als.tab	imported_unreviewed			pos_from_wordnet
ngjeshje_V	V	ngjeshje			Albanet/OMW	wns/als/wn-data-als.tab	imported_unreviewed			pos_from_wordnet
ngjet_V	V	ngjet			Albanet/OMW	wns/als/wn-data-als.tab	imported_unreviewed			pos_from_wordnet
ngjis_V	V	ngjis			Albanet/OMW	wns/als/wn-data-als.tab	imported_unreviewed			pos_from_wordnet
ngjit_V	V	ngjit			Albanet/OMW	wns/als/wn-data-als.tab	imported_unreviewed			pos_from_wordnet
ngjitem_V	V	ngjitem			Albanet/OMW	wns/als/wn-data-als.tab	imported_unreviewed			pos_from_wordnet
ngjitem_pas_V	V	ngjitem pas			Albanet/OMW	wns/als/wn-data-als.tab	imported_unreviewed			multiword,pos_from_wordnet
ngjitet_V	V	ngjitet			Albanet/OMW	wns/als/wn-data-als.tab	imported_unreviewed			pos_from_wordnet
ngjitje_V	V	ngjitje			Albanet/OMW	wns/als/wn-data-als.tab	imported_unreviewed			pos_from_wordnet
ngjyre_V	V	ngjyrë			Albanet/OMW	wns/als/wn-data-als.tab	imported_unreviewed			pos_from_wordnet
ngre_V	V	ngre			Albanet/OMW	wns/als/wn-data-als.tab	imported_unreviewed			pos_from_wordnet
ngre_humorin_V	V	ngre humorin			Albanet/OMW	wns/als/wn-data-als.tab	imported_unreviewed			multiword,pos_from_wordnet
ngre_moralin_V	V	ngre moralin			Albanet/OMW	wns/als/wn-data-als.tab	imported_unreviewed			multiword,pos_from_wordnet
ngre_ne_pozite_V	V	ngre në pozitë			Albanet/OMW	wns/als/wn-data-als.tab	imported_unreviewed			multiword,pos_from_wordnet
ngre_ne_qiell_V	V	ngre në qiell			Albanet/OMW	wns/als/wn-data-als.tab	imported_unreviewed			multiword,pos_from_wordnet
ngrice_V	V	ngricë			Albanet/OMW	wns/als/wn-data-als.tab	imported_unreviewed			pos_from_wordnet
ngrihem_V	V	ngrihem			Albanet/OMW	wns/als/wn-data-als.tab	imported_unreviewed			pos_from_wordnet
ngrihet_V	V	ngrihet			Albanet/OMW	wns/als/wn-data-als.tab	imported_unreviewed			pos_from_wordnet
ngrij_V	V	ngrij			Albanet/OMW | Baseline LexiconSqi	wns/als/wn-data-als.tab | freeze_V	baseline_lexicon_exact	freeze_V		lexicon_sqi_exact,pos_from_wordnet
ngritje_V	V	ngritje			Albanet/OMW	wns/als/wn-data-als.tab	imported_unreviewed			pos_from_wordnet
ngrohem_V	V	ngrohem			Albanet/OMW	wns/als/wn-data-als.tab	imported_unreviewed			pos_from_wordnet
ngrohte_V	V	ngrohtë			Albanet/OMW	wns/als/wn-data-als.tab	imported_unreviewed			pos_from_wordnet
ngul_kembe_V	V	ngul këmbë			Albanet/OMW	wns/als/wn-data-als.tab	imported_unreviewed			multiword,pos_from_wordnet
ngulit_V	V	ngulit			Albanet/OMW	wns/als/wn-data-als.tab	imported_unreviewed			pos_from_wordnet
ngulmoj_V	V	ngulmoj			Albanet/OMW	wns/als/wn-data-als.tab	imported_unreviewed			pos_from_wordnet
ngurroj_V	V	ngurroj			Albanet/OMW	wns/als/wn-data-als.tab	imported_unreviewed			pos_from_wordnet
ngurtesoj_V	V	ngurtësoj			Albanet/OMW	wns/als/wn-data-als.tab	imported_unreviewed			pos_from_wordnet
ngushtohem_V	V	ngushtohem			Albanet/OMW	wns/als/wn-data-als.tab	imported_unreviewed			pos_from_wordnet
ngushtoj_V	V	ngushtoj			Albanet/OMW	wns/als/wn-data-als.tab	imported_unreviewed			pos_from_wordnet
ngut_V	V	ngut			Albanet/OMW	wns/als/wn-data-als.tab	imported_unreviewed			pos_from_wordnet
ngutem_V	V	ngutem			Albanet/OMW	wns/als/wn-data-als.tab	imported_unreviewed			pos_from_wordnet
nis_V	V	nis			Albanet/OMW	wns/als/wn-data-als.tab	imported_unreviewed			pos_from_wordnet
nis_muhabetin_V	V	nis muhabetin			Albanet/OMW	wns/als/wn-data-als.tab	imported_unreviewed			multiword,pos_from_wordnet
nisem_V	V	nisem			Albanet/OMW	wns/als/wn-data-als.tab	imported_unreviewed			pos_from_wordnet
nisem_para_V	V	nisem para			Albanet/OMW	wns/als/wn-data-als.tab	imported_unreviewed			multiword,pos_from_wordnet
nisje_V	V	nisje			Albanet/OMW	wns/als/wn-data-als.tab	imported_unreviewed			pos_from_wordnet
njehsoj_V	V	njehsoj			Albanet/OMW	wns/als/wn-data-als.tab	imported_unreviewed			pos_from_wordnet
njoftoj_V	V	njoftoj			Albanet/OMW	wns/als/wn-data-als.tab	imported_unreviewed			pos_from_wordnet
njoftoj_paraprakisht_V	V	njoftoj paraprakisht			Albanet/OMW	wns/als/wn-data-als.tab	imported_unreviewed			multiword,pos_from_wordnet
njoh_V	V	njoh			Albanet/OMW	wns/als/wn-data-als.tab	imported_unreviewed			pos_from_wordnet
nje_shikim_vjedhurazi_V	V	një shikim vjedhurazi			Albanet/OMW	wns/als/wn-data-als.tab	imported_unreviewed			multiword,pos_from_wordnet
njemendesoj_V	V	njëmendësoj			Albanet/OMW	wns/als/wn-data-als.tab	imported_unreviewed			pos_from_wordnet
njeri_i_perkedhelur_V	V	njëri i përkëdhelur			Albanet/OMW	wns/als/wn-data-als.tab	imported_unreviewed			multiword,pos_from_wordnet
njetrajtshmeri_V	V	njëtrajtshmëri			Albanet/OMW	wns/als/wn-data-als.tab	imported_unreviewed			pos_from_wordnet
norme_V	V	normë			Albanet/OMW	wns/als/wn-data-als.tab	imported_unreviewed			pos_from_wordnet
notoj_V	V	notoj			Albanet/OMW | Baseline LexiconSqi	wns/als/wn-data-als.tab | swim_V	baseline_lexicon_exact	swim_V		lexicon_sqi_exact,pos_from_wordnet
nuance_V	V	nuancë			Albanet/OMW	wns/als/wn-data-als.tab	imported_unreviewed			pos_from_wordnet
nuhas_V	V	nuhas			Albanet/OMW | Baseline LexiconSqi	wns/als/wn-data-als.tab | smell_V	baseline_lexicon_exact	smell_V		lexicon_sqi_exact,pos_from_wordnet
nuhatje_V	V	nuhatje			Albanet/OMW	wns/als/wn-data-als.tab	imported_unreviewed			pos_from_wordnet
nuk_i_le_trashegim_V	V	nuk i lë trashëgim			Albanet/OMW	wns/als/wn-data-als.tab	imported_unreviewed			multiword,pos_from_wordnet
nuk_leshoj_V	V	nuk lëshoj			Albanet/OMW	wns/als/wn-data-als.tab	imported_unreviewed			multiword,pos_from_wordnet
nuk_pranoj_V	V	nuk pranoj			Albanet/OMW	wns/als/wn-data-als.tab	imported_unreviewed			multiword,pos_from_wordnet
nuk_tundem_V	V	nuk tundem			Albanet/OMW	wns/als/wn-data-als.tab	imported_unreviewed			multiword,pos_from_wordnet
nuk_ve_re_V	V	nuk vë re			Albanet/OMW	wns/als/wn-data-als.tab	imported_unreviewed			multiword,pos_from_wordnet
numer_V	V	numër			Albanet/OMW	wns/als/wn-data-als.tab	imported_unreviewed			pos_from_wordnet
numeroj_V	V	numëroj			Albanet/OMW	wns/als/wn-data-als.tab	imported_unreviewed			pos_from_wordnet
nxeh_V	V	nxeh			Albanet/OMW	wns/als/wn-data-als.tab	imported_unreviewed			pos_from_wordnet
nxehtesi_V	V	nxehtësi			Albanet/OMW	wns/als/wn-data-als.tab	imported_unreviewed			pos_from_wordnet
nxis_V	V	nxis			Albanet/OMW	wns/als/wn-data-als.tab	imported_unreviewed			pos_from_wordnet
nxit_V	V	nxit			Albanet/OMW	wns/als/wn-data-als.tab	imported_unreviewed			pos_from_wordnet
nxitje_V	V	nxitje			Albanet/OMW	wns/als/wn-data-als.tab	imported_unreviewed			pos_from_wordnet
nxitoj_V	V	nxitoj			Albanet/OMW	wns/als/wn-data-als.tab	imported_unreviewed			pos_from_wordnet
nxjerr_V	V	nxjerr			Albanet/OMW	wns/als/wn-data-als.tab	imported_unreviewed			pos_from_wordnet
nxjerr_fryme_V	V	nxjerr frymë			Albanet/OMW	wns/als/wn-data-als.tab	imported_unreviewed			multiword,pos_from_wordnet
nxjerr_jashte_V	V	nxjerr jashtë			Albanet/OMW	wns/als/wn-data-als.tab	imported_unreviewed			multiword,pos_from_wordnet
nxjerr_koncentrat_V	V	nxjerr koncentrat			Albanet/OMW	wns/als/wn-data-als.tab	imported_unreviewed			multiword,pos_from_wordnet
nxjerr_nga_vendi_V	V	nxjerr nga vendi			Albanet/OMW	wns/als/wn-data-als.tab	imported_unreviewed			multiword,pos_from_wordnet
nxjerr_ne_pah_V	V	nxjerr në pah			Albanet/OMW	wns/als/wn-data-als.tab	imported_unreviewed			multiword,pos_from_wordnet
nxjerr_ne_shesh_V	V	nxjerr në shesh			Albanet/OMW	wns/als/wn-data-als.tab	imported_unreviewed			multiword,pos_from_wordnet
nxjerr_para_nga_xhepi_V	V	nxjerr para nga xhepi			Albanet/OMW	wns/als/wn-data-als.tab	imported_unreviewed			multiword,pos_from_wordnet
nxjerr_perfundime_V	V	nxjerr përfundime			Albanet/OMW	wns/als/wn-data-als.tab	imported_unreviewed			multiword,pos_from_wordnet
nxjerr_perjashta_V	V	nxjerr përjashta			Albanet/OMW	wns/als/wn-data-als.tab	imported_unreviewed			multiword,pos_from_wordnet
nxjerr_te_brendshmet_V	V	nxjerr të brendshmet			Albanet/OMW	wns/als/wn-data-als.tab	imported_unreviewed			multiword,pos_from_wordnet
nxjerr_te_pafajshem_V	V	nxjerr të pafajshëm			Albanet/OMW	wns/als/wn-data-als.tab	imported_unreviewed			multiword,pos_from_wordnet
nxjerr_ze_V	V	nxjerr zë			Albanet/OMW	wns/als/wn-data-als.tab	imported_unreviewed			multiword,pos_from_wordnet
nyje_V	V	nyje			Albanet/OMW	wns/als/wn-data-als.tab	imported_unreviewed			pos_from_wordnet
ne_dukje_V	V	në dukje			Albanet/OMW	wns/als/wn-data-als.tab	imported_unreviewed			multiword,pos_from_wordnet
nenkuptoj_V	V	nënkuptoj			Albanet/OMW	wns/als/wn-data-als.tab	imported_unreviewed			pos_from_wordnet
nenkupton_V	V	nënkupton			Albanet/OMW	wns/als/wn-data-als.tab	imported_unreviewed			pos_from_wordnet
nenshtrohem_V	V	nënshtrohem			Albanet/OMW	wns/als/wn-data-als.tab	imported_unreviewed			pos_from_wordnet
nenvizoj_V	V	nënvizoj			Albanet/OMW	wns/als/wn-data-als.tab	imported_unreviewed			pos_from_wordnet
nenvleftesoj_V	V	nënvleftësoj			Albanet/OMW	wns/als/wn-data-als.tab	imported_unreviewed			pos_from_wordnet
objektiv_V	V	objektiv			Albanet/OMW	wns/als/wn-data-als.tab	imported_unreviewed			pos_from_wordnet
ofendoj_V	V	ofendoj			Albanet/OMW	wns/als/wn-data-als.tab	imported_unreviewed			pos_from_wordnet
ofroj_V	V	ofroj			Albanet/OMW	wns/als/wn-data-als.tab	imported_unreviewed			pos_from_wordnet
operacion_V	V	operacion			Albanet/OMW	wns/als/wn-data-als.tab	imported_unreviewed			pos_from_wordnet
operoj_V	V	operoj			Albanet/OMW	wns/als/wn-data-als.tab	imported_unreviewed			pos_from_wordnet
organizim_V	V	organizim			Albanet/OMW	wns/als/wn-data-als.tab	imported_unreviewed			pos_from_wordnet
organizoj_V	V	organizoj			Albanet/OMW	wns/als/wn-data-als.tab	imported_unreviewed			pos_from_wordnet
organizem_V	V	organizëm			Albanet/OMW	wns/als/wn-data-als.tab	imported_unreviewed			pos_from_wordnet
orientim_V	V	orientim			Albanet/OMW	wns/als/wn-data-als.tab	imported_unreviewed			pos_from_wordnet
orientoj_V	V	orientoj			Albanet/OMW	wns/als/wn-data-als.tab	imported_unreviewed			pos_from_wordnet
orvatje_V	V	orvatje			Albanet/OMW	wns/als/wn-data-als.tab	imported_unreviewed			pos_from_wordnet
ore_V	V	orë			Albanet/OMW	wns/als/wn-data-als.tab	imported_unreviewed			pos_from_wordnet
oshetin_V	V	oshëtin			Albanet/OMW	wns/als/wn-data-als.tab	imported_unreviewed			pos_from_wordnet
pagese_V	V	pagesë			Albanet/OMW	wns/als/wn-data-als.tab	imported_unreviewed			pos_from_wordnet
pagim_V	V	pagim			Albanet/OMW	wns/als/wn-data-als.tab	imported_unreviewed			pos_from_wordnet
paguaj_V	V	paguaj			Albanet/OMW	wns/als/wn-data-als.tab	imported_unreviewed			pos_from_wordnet
paguaj_plotesisht_V	V	paguaj plotësisht			Albanet/OMW	wns/als/wn-data-als.tab	imported_unreviewed			multiword,pos_from_wordnet
paguan_per_V	V	paguan për			Albanet/OMW	wns/als/wn-data-als.tab	imported_unreviewed			multiword,pos_from_wordnet
pagezim_V	V	pagëzim			Albanet/OMW	wns/als/wn-data-als.tab	imported_unreviewed			pos_from_wordnet
pagezoj_V	V	pagëzoj			Albanet/OMW	wns/als/wn-data-als.tab	imported_unreviewed			pos_from_wordnet
pajis_V	V	pajis			Albanet/OMW	wns/als/wn-data-als.tab	imported_unreviewed			pos_from_wordnet
pajis_me_V	V	pajis me			Albanet/OMW	wns/als/wn-data-als.tab	imported_unreviewed			multiword,pos_from_wordnet
pajtohem_V	V	pajtohem			Albanet/OMW	wns/als/wn-data-als.tab	imported_unreviewed			pos_from_wordnet
pajtoj_V	V	pajtoj			Albanet/OMW	wns/als/wn-data-als.tab	imported_unreviewed			pos_from_wordnet
pakesoj_V	V	pakesoj			Albanet/OMW	wns/als/wn-data-als.tab	imported_unreviewed			pos_from_wordnet
paketoj_V	V	paketoj			Albanet/OMW	wns/als/wn-data-als.tab	imported_unreviewed			pos_from_wordnet
pakesim_V	V	pakësim			Albanet/OMW	wns/als/wn-data-als.tab	imported_unreviewed			pos_from_wordnet
pakesoj_V__2	V	pakësoj			Albanet/OMW	wns/als/wn-data-als.tab	imported_unreviewed			pos_from_wordnet
pallavra_V	V	pallavra			Albanet/OMW	wns/als/wn-data-als.tab	imported_unreviewed			pos_from_wordnet
palevizshmeri_V	V	palëvizshmëri			Albanet/OMW	wns/als/wn-data-als.tab	imported_unreviewed			pos_from_wordnet
pamjaftueshmeri_V	V	pamjaftueshmëri			Albanet/OMW	wns/als/wn-data-als.tab	imported_unreviewed			pos_from_wordnet
pamje_V	V	pamje			Albanet/OMW	wns/als/wn-data-als.tab	imported_unreviewed			pos_from_wordnet
panik_V	V	panik			Albanet/OMW	wns/als/wn-data-als.tab	imported_unreviewed			pos_from_wordnet
paqesoj_V	V	paqësoj			Albanet/OMW	wns/als/wn-data-als.tab	imported_unreviewed			pos_from_wordnet
paracaktoj_V	V	paracaktoj			Albanet/OMW	wns/als/wn-data-als.tab	imported_unreviewed			pos_from_wordnet
parakaloj_V	V	parakaloj			Albanet/OMW	wns/als/wn-data-als.tab	imported_unreviewed			pos_from_wordnet
paralajmeroj_V	V	paralajmëroj			Albanet/OMW	wns/als/wn-data-als.tab	imported_unreviewed			pos_from_wordnet
parandaloj_V	V	parandaloj			Albanet/OMW	wns/als/wn-data-als.tab	imported_unreviewed			pos_from_wordnet
paraprij_V	V	paraprij			Albanet/OMW	wns/als/wn-data-als.tab	imported_unreviewed			pos_from_wordnet
paraqes_V	V	paraqes			Albanet/OMW	wns/als/wn-data-als.tab	imported_unreviewed			pos_from_wordnet
paraqitje_e_jashtme_V	V	paraqitje e jashtme			Albanet/OMW	wns/als/wn-data-als.tab	imported_unreviewed			multiword,pos_from_wordnet
parashikoj_V	V	parashikoj			Albanet/OMW	wns/als/wn-data-als.tab	imported_unreviewed			pos_from_wordnet
parathem_V	V	parathem			Albanet/OMW	wns/als/wn-data-als.tab	imported_unreviewed			pos_from_wordnet
parathenie_V	V	parathënie			Albanet/OMW	wns/als/wn-data-als.tab	imported_unreviewed			pos_from_wordnet
park_V	V	park			Albanet/OMW	wns/als/wn-data-als.tab	imported_unreviewed			pos_from_wordnet
parkim_V	V	parkim			Albanet/OMW	wns/als/wn-data-als.tab	imported_unreviewed			pos_from_wordnet
parregullsi_V	V	parregullsi			Albanet/OMW	wns/als/wn-data-als.tab	imported_unreviewed			pos_from_wordnet
pasoj_V	V	pasoj			Albanet/OMW	wns/als/wn-data-als.tab	imported_unreviewed			pos_from_wordnet
pasqyrim_emocionesh_V	V	pasqyrim emocionesh			Albanet/OMW	wns/als/wn-data-als.tab	imported_unreviewed			multiword,pos_from_wordnet
pasqyrim_ndjenjash_V	V	pasqyrim ndjenjash			Albanet/OMW	wns/als/wn-data-als.tab	imported_unreviewed			multiword,pos_from_wordnet
pastrim_V	V	pastrim			Albanet/OMW	wns/als/wn-data-als.tab	imported_unreviewed			pos_from_wordnet
pastroj_V	V	pastroj			Albanet/OMW	wns/als/wn-data-als.tab	imported_unreviewed			pos_from_wordnet
pasterti_V	V	pastërti			Albanet/OMW	wns/als/wn-data-als.tab	imported_unreviewed			pos_from_wordnet
pedalon_V	V	pedalon			Albanet/OMW	wns/als/wn-data-als.tab	imported_unreviewed			pos_from_wordnet
pelltum_V	V	pelltum			Albanet/OMW	wns/als/wn-data-als.tab	imported_unreviewed			pos_from_wordnet
pendim_V	V	pendim			Albanet/OMW	wns/als/wn-data-als.tab	imported_unreviewed			pos_from_wordnet
pendohem_V	V	pendohem			Albanet/OMW	wns/als/wn-data-als.tab	imported_unreviewed			pos_from_wordnet
pengese_V	V	pengesë			Albanet/OMW	wns/als/wn-data-als.tab	imported_unreviewed			pos_from_wordnet
pengoj_V	V	pengoj			Albanet/OMW	wns/als/wn-data-als.tab	imported_unreviewed			pos_from_wordnet
perfeksionoj_V	V	perfeksionoj			Albanet/OMW	wns/als/wn-data-als.tab	imported_unreviewed			pos_from_wordnet
perfekte_V	V	perfekte			Albanet/OMW	wns/als/wn-data-als.tab	imported_unreviewed			pos_from_wordnet
pergjigjem_V	V	pergjigjem			Albanet/OMW	wns/als/wn-data-als.tab	imported_unreviewed			pos_from_wordnet
periudhe_V	V	periudhë			Albanet/OMW	wns/als/wn-data-als.tab	imported_unreviewed			pos_from_wordnet
perngjaj_V	V	perngjaj			Albanet/OMW	wns/als/wn-data-als.tab	imported_unreviewed			pos_from_wordnet
perputhem_V	V	perputhem			Albanet/OMW	wns/als/wn-data-als.tab	imported_unreviewed			pos_from_wordnet
pershtatem_V	V	pershtatem			Albanet/OMW	wns/als/wn-data-als.tab	imported_unreviewed			pos_from_wordnet
peshe_ngarkese_V	V	peshe,ngarkesë			Albanet/OMW	wns/als/wn-data-als.tab	imported_unreviewed			pos_from_wordnet,punctuation
pezulloj_nga_puna_V	V	pezulloj nga puna			Albanet/OMW	wns/als/wn-data-als.tab	imported_unreviewed			multiword,pos_from_wordnet
pi_V	V	pi			Albanet/OMW	wns/als/wn-data-als.tab	imported_unreviewed			pos_from_wordnet
pickim_V	V	pickim			Albanet/OMW	wns/als/wn-data-als.tab	imported_unreviewed			pos_from_wordnet
pije_V	V	pije			Albanet/OMW	wns/als/wn-data-als.tab	imported_unreviewed			pos_from_wordnet
pije_alkoolike_V	V	pije alkoolike			Albanet/OMW	wns/als/wn-data-als.tab	imported_unreviewed			multiword,pos_from_wordnet
piketoj_V	V	piketoj			Albanet/OMW	wns/als/wn-data-als.tab	imported_unreviewed			pos_from_wordnet
pikoj_V	V	pikoj			Albanet/OMW	wns/als/wn-data-als.tab	imported_unreviewed			pos_from_wordnet
pikturoj_V	V	pikturoj			Albanet/OMW	wns/als/wn-data-als.tab	imported_unreviewed			pos_from_wordnet
pikturoj_me_ngjyra_te_ndezura_V	V	pikturoj me ngjyra të ndezura			Albanet/OMW	wns/als/wn-data-als.tab	imported_unreviewed			multiword,pos_from_wordnet
pikture_V	V	pikturë			Albanet/OMW	wns/als/wn-data-als.tab	imported_unreviewed			pos_from_wordnet
pikellohem_V	V	pikëllohem			Albanet/OMW	wns/als/wn-data-als.tab	imported_unreviewed			pos_from_wordnet
pilotoj_V	V	pilotoj			Albanet/OMW	wns/als/wn-data-als.tab	imported_unreviewed			pos_from_wordnet
piqem_V	V	piqem			Albanet/OMW	wns/als/wn-data-als.tab	imported_unreviewed			pos_from_wordnet
pispillos_V	V	pispillos			Albanet/OMW	wns/als/wn-data-als.tab	imported_unreviewed			pos_from_wordnet
pjekje_V	V	pjekje			Albanet/OMW	wns/als/wn-data-als.tab	imported_unreviewed			pos_from_wordnet
pjekuri_V	V	pjekuri			Albanet/OMW	wns/als/wn-data-als.tab	imported_unreviewed			pos_from_wordnet
pjell_V	V	pjell			Albanet/OMW	wns/als/wn-data-als.tab	imported_unreviewed			pos_from_wordnet
pjerrje_V	V	pjerrje			Albanet/OMW	wns/als/wn-data-als.tab	imported_unreviewed			pos_from_wordnet
pjerresi_V	V	pjerrësi			Albanet/OMW	wns/als/wn-data-als.tab	imported_unreviewed			pos_from_wordnet
pjese_V	V	pjese			Albanet/OMW	wns/als/wn-data-als.tab	imported_unreviewed			pos_from_wordnet
pjese_V__2	V	pjesë			Albanet/OMW	wns/als/wn-data-als.tab	imported_unreviewed			pos_from_wordnet
pjesetoj_V	V	pjesëtoj			Albanet/OMW	wns/als/wn-data-als.tab	imported_unreviewed			pos_from_wordnet
planifikoj_V	V	planifikoj			Albanet/OMW	wns/als/wn-data-als.tab	imported_unreviewed			pos_from_wordnet
plasje_V	V	plasje			Albanet/OMW	wns/als/wn-data-als.tab	imported_unreviewed			pos_from_wordnet
pleksem_V	V	pleksem			Albanet/OMW	wns/als/wn-data-als.tab	imported_unreviewed			pos_from_wordnet
pllenim_V	V	pllenim			Albanet/OMW	wns/als/wn-data-als.tab	imported_unreviewed			pos_from_wordnet
plotesoj_V	V	plotësoj			Albanet/OMW	wns/als/wn-data-als.tab	imported_unreviewed			pos_from_wordnet
pluskoj_V	V	pluskoj			Baseline LexiconSqi	float_V	baseline_lexicon_exact	float_V		lexicon_sqi_exact
pluskues_V	V	pluskues			Albanet/OMW	wns/als/wn-data-als.tab	imported_unreviewed			pos_from_wordnet
pohoj_V	V	pohoj			Albanet/OMW	wns/als/wn-data-als.tab	imported_unreviewed			pos_from_wordnet
populloj_V	V	populloj			Albanet/OMW	wns/als/wn-data-als.tab	imported_unreviewed			pos_from_wordnet
posedoj_V	V	posedoj			Albanet/OMW	wns/als/wn-data-als.tab	imported_unreviewed			pos_from_wordnet
poshteroj_V	V	poshtëroj			Albanet/OMW	wns/als/wn-data-als.tab	imported_unreviewed			pos_from_wordnet
postoj_V	V	postoj			Albanet/OMW	wns/als/wn-data-als.tab	imported_unreviewed			pos_from_wordnet
pozicion_V	V	pozicion			Albanet/OMW	wns/als/wn-data-als.tab	imported_unreviewed			pos_from_wordnet
pozicion_vertikal_V	V	pozicion vertikal			Albanet/OMW	wns/als/wn-data-als.tab	imported_unreviewed			multiword,pos_from_wordnet
pozicionoj_V	V	pozicionoj			Albanet/OMW	wns/als/wn-data-als.tab	imported_unreviewed			pos_from_wordnet
pozite_shoqerore_V	V	pozitë shoqërorë			Albanet/OMW	wns/als/wn-data-als.tab	imported_unreviewed			multiword,pos_from_wordnet
praktikoj_V	V	praktikoj			Albanet/OMW	wns/als/wn-data-als.tab	imported_unreviewed			pos_from_wordnet
pranim_V	V	pranim			Albanet/OMW	wns/als/wn-data-als.tab	imported_unreviewed			pos_from_wordnet
pranoj_V	V	pranoj			Albanet/OMW	wns/als/wn-data-als.tab	imported_unreviewed			pos_from_wordnet
prapsem_V	V	prapsem			Albanet/OMW	wns/als/wn-data-als.tab	imported_unreviewed			pos_from_wordnet
prehem_V	V	prehem			Albanet/OMW	wns/als/wn-data-als.tab	imported_unreviewed			pos_from_wordnet
prejardhje_V	V	prejardhje			Albanet/OMW	wns/als/wn-data-als.tab	imported_unreviewed			pos_from_wordnet
prek_V	V	prek			Albanet/OMW	wns/als/wn-data-als.tab	imported_unreviewed			pos_from_wordnet
prekje_V	V	prekje			Albanet/OMW	wns/als/wn-data-als.tab	imported_unreviewed			pos_from_wordnet
premtim_V	V	premtim			Albanet/OMW	wns/als/wn-data-als.tab	imported_unreviewed			pos_from_wordnet
premtoj_V	V	premtoj			Albanet/OMW	wns/als/wn-data-als.tab	imported_unreviewed			pos_from_wordnet
prerje_V	V	prerje			Albanet/OMW	wns/als/wn-data-als.tab	imported_unreviewed			pos_from_wordnet
pres_V	V	pres			Albanet/OMW	wns/als/wn-data-als.tab	imported_unreviewed			pos_from_wordnet
pres_ftohte_V	V	pres ftohtë			Albanet/OMW	wns/als/wn-data-als.tab	imported_unreviewed			multiword,pos_from_wordnet
pres_nje_rripe_V	V	pres një rripë			Albanet/OMW	wns/als/wn-data-als.tab	imported_unreviewed			multiword,pos_from_wordnet
pres_ne_copa_V	V	pres në copa			Albanet/OMW	wns/als/wn-data-als.tab	imported_unreviewed			multiword,pos_from_wordnet
pretendoj_V	V	pretendoj			Albanet/OMW	wns/als/wn-data-als.tab	imported_unreviewed			pos_from_wordnet
prezantoj_V	V	prezantoj			Albanet/OMW	wns/als/wn-data-als.tab	imported_unreviewed			pos_from_wordnet
prish_V	V	prish			Albanet/OMW	wns/als/wn-data-als.tab	imported_unreviewed			pos_from_wordnet
prish_kot_V	V	prish kot			Albanet/OMW	wns/als/wn-data-als.tab	imported_unreviewed			multiword,pos_from_wordnet
prishem_V	V	prishem			Albanet/OMW	wns/als/wn-data-als.tab	imported_unreviewed			pos_from_wordnet
prishje_V	V	prishje			Albanet/OMW	wns/als/wn-data-als.tab	imported_unreviewed			pos_from_wordnet
pritje_V	V	pritje			Albanet/OMW	wns/als/wn-data-als.tab	imported_unreviewed			pos_from_wordnet
prite_V	V	pritë			Albanet/OMW	wns/als/wn-data-als.tab	imported_unreviewed			pos_from_wordnet
procedo_V	V	procedo			Albanet/OMW	wns/als/wn-data-als.tab	imported_unreviewed			pos_from_wordnet
prodhim_V	V	prodhim			Albanet/OMW	wns/als/wn-data-als.tab	imported_unreviewed			pos_from_wordnet
prodhim_nga_lenda_e_pare_V	V	prodhim nga lënda e parë			Albanet/OMW	wns/als/wn-data-als.tab	imported_unreviewed			multiword,pos_from_wordnet
prodhoj_V	V	prodhoj			Albanet/OMW	wns/als/wn-data-als.tab	imported_unreviewed			pos_from_wordnet
progres_V	V	progres			Albanet/OMW	wns/als/wn-data-als.tab	imported_unreviewed			pos_from_wordnet
prononcoj_V	V	prononcoj			Albanet/OMW	wns/als/wn-data-als.tab	imported_unreviewed			pos_from_wordnet
propozoj_V	V	propozoj			Albanet/OMW	wns/als/wn-data-als.tab	imported_unreviewed			pos_from_wordnet
proteste_V	V	protestë			Albanet/OMW	wns/als/wn-data-als.tab	imported_unreviewed			pos_from_wordnet
prove_V	V	prove			Albanet/OMW	wns/als/wn-data-als.tab	imported_unreviewed			pos_from_wordnet
provoj_V	V	provoj			Albanet/OMW	wns/als/wn-data-als.tab	imported_unreviewed			pos_from_wordnet
provokoj_V	V	provokoj			Albanet/OMW	wns/als/wn-data-als.tab	imported_unreviewed			pos_from_wordnet
prove_V__2	V	provë			Albanet/OMW	wns/als/wn-data-als.tab	imported_unreviewed			pos_from_wordnet
procedoj_V	V	proçedoj			Albanet/OMW	wns/als/wn-data-als.tab	imported_unreviewed			pos_from_wordnet
publikim_V	V	publikim			Albanet/OMW	wns/als/wn-data-als.tab	imported_unreviewed			pos_from_wordnet
publikoj_V	V	publikoj			Albanet/OMW	wns/als/wn-data-als.tab	imported_unreviewed			pos_from_wordnet
pulsim_V	V	pulsim			Albanet/OMW	wns/als/wn-data-als.tab	imported_unreviewed			pos_from_wordnet
pulse_V	V	pulsë			Albanet/OMW	wns/als/wn-data-als.tab	imported_unreviewed			pos_from_wordnet
pune_V	V	pune			Albanet/OMW	wns/als/wn-data-als.tab	imported_unreviewed			pos_from_wordnet
punoj_V	V	punoj			Albanet/OMW	wns/als/wn-data-als.tab	imported_unreviewed			pos_from_wordnet
punoj_rendshem_V	V	punoj rëndshëm			Albanet/OMW	wns/als/wn-data-als.tab	imported_unreviewed			multiword,pos_from_wordnet
pune_V__2	V	punë			Albanet/OMW	wns/als/wn-data-als.tab	imported_unreviewed			pos_from_wordnet
pune_e_dobet_V	V	punë e dobët			Albanet/OMW	wns/als/wn-data-als.tab	imported_unreviewed			multiword,pos_from_wordnet
pune_e_rende_V	V	punë e rëndë			Albanet/OMW	wns/als/wn-data-als.tab	imported_unreviewed			multiword,pos_from_wordnet
purifikoj_V	V	purifikoj			Albanet/OMW	wns/als/wn-data-als.tab	imported_unreviewed			pos_from_wordnet
pushim_V	V	pushim			Albanet/OMW	wns/als/wn-data-als.tab	imported_unreviewed			pos_from_wordnet
pushoj_V	V	pushoj			Albanet/OMW	wns/als/wn-data-als.tab	imported_unreviewed			pos_from_wordnet
pushoj_nga_puna_V	V	pushoj nga puna			Albanet/OMW	wns/als/wn-data-als.tab	imported_unreviewed			multiword,pos_from_wordnet
pushtim_V	V	pushtim			Albanet/OMW	wns/als/wn-data-als.tab	imported_unreviewed			pos_from_wordnet
pushtoj_V	V	pushtoj			Albanet/OMW	wns/als/wn-data-als.tab	imported_unreviewed			pos_from_wordnet
pyes_V	V	pyes			Albanet/OMW	wns/als/wn-data-als.tab	imported_unreviewed			pos_from_wordnet
pyes_veten_V	V	pyes veten			Albanet/OMW	wns/als/wn-data-als.tab	imported_unreviewed			multiword,pos_from_wordnet
pelcas_V	V	pëlcas			Albanet/OMW	wns/als/wn-data-als.tab	imported_unreviewed			pos_from_wordnet
pelcitje_V	V	pëlcitje			Albanet/OMW	wns/als/wn-data-als.tab	imported_unreviewed			pos_from_wordnet
pelqej_V	V	pëlqej			Albanet/OMW	wns/als/wn-data-als.tab	imported_unreviewed			pos_from_wordnet
pelqim_V	V	pëlqim			Albanet/OMW	wns/als/wn-data-als.tab	imported_unreviewed			pos_from_wordnet
perball_V	V	përball			Albanet/OMW	wns/als/wn-data-als.tab	imported_unreviewed			pos_from_wordnet
perballoj_V	V	përballoj			Albanet/OMW	wns/als/wn-data-als.tab	imported_unreviewed			pos_from_wordnet
perbej_V	V	përbëj			Albanet/OMW	wns/als/wn-data-als.tab	imported_unreviewed			pos_from_wordnet
percaktoj_V	V	përcaktoj			Albanet/OMW	wns/als/wn-data-als.tab	imported_unreviewed			pos_from_wordnet
percaktoj_qarte_V	V	përcaktoj qartë			Albanet/OMW	wns/als/wn-data-als.tab	imported_unreviewed			multiword,pos_from_wordnet
percaktoj_sasine_V	V	përcaktoj sasinë			Albanet/OMW	wns/als/wn-data-als.tab	imported_unreviewed			multiword,pos_from_wordnet
percelloj_V	V	përcëlloj			Albanet/OMW	wns/als/wn-data-als.tab	imported_unreviewed			pos_from_wordnet
perdor_V	V	përdor			Albanet/OMW	wns/als/wn-data-als.tab	imported_unreviewed			pos_from_wordnet
perdore_V	V	përdore			Albanet/OMW	wns/als/wn-data-als.tab	imported_unreviewed			pos_from_wordnet
perdredh_V	V	përdredh			Albanet/OMW	wns/als/wn-data-als.tab	imported_unreviewed			pos_from_wordnet
perdredhje_V	V	përdredhje			Albanet/OMW	wns/als/wn-data-als.tab	imported_unreviewed			pos_from_wordnet
perfaqesoj_V	V	përfaqësoj			Albanet/OMW	wns/als/wn-data-als.tab	imported_unreviewed			pos_from_wordnet
perforcoj_V	V	përforcoj			Albanet/OMW	wns/als/wn-data-als.tab	imported_unreviewed			pos_from_wordnet
perfshij_V	V	përfshij			Albanet/OMW	wns/als/wn-data-als.tab	imported_unreviewed			pos_from_wordnet
perfshij_angazhoj_V	V	përfshij, angazhoj			Albanet/OMW	wns/als/wn-data-als.tab	imported_unreviewed			multiword,pos_from_wordnet,punctuation
perfundoj_V	V	përfundoj			Albanet/OMW	wns/als/wn-data-als.tab	imported_unreviewed			pos_from_wordnet
perfytyroj_V	V	përfytyroj			Albanet/OMW	wns/als/wn-data-als.tab	imported_unreviewed			pos_from_wordnet
pergatis_V	V	përgatis			Albanet/OMW	wns/als/wn-data-als.tab	imported_unreviewed			pos_from_wordnet
pergatit_V	V	përgatit			Albanet/OMW	wns/als/wn-data-als.tab	imported_unreviewed			pos_from_wordnet
pergatitem_V	V	përgatitem			Albanet/OMW	wns/als/wn-data-als.tab	imported_unreviewed			pos_from_wordnet
pergjegjesi_V	V	përgjegjësi			Albanet/OMW	wns/als/wn-data-als.tab	imported_unreviewed			pos_from_wordnet
pergjigjem_V__2	V	përgjigjem			Albanet/OMW	wns/als/wn-data-als.tab	imported_unreviewed			pos_from_wordnet
pergjoj_V	V	përgjoj			Albanet/OMW	wns/als/wn-data-als.tab	imported_unreviewed			pos_from_wordnet
pergenjeshtroj_V	V	përgënjeshtroj			Albanet/OMW	wns/als/wn-data-als.tab	imported_unreviewed			pos_from_wordnet
perhap_V	V	përhap			Albanet/OMW	wns/als/wn-data-als.tab	imported_unreviewed			pos_from_wordnet
perhapem_V	V	përhapem			Albanet/OMW	wns/als/wn-data-als.tab	imported_unreviewed			pos_from_wordnet
perhapje_V	V	përhapje			Albanet/OMW	wns/als/wn-data-als.tab	imported_unreviewed			pos_from_wordnet
perjashtoj_V	V	përjashtoj			Albanet/OMW	wns/als/wn-data-als.tab	imported_unreviewed			pos_from_wordnet
perkas_V	V	përkas			Albanet/OMW	wns/als/wn-data-als.tab	imported_unreviewed			pos_from_wordnet
perkates_V	V	përkatës			Albanet/OMW	wns/als/wn-data-als.tab	imported_unreviewed			pos_from_wordnet
perket_V	V	përket			Albanet/OMW	wns/als/wn-data-als.tab	imported_unreviewed			pos_from_wordnet
perkrah_V	V	përkrah			Albanet/OMW	wns/als/wn-data-als.tab	imported_unreviewed			pos_from_wordnet
perkthej_V	V	përkthej			Albanet/OMW	wns/als/wn-data-als.tab	imported_unreviewed			pos_from_wordnet
perkulem_V	V	përkulem			Albanet/OMW	wns/als/wn-data-als.tab	imported_unreviewed			pos_from_wordnet
perkulje_V	V	përkulje			Albanet/OMW	wns/als/wn-data-als.tab	imported_unreviewed			pos_from_wordnet
perkushtim_V	V	përkushtim			Albanet/OMW	wns/als/wn-data-als.tab	imported_unreviewed			pos_from_wordnet
perkedhel_V	V	përkëdhel			Albanet/OMW	wns/als/wn-data-als.tab	imported_unreviewed			pos_from_wordnet
perkedhelje_V	V	përkëdhelje			Albanet/OMW	wns/als/wn-data-als.tab	imported_unreviewed			pos_from_wordnet
perleshje_V	V	përleshje			Albanet/OMW	wns/als/wn-data-als.tab	imported_unreviewed			pos_from_wordnet
permase_V	V	përmasë			Albanet/OMW	wns/als/wn-data-als.tab	imported_unreviewed			pos_from_wordnet
permbahem_V	V	përmbahem			Albanet/OMW	wns/als/wn-data-als.tab	imported_unreviewed			pos_from_wordnet
permbaj_V	V	përmbaj			Albanet/OMW	wns/als/wn-data-als.tab	imported_unreviewed			pos_from_wordnet
permbajtje_V	V	përmbajtje			Albanet/OMW	wns/als/wn-data-als.tab	imported_unreviewed			pos_from_wordnet
permban_V	V	përmban			Albanet/OMW	wns/als/wn-data-als.tab	imported_unreviewed			pos_from_wordnet
permbledh_V	V	përmbledh			Albanet/OMW	wns/als/wn-data-als.tab	imported_unreviewed			pos_from_wordnet
permbush_V	V	përmbush			Albanet/OMW	wns/als/wn-data-als.tab	imported_unreviewed			pos_from_wordnet
permbys_V	V	përmbys			Albanet/OMW	wns/als/wn-data-als.tab	imported_unreviewed			pos_from_wordnet
permbysem_V	V	përmbysem			Albanet/OMW	wns/als/wn-data-als.tab	imported_unreviewed			pos_from_wordnet
permbysje_V	V	përmbysje			Albanet/OMW	wns/als/wn-data-als.tab	imported_unreviewed			pos_from_wordnet
permbytje_V	V	përmbytje			Albanet/OMW	wns/als/wn-data-als.tab	imported_unreviewed			pos_from_wordnet
permend_paraprak_V	V	përmend paraprak			Albanet/OMW	wns/als/wn-data-als.tab	imported_unreviewed			multiword,pos_from_wordnet
permendem_V	V	përmendem			Albanet/OMW	wns/als/wn-data-als.tab	imported_unreviewed			pos_from_wordnet
permiresim_V	V	përmirësim			Albanet/OMW	wns/als/wn-data-als.tab	imported_unreviewed			pos_from_wordnet
permiresoj_V	V	përmirësoj			Albanet/OMW	wns/als/wn-data-als.tab	imported_unreviewed			pos_from_wordnet
perndaj_V	V	përndaj			Albanet/OMW	wns/als/wn-data-als.tab	imported_unreviewed			pos_from_wordnet
perparim_V	V	përparim			Albanet/OMW	wns/als/wn-data-als.tab	imported_unreviewed			pos_from_wordnet
perparoj_V	V	përparoj			Albanet/OMW	wns/als/wn-data-als.tab	imported_unreviewed			pos_from_wordnet
perparon_V	V	përparon			Albanet/OMW	wns/als/wn-data-als.tab	imported_unreviewed			pos_from_wordnet
perpiqem_V	V	përpiqem			Albanet/OMW	wns/als/wn-data-als.tab	imported_unreviewed			pos_from_wordnet
perpjekje_V	V	përpjekje			Albanet/OMW	wns/als/wn-data-als.tab	imported_unreviewed			pos_from_wordnet
perplas_V	V	përplas			Albanet/OMW	wns/als/wn-data-als.tab	imported_unreviewed			pos_from_wordnet
perplasja_V	V	përplasja			Albanet/OMW	wns/als/wn-data-als.tab	imported_unreviewed			pos_from_wordnet
perplasje_V	V	përplasje			Albanet/OMW	wns/als/wn-data-als.tab	imported_unreviewed			pos_from_wordnet
perpunoj_V	V	përpunoj			Albanet/OMW	wns/als/wn-data-als.tab	imported_unreviewed			pos_from_wordnet
perputh_V	V	përputh			Albanet/OMW	wns/als/wn-data-als.tab	imported_unreviewed			pos_from_wordnet
perputhem_V__2	V	përputhem			Albanet/OMW	wns/als/wn-data-als.tab	imported_unreviewed			pos_from_wordnet
perpelitje_V	V	përpëlitje			Albanet/OMW	wns/als/wn-data-als.tab	imported_unreviewed			pos_from_wordnet
perqas_V	V	përqas			Albanet/OMW	wns/als/wn-data-als.tab	imported_unreviewed			pos_from_wordnet
perqesh_V	V	përqesh			Albanet/OMW	wns/als/wn-data-als.tab	imported_unreviewed			pos_from_wordnet
perqendrohem_V	V	përqëndrohem			Albanet/OMW	wns/als/wn-data-als.tab	imported_unreviewed			pos_from_wordnet
pershat_V	V	përshat			Albanet/OMW	wns/als/wn-data-als.tab	imported_unreviewed			pos_from_wordnet
pershkoj_V	V	përshkoj			Albanet/OMW	wns/als/wn-data-als.tab	imported_unreviewed			pos_from_wordnet
pershkon_V	V	përshkon			Albanet/OMW	wns/als/wn-data-als.tab	imported_unreviewed			pos_from_wordnet
pershkruaj_V	V	përshkruaj			Albanet/OMW	wns/als/wn-data-als.tab	imported_unreviewed			pos_from_wordnet
pershpejtoj_V	V	përshpejtoj			Albanet/OMW	wns/als/wn-data-als.tab	imported_unreviewed			pos_from_wordnet
pershtat_V	V	përshtat			Albanet/OMW	wns/als/wn-data-als.tab	imported_unreviewed			pos_from_wordnet
pershtatem_V__2	V	përshtatem			Albanet/OMW	wns/als/wn-data-als.tab	imported_unreviewed			pos_from_wordnet
pershendes_V	V	përshëndes			Albanet/OMW	wns/als/wn-data-als.tab	imported_unreviewed			pos_from_wordnet
perseris_V	V	përsëris			Albanet/OMW	wns/als/wn-data-als.tab	imported_unreviewed			pos_from_wordnet
perserit_V	V	përsërit			Albanet/OMW	wns/als/wn-data-als.tab	imported_unreviewed			pos_from_wordnet
perseritet_V	V	përsëritet			Albanet/OMW	wns/als/wn-data-als.tab	imported_unreviewed			pos_from_wordnet
pertypje_V	V	përtypje			Albanet/OMW	wns/als/wn-data-als.tab	imported_unreviewed			pos_from_wordnet
perul_V	V	përul			Albanet/OMW	wns/als/wn-data-als.tab	imported_unreviewed			pos_from_wordnet
pervetesoj_V	V	përvetësoj			Albanet/OMW	wns/als/wn-data-als.tab	imported_unreviewed			pos_from_wordnet
pervijoj_V	V	përvijoj			Albanet/OMW	wns/als/wn-data-als.tab	imported_unreviewed			pos_from_wordnet
pervoje_V	V	përvojë			Albanet/OMW	wns/als/wn-data-als.tab	imported_unreviewed			pos_from_wordnet
perziej_V	V	përziej			Albanet/OMW	wns/als/wn-data-als.tab	imported_unreviewed			pos_from_wordnet
perzierje_V	V	përzierje			Albanet/OMW	wns/als/wn-data-als.tab	imported_unreviewed			pos_from_wordnet
perzihem_V	V	përzihem			Albanet/OMW	wns/als/wn-data-als.tab	imported_unreviewed			pos_from_wordnet
perzjerje_V	V	përzjerje			Albanet/OMW	wns/als/wn-data-als.tab	imported_unreviewed			pos_from_wordnet
percaj_V	V	përçaj			Albanet/OMW	wns/als/wn-data-als.tab	imported_unreviewed			pos_from_wordnet
percartje_V	V	përçartje			Albanet/OMW	wns/als/wn-data-als.tab	imported_unreviewed			pos_from_wordnet
percoj_V	V	përçoj			Albanet/OMW	wns/als/wn-data-als.tab	imported_unreviewed			pos_from_wordnet
peshperis_V	V	pëshpëris			Albanet/OMW	wns/als/wn-data-als.tab	imported_unreviewed			pos_from_wordnet
peshperitje_V	V	pëshpëritje			Albanet/OMW	wns/als/wn-data-als.tab	imported_unreviewed			pos_from_wordnet
peshtyj_V	V	pështyj			Baseline LexiconSqi	spit_V	baseline_lexicon_exact	spit_V		lexicon_sqi_exact
pesoj_V	V	pësoj			Albanet/OMW	wns/als/wn-data-als.tab	imported_unreviewed			pos_from_wordnet
pesoj_renie_V	V	pësoj rënie			Albanet/OMW	wns/als/wn-data-als.tab	imported_unreviewed			multiword,pos_from_wordnet
peson_V	V	pëson			Albanet/OMW	wns/als/wn-data-als.tab	imported_unreviewed			pos_from_wordnet
qaj_V	V	qaj			Albanet/OMW	wns/als/wn-data-als.tab	imported_unreviewed			pos_from_wordnet
qaravitje_V	V	qaravitje			Albanet/OMW	wns/als/wn-data-als.tab	imported_unreviewed			pos_from_wordnet
qarkulloj_V	V	qarkulloj			Albanet/OMW	wns/als/wn-data-als.tab	imported_unreviewed			pos_from_wordnet
qartesohem_V	V	qartësohem			Albanet/OMW	wns/als/wn-data-als.tab	imported_unreviewed			pos_from_wordnet
qartesoj_V	V	qartësoj			Albanet/OMW	wns/als/wn-data-als.tab	imported_unreviewed			pos_from_wordnet
qellim_V	V	qellim			Albanet/OMW	wns/als/wn-data-als.tab	imported_unreviewed			pos_from_wordnet
qendrese_V	V	qendrese			Albanet/OMW	wns/als/wn-data-als.tab	imported_unreviewed			pos_from_wordnet
qep_V	V	qep			Albanet/OMW | Baseline LexiconSqi	wns/als/wn-data-als.tab | sew_V	baseline_lexicon_exact	sew_V		lexicon_sqi_exact,pos_from_wordnet
qep_bashke_V	V	qep bashkë			Albanet/OMW	wns/als/wn-data-als.tab	imported_unreviewed			multiword,pos_from_wordnet
qepem_V	V	qepem			Albanet/OMW	wns/als/wn-data-als.tab	imported_unreviewed			pos_from_wordnet
qepem_keq_V	V	qepem keq			Albanet/OMW	wns/als/wn-data-als.tab	imported_unreviewed			multiword,pos_from_wordnet
qera_V	V	qera			Albanet/OMW	wns/als/wn-data-als.tab	imported_unreviewed			pos_from_wordnet
qesh_V	V	qesh			Albanet/OMW | Baseline LexiconSqi	wns/als/wn-data-als.tab | laugh_V	baseline_lexicon_exact	laugh_V		lexicon_sqi_exact,pos_from_wordnet
qesharak_V	V	qesharak			Albanet/OMW	wns/als/wn-data-als.tab	imported_unreviewed			pos_from_wordnet
qetesim_V	V	qetësim			Albanet/OMW	wns/als/wn-data-als.tab	imported_unreviewed			pos_from_wordnet
qetesohem_V	V	qetësohem			Albanet/OMW	wns/als/wn-data-als.tab	imported_unreviewed			pos_from_wordnet
qetesohet_V	V	qetësohet			Albanet/OMW	wns/als/wn-data-als.tab	imported_unreviewed			pos_from_wordnet
qetesoj_V	V	qetësoj			Albanet/OMW	wns/als/wn-data-als.tab	imported_unreviewed			pos_from_wordnet
qetesoj_grindjen_V	V	qetësoj grindjen			Albanet/OMW	wns/als/wn-data-als.tab	imported_unreviewed			multiword,pos_from_wordnet
qeveris_V	V	qeveris			Albanet/OMW	wns/als/wn-data-als.tab	imported_unreviewed			pos_from_wordnet
qitje_V	V	qitje			Albanet/OMW	wns/als/wn-data-als.tab	imported_unreviewed			pos_from_wordnet
quaj_V	V	quaj			Albanet/OMW	wns/als/wn-data-als.tab	imported_unreviewed			pos_from_wordnet
qullos_V	V	qullos			Albanet/OMW	wns/als/wn-data-als.tab	imported_unreviewed			pos_from_wordnet
qe_permbyset_V	V	që përmbyset			Albanet/OMW	wns/als/wn-data-als.tab	imported_unreviewed			multiword,pos_from_wordnet
qelloj_V	V	qëlloj			Albanet/OMW	wns/als/wn-data-als.tab	imported_unreviewed			pos_from_wordnet
qellon_qe_V	V	qëllon që			Albanet/OMW	wns/als/wn-data-als.tab	imported_unreviewed			multiword,pos_from_wordnet
qendisje_V	V	qëndisje			Albanet/OMW	wns/als/wn-data-als.tab	imported_unreviewed			pos_from_wordnet
qendrim_V	V	qëndrim			Albanet/OMW	wns/als/wn-data-als.tab	imported_unreviewed			pos_from_wordnet
qendroj_V	V	qëndroj			Albanet/OMW | Baseline LexiconSqi	wns/als/wn-data-als.tab | stand_V	baseline_lexicon_exact	stand_V		lexicon_sqi_exact,pos_from_wordnet
qendroj_ulur_V	V	qëndroj ulur			Albanet/OMW	wns/als/wn-data-als.tab	imported_unreviewed			multiword,pos_from_wordnet
qendron_per_V	V	qëndron për			Albanet/OMW	wns/als/wn-data-als.tab	imported_unreviewed			multiword,pos_from_wordnet
qendron_tek_V	V	qëndron tek			Albanet/OMW	wns/als/wn-data-als.tab	imported_unreviewed			multiword,pos_from_wordnet
qeroj_V	V	qëroj			Albanet/OMW	wns/als/wn-data-als.tab	imported_unreviewed			pos_from_wordnet
rafinoj_V	V	rafinoj			Albanet/OMW	wns/als/wn-data-als.tab	imported_unreviewed			pos_from_wordnet
raport_V	V	raport			Albanet/OMW	wns/als/wn-data-als.tab	imported_unreviewed			pos_from_wordnet
raportoj_V	V	raportoj			Albanet/OMW	wns/als/wn-data-als.tab	imported_unreviewed			pos_from_wordnet
reagoj_V	V	reagoj			Albanet/OMW	wns/als/wn-data-als.tab	imported_unreviewed			pos_from_wordnet
realizoj_V	V	realizoj			Albanet/OMW	wns/als/wn-data-als.tab	imported_unreviewed			pos_from_wordnet
recitoj_V	V	recitoj			Albanet/OMW	wns/als/wn-data-als.tab	imported_unreviewed			pos_from_wordnet
reduktohem_V	V	reduktohem			Albanet/OMW	wns/als/wn-data-als.tab	imported_unreviewed			pos_from_wordnet
reduktoj_V	V	reduktoj			Albanet/OMW	wns/als/wn-data-als.tab	imported_unreviewed			pos_from_wordnet
referohem_V	V	referohem			Albanet/OMW	wns/als/wn-data-als.tab	imported_unreviewed			pos_from_wordnet
reflektoj_V	V	reflektoj			Albanet/OMW	wns/als/wn-data-als.tab	imported_unreviewed			pos_from_wordnet
refuzoj_V	V	refuzoj			Albanet/OMW	wns/als/wn-data-als.tab	imported_unreviewed			pos_from_wordnet
regjistroj_V	V	regjistroj			Albanet/OMW	wns/als/wn-data-als.tab	imported_unreviewed			pos_from_wordnet
regjister_V	V	regjistër			Albanet/OMW	wns/als/wn-data-als.tab	imported_unreviewed			pos_from_wordnet
reklamoj_V	V	reklamoj			Albanet/OMW	wns/als/wn-data-als.tab	imported_unreviewed			pos_from_wordnet
rekomandoj_V	V	rekomandoj			Albanet/OMW	wns/als/wn-data-als.tab	imported_unreviewed			pos_from_wordnet
rekuperoj_V	V	rekuperoj			Albanet/OMW	wns/als/wn-data-als.tab	imported_unreviewed			pos_from_wordnet
rendis_V	V	rendis			Albanet/OMW	wns/als/wn-data-als.tab	imported_unreviewed			pos_from_wordnet
rendit_V	V	rendit			Albanet/OMW	wns/als/wn-data-als.tab	imported_unreviewed			pos_from_wordnet
reputacion_V	V	reputacion			Albanet/OMW	wns/als/wn-data-als.tab	imported_unreviewed			pos_from_wordnet
respektoj_V	V	respektoj			Albanet/OMW	wns/als/wn-data-als.tab	imported_unreviewed			pos_from_wordnet
restauroj_V	V	restauroj			Albanet/OMW	wns/als/wn-data-als.tab	imported_unreviewed			pos_from_wordnet
rezervoj_V	V	rezervoj			Albanet/OMW	wns/als/wn-data-als.tab	imported_unreviewed			pos_from_wordnet
rezistoj_V	V	rezistoj			Albanet/OMW	wns/als/wn-data-als.tab	imported_unreviewed			pos_from_wordnet
rezultat_V	V	rezultat			Albanet/OMW	wns/als/wn-data-als.tab	imported_unreviewed			pos_from_wordnet
rezulton_V	V	rezulton			Albanet/OMW	wns/als/wn-data-als.tab	imported_unreviewed			pos_from_wordnet
rifitoj_V	V	rifitoj			Albanet/OMW	wns/als/wn-data-als.tab	imported_unreviewed			pos_from_wordnet
rigjej_V	V	rigjej			Albanet/OMW	wns/als/wn-data-als.tab	imported_unreviewed			pos_from_wordnet
rimarr_V	V	rimarr			Albanet/OMW	wns/als/wn-data-als.tab	imported_unreviewed			pos_from_wordnet
rimarr_veten_V	V	rimarr veten			Albanet/OMW	wns/als/wn-data-als.tab	imported_unreviewed			multiword,pos_from_wordnet
rindertoj_V	V	rindërtoj			Albanet/OMW	wns/als/wn-data-als.tab	imported_unreviewed			pos_from_wordnet
riparoj_V	V	riparoj			Albanet/OMW	wns/als/wn-data-als.tab	imported_unreviewed			pos_from_wordnet
riprodhim_V	V	riprodhim			Albanet/OMW	wns/als/wn-data-als.tab	imported_unreviewed			pos_from_wordnet
riprodhohet_V	V	riprodhohet			Albanet/OMW	wns/als/wn-data-als.tab	imported_unreviewed			pos_from_wordnet
riprodhoj_V	V	riprodhoj			Albanet/OMW	wns/als/wn-data-als.tab	imported_unreviewed			pos_from_wordnet
rishfaqet_V	V	rishfaqet			Albanet/OMW	wns/als/wn-data-als.tab	imported_unreviewed			pos_from_wordnet
rishikoj_V	V	rishikoj			Albanet/OMW	wns/als/wn-data-als.tab	imported_unreviewed			pos_from_wordnet
risk_V	V	risk			Albanet/OMW	wns/als/wn-data-als.tab	imported_unreviewed			pos_from_wordnet
rivendos_V	V	rivendos			Albanet/OMW	wns/als/wn-data-als.tab	imported_unreviewed			pos_from_wordnet
rivihem_V	V	rivihem			Albanet/OMW	wns/als/wn-data-als.tab	imported_unreviewed			pos_from_wordnet
roll_in_the_hay_V	V	roll in the hay			Albanet/OMW	wns/als/wn-data-als.tab	imported_unreviewed			multiword,pos_from_wordnet
rrafshine_V	V	rrafshinë			Albanet/OMW	wns/als/wn-data-als.tab	imported_unreviewed			pos_from_wordnet
rrafshoj_V	V	rrafshoj			Albanet/OMW	wns/als/wn-data-als.tab	imported_unreviewed			pos_from_wordnet
rrah_V	V	rrah			Albanet/OMW	wns/als/wn-data-als.tab	imported_unreviewed			pos_from_wordnet
rrahje_V	V	rrahje			Albanet/OMW	wns/als/wn-data-als.tab	imported_unreviewed			pos_from_wordnet
rregjistroj_V	V	rregjistroj			Albanet/OMW	wns/als/wn-data-als.tab	imported_unreviewed			pos_from_wordnet
rregull_V	V	rregull			Albanet/OMW	wns/als/wn-data-als.tab	imported_unreviewed			pos_from_wordnet
rregullim_rremuje_V	V	rregullim rrëmuje			Albanet/OMW	wns/als/wn-data-als.tab	imported_unreviewed			multiword,pos_from_wordnet
rregulloj_V	V	rregulloj			Albanet/OMW	wns/als/wn-data-als.tab	imported_unreviewed			pos_from_wordnet
rreh_V	V	rreh			Albanet/OMW	wns/als/wn-data-als.tab	imported_unreviewed			pos_from_wordnet
rrene_genjeshter_V	V	rrenë ,gënjeshtër			Albanet/OMW	wns/als/wn-data-als.tab	imported_unreviewed			multiword,pos_from_wordnet,punctuation
rreshje_V	V	rreshje			Albanet/OMW	wns/als/wn-data-als.tab	imported_unreviewed			pos_from_wordnet
rrethim_V	V	rrethim			Albanet/OMW	wns/als/wn-data-als.tab	imported_unreviewed			pos_from_wordnet
rrethoj_V	V	rrethoj			Albanet/OMW	wns/als/wn-data-als.tab	imported_unreviewed			pos_from_wordnet
rrezatoj_V	V	rrezatoj			Albanet/OMW	wns/als/wn-data-als.tab	imported_unreviewed			pos_from_wordnet
rrezik_V	V	rrezik			Albanet/OMW	wns/als/wn-data-als.tab	imported_unreviewed			pos_from_wordnet
rrezikim_V	V	rrezikim			Albanet/OMW	wns/als/wn-data-als.tab	imported_unreviewed			pos_from_wordnet
rrezikoj_V	V	rrezikoj			Albanet/OMW	wns/als/wn-data-als.tab	imported_unreviewed			pos_from_wordnet
rri_V	V	rri			Albanet/OMW	wns/als/wn-data-als.tab	imported_unreviewed			pos_from_wordnet
rri_ne_shtrat_V	V	rri ne shtrat			Albanet/OMW	wns/als/wn-data-als.tab	imported_unreviewed			multiword,pos_from_wordnet
rri_ne_kembe_V	V	rri në këmbë			Albanet/OMW	wns/als/wn-data-als.tab	imported_unreviewed			multiword,pos_from_wordnet
rri_ulur_V	V	rri ulur			Albanet/OMW	wns/als/wn-data-als.tab	imported_unreviewed			multiword,pos_from_wordnet
rrip_V	V	rrip			Albanet/OMW	wns/als/wn-data-als.tab	imported_unreviewed			pos_from_wordnet
rrit_V	V	rrit			Albanet/OMW	wns/als/wn-data-als.tab	imported_unreviewed			pos_from_wordnet
rritem_V	V	rritem			Albanet/OMW	wns/als/wn-data-als.tab	imported_unreviewed			pos_from_wordnet
rritet_V	V	rritet			Albanet/OMW	wns/als/wn-data-als.tab	imported_unreviewed			pos_from_wordnet
rritje_V	V	rritje			Albanet/OMW	wns/als/wn-data-als.tab	imported_unreviewed			pos_from_wordnet
rrjedh_V	V	rrjedh			Albanet/OMW | Baseline LexiconSqi	wns/als/wn-data-als.tab | flow_V	baseline_lexicon_exact	flow_V		lexicon_sqi_exact,pos_from_wordnet
rrjedhe_V	V	rrjedhë			Albanet/OMW	wns/als/wn-data-als.tab	imported_unreviewed			pos_from_wordnet
rrjep_V	V	rrjep			Albanet/OMW	wns/als/wn-data-als.tab	imported_unreviewed			pos_from_wordnet
rrobe_V	V	rrobë			Albanet/OMW	wns/als/wn-data-als.tab	imported_unreviewed			pos_from_wordnet
rroj_V	V	rroj			Albanet/OMW	wns/als/wn-data-als.tab	imported_unreviewed			pos_from_wordnet
rrokullis_V	V	rrokullis			Albanet/OMW	wns/als/wn-data-als.tab	imported_unreviewed			pos_from_wordnet
rrotull_V	V	rrotull			Albanet/OMW	wns/als/wn-data-als.tab	imported_unreviewed			pos_from_wordnet
rrotullim_V	V	rrotullim			Albanet/OMW	wns/als/wn-data-als.tab	imported_unreviewed			pos_from_wordnet
rrotullohem_V	V	rrotullohem			Albanet/OMW	wns/als/wn-data-als.tab	imported_unreviewed			pos_from_wordnet
rrote_V	V	rrotë			Albanet/OMW	wns/als/wn-data-als.tab	imported_unreviewed			pos_from_wordnet
rrudhe_V	V	rrudhë			Albanet/OMW	wns/als/wn-data-als.tab	imported_unreviewed			pos_from_wordnet
rrumbullakos_V	V	rrumbullakos			Albanet/OMW	wns/als/wn-data-als.tab	imported_unreviewed			pos_from_wordnet
rryshfet_V	V	rryshfet			Albanet/OMW	wns/als/wn-data-als.tab	imported_unreviewed			pos_from_wordnet
rrefej_V	V	rrëfej			Albanet/OMW	wns/als/wn-data-als.tab	imported_unreviewed			pos_from_wordnet
rregjohem_V	V	rrëgjohem			Albanet/OMW	wns/als/wn-data-als.tab	imported_unreviewed			pos_from_wordnet
rrembej_V	V	rrëmbej			Albanet/OMW	wns/als/wn-data-als.tab	imported_unreviewed			pos_from_wordnet
rrembim_V	V	rrëmbim			Albanet/OMW	wns/als/wn-data-als.tab	imported_unreviewed			pos_from_wordnet
rremoj_V	V	rrëmoj			Albanet/OMW	wns/als/wn-data-als.tab	imported_unreviewed			pos_from_wordnet
rremuje_V	V	rrëmujë			Albanet/OMW	wns/als/wn-data-als.tab	imported_unreviewed			pos_from_wordnet
rreqethje_V	V	rrëqethje			Albanet/OMW	wns/als/wn-data-als.tab	imported_unreviewed			pos_from_wordnet
rreshqas_V	V	rrëshqas			Albanet/OMW	wns/als/wn-data-als.tab	imported_unreviewed			pos_from_wordnet
rreshqitje_V	V	rrëshqitje			Albanet/OMW	wns/als/wn-data-als.tab	imported_unreviewed			pos_from_wordnet
rrezim_V	V	rrëzim			Albanet/OMW	wns/als/wn-data-als.tab	imported_unreviewed			pos_from_wordnet
rrezohem_V	V	rrëzohem			Baseline LexiconSqi	fall_V	baseline_lexicon_exact	fall_V		lexicon_sqi_exact
rrezoj_V	V	rrëzoj			Albanet/OMW	wns/als/wn-data-als.tab	imported_unreviewed			pos_from_wordnet
ruaj_V	V	ruaj			Albanet/OMW	wns/als/wn-data-als.tab	imported_unreviewed			pos_from_wordnet
rul_V	V	rul			Albanet/OMW	wns/als/wn-data-als.tab	imported_unreviewed			pos_from_wordnet
rulon_V	V	rulon			Albanet/OMW	wns/als/wn-data-als.tab	imported_unreviewed			pos_from_wordnet
rendoj_V	V	rëndoj			Albanet/OMW	wns/als/wn-data-als.tab	imported_unreviewed			pos_from_wordnet
renie_V	V	rënie			Albanet/OMW	wns/als/wn-data-als.tab	imported_unreviewed			pos_from_wordnet
renkim_V	V	rënkim			Albanet/OMW	wns/als/wn-data-als.tab	imported_unreviewed			pos_from_wordnet
sajoj_V	V	sajoj			Albanet/OMW	wns/als/wn-data-als.tab	imported_unreviewed			pos_from_wordnet
sasi_V	V	sasi			Albanet/OMW	wns/als/wn-data-als.tab	imported_unreviewed			pos_from_wordnet
screw_V	V	screw			Albanet/OMW	wns/als/wn-data-als.tab	imported_unreviewed			pos_from_wordnet
sekuestroj_V	V	sekuestroj			Albanet/OMW	wns/als/wn-data-als.tab	imported_unreviewed			pos_from_wordnet
selektoj_V	V	selektoj			Albanet/OMW	wns/als/wn-data-als.tab	imported_unreviewed			pos_from_wordnet
sfidoj_V	V	sfidoj			Albanet/OMW	wns/als/wn-data-als.tab	imported_unreviewed			pos_from_wordnet
shaj_V	V	shaj			Albanet/OMW	wns/als/wn-data-als.tab	imported_unreviewed			pos_from_wordnet
shantazh_V	V	shantazh			Albanet/OMW	wns/als/wn-data-als.tab	imported_unreviewed			pos_from_wordnet
sharre_V	V	sharrë			Albanet/OMW	wns/als/wn-data-als.tab	imported_unreviewed			pos_from_wordnet
shartim_V	V	shartim			Albanet/OMW	wns/als/wn-data-als.tab	imported_unreviewed			pos_from_wordnet
shenjester_V	V	shenjestër			Albanet/OMW	wns/als/wn-data-als.tab	imported_unreviewed			pos_from_wordnet
shenjoj_V	V	shenjoj			Albanet/OMW	wns/als/wn-data-als.tab	imported_unreviewed			pos_from_wordnet
shenje_V	V	shenjë			Albanet/OMW	wns/als/wn-data-als.tab	imported_unreviewed			pos_from_wordnet
shenje_paralajmeruese_V	V	shenjë paralajmëruese			Albanet/OMW	wns/als/wn-data-als.tab	imported_unreviewed			multiword,pos_from_wordnet
sherbej_V	V	sherbej			Albanet/OMW	wns/als/wn-data-als.tab	imported_unreviewed			pos_from_wordnet
shes_V	V	shes			Albanet/OMW	wns/als/wn-data-als.tab	imported_unreviewed			pos_from_wordnet
sheshoj_V	V	sheshoj			Albanet/OMW	wns/als/wn-data-als.tab	imported_unreviewed			pos_from_wordnet
shfajesoj_V	V	shfajësoj			Albanet/OMW	wns/als/wn-data-als.tab	imported_unreviewed			pos_from_wordnet
shfaq_V	V	shfaq			Albanet/OMW	wns/als/wn-data-als.tab	imported_unreviewed			pos_from_wordnet
shfaqem_V	V	shfaqem			Albanet/OMW	wns/als/wn-data-als.tab	imported_unreviewed			pos_from_wordnet
shfaqet_V	V	shfaqet			Albanet/OMW	wns/als/wn-data-als.tab	imported_unreviewed			pos_from_wordnet
shformoj_V	V	shformoj			Albanet/OMW	wns/als/wn-data-als.tab	imported_unreviewed			pos_from_wordnet
shfrej_V	V	shfrej			Albanet/OMW	wns/als/wn-data-als.tab	imported_unreviewed			pos_from_wordnet
shfryj_V	V	shfryj			Albanet/OMW	wns/als/wn-data-als.tab	imported_unreviewed			pos_from_wordnet
shfrytezoj_V	V	shfrytëzoj			Albanet/OMW	wns/als/wn-data-als.tab	imported_unreviewed			pos_from_wordnet
shi_V	V	shi			Albanet/OMW	wns/als/wn-data-als.tab	imported_unreviewed			pos_from_wordnet
shi_i_madh_V	V	shi i madh			Albanet/OMW	wns/als/wn-data-als.tab	imported_unreviewed			multiword,pos_from_wordnet
shi_i_rrembyeshem_V	V	shi i rrëmbyeshëm			Albanet/OMW	wns/als/wn-data-als.tab	imported_unreviewed			multiword,pos_from_wordnet
shi_me_gjyma_V	V	shi me gjyma			Albanet/OMW	wns/als/wn-data-als.tab	imported_unreviewed			multiword,pos_from_wordnet
shi_me_shtambe_V	V	shi me shtambë			Albanet/OMW	wns/als/wn-data-als.tab	imported_unreviewed			multiword,pos_from_wordnet
shifroj_V	V	shifroj			Albanet/OMW	wns/als/wn-data-als.tab	imported_unreviewed			pos_from_wordnet
shije_V	V	shije			Albanet/OMW	wns/als/wn-data-als.tab	imported_unreviewed			pos_from_wordnet
shijoj_V	V	shijoj			Albanet/OMW	wns/als/wn-data-als.tab	imported_unreviewed			pos_from_wordnet
shikim_V	V	shikim			Albanet/OMW	wns/als/wn-data-als.tab	imported_unreviewed			pos_from_wordnet
shikim_i_shpejte_V	V	shikim i shpejtë			Albanet/OMW	wns/als/wn-data-als.tab	imported_unreviewed			multiword,pos_from_wordnet
shkak_V	V	shkak			Albanet/OMW	wns/als/wn-data-als.tab	imported_unreviewed			pos_from_wordnet
shkaktoj_V	V	shkaktoj			Albanet/OMW	wns/als/wn-data-als.tab	imported_unreviewed			pos_from_wordnet
shkaktoj_humbje_V	V	shkaktoj humbje			Albanet/OMW	wns/als/wn-data-als.tab	imported_unreviewed			multiword,pos_from_wordnet
shkaktoj_vuajtje_V	V	shkaktoj vuajtje			Albanet/OMW	wns/als/wn-data-als.tab	imported_unreviewed			multiword,pos_from_wordnet
shkarje_V	V	shkarje			Albanet/OMW	wns/als/wn-data-als.tab	imported_unreviewed			pos_from_wordnet
shkarkoj_V	V	shkarkoj			Albanet/OMW	wns/als/wn-data-als.tab	imported_unreviewed			pos_from_wordnet
shkaterrim_V	V	shkatërrim			Albanet/OMW	wns/als/wn-data-als.tab	imported_unreviewed			pos_from_wordnet
shkaterrohem_V	V	shkatërrohem			Albanet/OMW	wns/als/wn-data-als.tab	imported_unreviewed			pos_from_wordnet
shkaterroj_V	V	shkatërroj			Albanet/OMW	wns/als/wn-data-als.tab	imported_unreviewed			pos_from_wordnet
shkelje_syri_V	V	shkelje syri			Albanet/OMW	wns/als/wn-data-als.tab	imported_unreviewed			multiword,pos_from_wordnet
shkelm_V	V	shkelm			Albanet/OMW	wns/als/wn-data-als.tab	imported_unreviewed			pos_from_wordnet
shkoj_V	V	shkoj			Albanet/OMW | Baseline LexiconSqi	wns/als/wn-data-als.tab | go_V	baseline_lexicon_exact	go_V		lexicon_sqi_exact,pos_from_wordnet
shkoj_afer_V	V	shkoj afër			Albanet/OMW	wns/als/wn-data-als.tab	imported_unreviewed			multiword,pos_from_wordnet
shkoj_andej_ketej_V	V	shkoj andej këtej			Albanet/OMW	wns/als/wn-data-als.tab	imported_unreviewed			multiword,pos_from_wordnet
shkoj_pas_V	V	shkoj pas			Albanet/OMW	wns/als/wn-data-als.tab	imported_unreviewed			multiword,pos_from_wordnet
shkoj_perpara_V	V	shkoj përpara			Albanet/OMW	wns/als/wn-data-als.tab	imported_unreviewed			multiword,pos_from_wordnet
shkoj_shpejt_V	V	shkoj shpejt			Albanet/OMW	wns/als/wn-data-als.tab	imported_unreviewed			multiword,pos_from_wordnet
shkoj_i_kam_hije_V	V	shkoj,i kam hije			Albanet/OMW	wns/als/wn-data-als.tab	imported_unreviewed			multiword,pos_from_wordnet,punctuation
shkolloj_V	V	shkolloj			Albanet/OMW	wns/als/wn-data-als.tab	imported_unreviewed			pos_from_wordnet
shkopsit_V	V	shkopsit			Albanet/OMW	wns/als/wn-data-als.tab	imported_unreviewed			pos_from_wordnet
shkrij_V	V	shkrij			Albanet/OMW	wns/als/wn-data-als.tab	imported_unreviewed			pos_from_wordnet
shkrije_se_bashku_V	V	shkrijë së bashku			Albanet/OMW	wns/als/wn-data-als.tab	imported_unreviewed			multiword,pos_from_wordnet
shkrim_V	V	shkrim			Albanet/OMW	wns/als/wn-data-als.tab	imported_unreviewed			pos_from_wordnet
shkruaj_V	V	shkruaj			Albanet/OMW	wns/als/wn-data-als.tab	imported_unreviewed			pos_from_wordnet
shkruaj_me_shifer_V	V	shkruaj me shifër			Albanet/OMW	wns/als/wn-data-als.tab	imported_unreviewed			multiword,pos_from_wordnet
shkruaj_ne_kode_V	V	shkruaj në kode			Albanet/OMW	wns/als/wn-data-als.tab	imported_unreviewed			multiword,pos_from_wordnet
shkrumboj_V	V	shkrumboj			Albanet/OMW	wns/als/wn-data-als.tab	imported_unreviewed			pos_from_wordnet
shkund_V	V	shkund			Albanet/OMW	wns/als/wn-data-als.tab	imported_unreviewed			pos_from_wordnet
shkurtoj_V	V	shkurtoj			Albanet/OMW	wns/als/wn-data-als.tab	imported_unreviewed			pos_from_wordnet
shkelqim_V	V	shkëlqim			Albanet/OMW	wns/als/wn-data-als.tab	imported_unreviewed			pos_from_wordnet
shkembej_V	V	shkëmbej			Albanet/OMW	wns/als/wn-data-als.tab	imported_unreviewed			pos_from_wordnet
shkembim_V	V	shkëmbim			Albanet/OMW	wns/als/wn-data-als.tab	imported_unreviewed			pos_from_wordnet
shkeput_V	V	shkëput			Albanet/OMW	wns/als/wn-data-als.tab	imported_unreviewed			pos_from_wordnet
shkeputem_V	V	shkëputem			Albanet/OMW	wns/als/wn-data-als.tab	imported_unreviewed			pos_from_wordnet
shkermoq_V	V	shkërmoq			Albanet/OMW	wns/als/wn-data-als.tab	imported_unreviewed			pos_from_wordnet
shlyej_V	V	shlyej			Albanet/OMW	wns/als/wn-data-als.tab	imported_unreviewed			pos_from_wordnet
shmang_V	V	shmang			Albanet/OMW	wns/als/wn-data-als.tab	imported_unreviewed			pos_from_wordnet
shmangem_V	V	shmangem			Albanet/OMW	wns/als/wn-data-als.tab	imported_unreviewed			pos_from_wordnet
shnderroj_V	V	shndërroj			Albanet/OMW	wns/als/wn-data-als.tab	imported_unreviewed			pos_from_wordnet
shoh_V	V	shoh			Albanet/OMW	wns/als/wn-data-als.tab	imported_unreviewed			pos_from_wordnet
shoqeri_V	V	shoqëri			Albanet/OMW	wns/als/wn-data-als.tab	imported_unreviewed			pos_from_wordnet
shoqerohem_V	V	shoqërohem			Albanet/OMW	wns/als/wn-data-als.tab	imported_unreviewed			pos_from_wordnet
shoqeroj_V	V	shoqëroj			Albanet/OMW	wns/als/wn-data-als.tab	imported_unreviewed			pos_from_wordnet
shoqeroj_radhitem_V	V	shoqëroj,radhitem			Albanet/OMW	wns/als/wn-data-als.tab	imported_unreviewed			pos_from_wordnet,punctuation
shoqerues_V	V	shoqërues			Albanet/OMW	wns/als/wn-data-als.tab	imported_unreviewed			pos_from_wordnet
shpaketoj_V	V	shpaketoj			Albanet/OMW	wns/als/wn-data-als.tab	imported_unreviewed			pos_from_wordnet
shpall_V	V	shpall			Albanet/OMW	wns/als/wn-data-als.tab	imported_unreviewed			pos_from_wordnet
shpalos_V	V	shpalos			Albanet/OMW	wns/als/wn-data-als.tab	imported_unreviewed			pos_from_wordnet
shpat_V	V	shpat			Albanet/OMW	wns/als/wn-data-als.tab	imported_unreviewed			pos_from_wordnet
shpejtoj_V	V	shpejtoj			Albanet/OMW	wns/als/wn-data-als.tab	imported_unreviewed			pos_from_wordnet
shpenzim_V	V	shpenzim			Albanet/OMW	wns/als/wn-data-als.tab	imported_unreviewed			pos_from_wordnet
shpenzoj_V	V	shpenzoj			Albanet/OMW	wns/als/wn-data-als.tab	imported_unreviewed			pos_from_wordnet
shpif_V	V	shpif			Albanet/OMW	wns/als/wn-data-als.tab	imported_unreviewed			pos_from_wordnet
shpim_V	V	shpim			Albanet/OMW	wns/als/wn-data-als.tab	imported_unreviewed			pos_from_wordnet
shpjegoj_V	V	shpjegoj			Albanet/OMW	wns/als/wn-data-als.tab	imported_unreviewed			pos_from_wordnet
shpoj_V	V	shpoj			Albanet/OMW	wns/als/wn-data-als.tab	imported_unreviewed			pos_from_wordnet
shpreh_V	V	shpreh			Albanet/OMW	wns/als/wn-data-als.tab	imported_unreviewed			pos_from_wordnet
shpreh_gezim_V	V	shpreh gëzim			Albanet/OMW	wns/als/wn-data-als.tab	imported_unreviewed			multiword,pos_from_wordnet
shpreh_hare_V	V	shpreh hare			Albanet/OMW	wns/als/wn-data-als.tab	imported_unreviewed			multiword,pos_from_wordnet
shpreh_me_fjale_V	V	shpreh me fjalë			Albanet/OMW	wns/als/wn-data-als.tab	imported_unreviewed			multiword,pos_from_wordnet
shprese_V	V	shprese			Albanet/OMW	wns/als/wn-data-als.tab	imported_unreviewed			pos_from_wordnet
shprese_suksesi_V	V	shpresë suksesi			Albanet/OMW	wns/als/wn-data-als.tab	imported_unreviewed			multiword,pos_from_wordnet
shpelarje_V	V	shpëlarje			Albanet/OMW	wns/als/wn-data-als.tab	imported_unreviewed			pos_from_wordnet
shpendaj_V	V	shpëndaj			Albanet/OMW	wns/als/wn-data-als.tab	imported_unreviewed			pos_from_wordnet
shperbehet_V	V	shpërbëhet			Albanet/OMW	wns/als/wn-data-als.tab	imported_unreviewed			pos_from_wordnet
shperbej_V	V	shpërbëj			Albanet/OMW	wns/als/wn-data-als.tab	imported_unreviewed			pos_from_wordnet
shperdoroj_V	V	shpërdoroj			Albanet/OMW	wns/als/wn-data-als.tab	imported_unreviewed			pos_from_wordnet
shperfill_V	V	shpërfill			Albanet/OMW	wns/als/wn-data-als.tab	imported_unreviewed			pos_from_wordnet
shperhap_V	V	shpërhap			Albanet/OMW	wns/als/wn-data-als.tab	imported_unreviewed			pos_from_wordnet
shperndahem_V	V	shpërndahem			Albanet/OMW	wns/als/wn-data-als.tab	imported_unreviewed			pos_from_wordnet
shperndaj_V	V	shpërndaj			Albanet/OMW	wns/als/wn-data-als.tab	imported_unreviewed			pos_from_wordnet
shperndarje_V	V	shpërndarje			Albanet/OMW	wns/als/wn-data-als.tab	imported_unreviewed			pos_from_wordnet
shperthej_V	V	shpërthej			Albanet/OMW	wns/als/wn-data-als.tab	imported_unreviewed			pos_from_wordnet
shperthim_V	V	shpërthim			Albanet/OMW	wns/als/wn-data-als.tab	imported_unreviewed			pos_from_wordnet
shqetesim_V	V	shqetësim			Albanet/OMW	wns/als/wn-data-als.tab	imported_unreviewed			pos_from_wordnet
shqetesoj_V	V	shqetësoj			Albanet/OMW	wns/als/wn-data-als.tab	imported_unreviewed			pos_from_wordnet
shqiptoj_V	V	shqiptoj			Albanet/OMW	wns/als/wn-data-als.tab	imported_unreviewed			pos_from_wordnet
shqiptoj_fjale_fjale_V	V	shqiptoj fjalë-fjalë			Albanet/OMW	wns/als/wn-data-als.tab	imported_unreviewed			multiword,pos_from_wordnet
shquaj_V	V	shquaj			Albanet/OMW	wns/als/wn-data-als.tab	imported_unreviewed			pos_from_wordnet
shqyrtoj_V	V	shqyrtoj			Albanet/OMW	wns/als/wn-data-als.tab	imported_unreviewed			pos_from_wordnet
shteg_V	V	shteg			Albanet/OMW	wns/als/wn-data-als.tab	imported_unreviewed			pos_from_wordnet
shtendosem_V	V	shtendosem			Albanet/OMW	wns/als/wn-data-als.tab	imported_unreviewed			pos_from_wordnet
shter_V	V	shter			Albanet/OMW	wns/als/wn-data-als.tab	imported_unreviewed			pos_from_wordnet
shterngate_V	V	shterngate			Albanet/OMW	wns/als/wn-data-als.tab	imported_unreviewed			pos_from_wordnet
shtese_V	V	shtesë			Albanet/OMW	wns/als/wn-data-als.tab	imported_unreviewed			pos_from_wordnet
shtie_ne_dore_V	V	shtie në dorë			Albanet/OMW	wns/als/wn-data-als.tab	imported_unreviewed			multiword,pos_from_wordnet
shtim_V	V	shtim			Albanet/OMW	wns/als/wn-data-als.tab	imported_unreviewed			pos_from_wordnet
shtime_V	V	shtime			Albanet/OMW	wns/als/wn-data-als.tab	imported_unreviewed			pos_from_wordnet
shtjelloj_V	V	shtjelloj			Albanet/OMW	wns/als/wn-data-als.tab	imported_unreviewed			pos_from_wordnet
shtohem_V	V	shtohem			Albanet/OMW	wns/als/wn-data-als.tab	imported_unreviewed			pos_from_wordnet
shtoj_V	V	shtoj			Albanet/OMW	wns/als/wn-data-als.tab	imported_unreviewed			pos_from_wordnet
shtoj_ne_peshe_V	V	shtoj në peshë			Albanet/OMW	wns/als/wn-data-als.tab	imported_unreviewed			multiword,pos_from_wordnet
shtojce_V	V	shtojcë			Albanet/OMW	wns/als/wn-data-als.tab	imported_unreviewed			pos_from_wordnet
shtrese_V	V	shtresë			Albanet/OMW	wns/als/wn-data-als.tab	imported_unreviewed			pos_from_wordnet
shtri_V	V	shtri			Albanet/OMW	wns/als/wn-data-als.tab	imported_unreviewed			pos_from_wordnet
shtrihem_V	V	shtrihem			Albanet/OMW	wns/als/wn-data-als.tab	imported_unreviewed			pos_from_wordnet
shtrij_V	V	shtrij			Albanet/OMW	wns/als/wn-data-als.tab	imported_unreviewed			pos_from_wordnet
shtrengim_V	V	shtrëngim			Albanet/OMW	wns/als/wn-data-als.tab	imported_unreviewed			pos_from_wordnet
shtrengohem_V	V	shtrëngohem			Albanet/OMW	wns/als/wn-data-als.tab	imported_unreviewed			pos_from_wordnet
shtrengoj_V	V	shtrëngoj			Albanet/OMW	wns/als/wn-data-als.tab	imported_unreviewed			pos_from_wordnet
shturje_V	V	shturje			Albanet/OMW	wns/als/wn-data-als.tab	imported_unreviewed			pos_from_wordnet
shty_V	V	shty			Albanet/OMW	wns/als/wn-data-als.tab	imported_unreviewed			pos_from_wordnet
shtyj_V	V	shtyj			Albanet/OMW	wns/als/wn-data-als.tab	imported_unreviewed			pos_from_wordnet
shtyj_afatin_V	V	shtyj afatin			Albanet/OMW	wns/als/wn-data-als.tab	imported_unreviewed			multiword,pos_from_wordnet
shtyj_menjane_V	V	shtyj mënjanë			Albanet/OMW	wns/als/wn-data-als.tab	imported_unreviewed			multiword,pos_from_wordnet
shtyp_V	V	shtyp			Albanet/OMW	wns/als/wn-data-als.tab	imported_unreviewed			pos_from_wordnet
shtypje_V	V	shtypje			Albanet/OMW	wns/als/wn-data-als.tab	imported_unreviewed			pos_from_wordnet
shtyrje_V	V	shtyrje			Albanet/OMW	wns/als/wn-data-als.tab	imported_unreviewed			pos_from_wordnet
shtyse_V	V	shtysë			Albanet/OMW	wns/als/wn-data-als.tab	imported_unreviewed			pos_from_wordnet
shtytje_V	V	shtytje			Albanet/OMW	wns/als/wn-data-als.tab	imported_unreviewed			pos_from_wordnet
shuaj_V	V	shuaj			Albanet/OMW	wns/als/wn-data-als.tab	imported_unreviewed			pos_from_wordnet
shuhem_V	V	shuhem			Albanet/OMW	wns/als/wn-data-als.tab	imported_unreviewed			pos_from_wordnet
shuhet_V	V	shuhet			Albanet/OMW	wns/als/wn-data-als.tab	imported_unreviewed			pos_from_wordnet
shumohem_V	V	shumohem			Albanet/OMW	wns/als/wn-data-als.tab	imported_unreviewed			pos_from_wordnet
shume_V	V	shumë			Albanet/OMW	wns/als/wn-data-als.tab	imported_unreviewed			pos_from_wordnet
shumefishoj_V	V	shumëfishoj			Albanet/OMW	wns/als/wn-data-als.tab	imported_unreviewed			pos_from_wordnet
shushurij_V	V	shushurij			Albanet/OMW	wns/als/wn-data-als.tab	imported_unreviewed			pos_from_wordnet
shushurime_V	V	shushurimë			Albanet/OMW	wns/als/wn-data-als.tab	imported_unreviewed			pos_from_wordnet
shenim_V	V	shënim			Albanet/OMW	wns/als/wn-data-als.tab	imported_unreviewed			pos_from_wordnet
shenoj_V	V	shënoj			Albanet/OMW	wns/als/wn-data-als.tab	imported_unreviewed			pos_from_wordnet
sherbej_V__2	V	shërbej			Albanet/OMW	wns/als/wn-data-als.tab	imported_unreviewed			pos_from_wordnet
sherbim_V	V	shërbim			Albanet/OMW	wns/als/wn-data-als.tab	imported_unreviewed			pos_from_wordnet
sheroj_V	V	shëroj			Albanet/OMW	wns/als/wn-data-als.tab	imported_unreviewed			pos_from_wordnet
shetis_V	V	shëtis			Baseline LexiconSqi	walk_V	baseline_lexicon_exact	walk_V		lexicon_sqi_exact
shetitje_V	V	shëtitje			Albanet/OMW	wns/als/wn-data-als.tab	imported_unreviewed			pos_from_wordnet
siguroj_V	V	siguroj			Albanet/OMW	wns/als/wn-data-als.tab	imported_unreviewed			pos_from_wordnet
sillem_V	V	sillem			Albanet/OMW	wns/als/wn-data-als.tab	imported_unreviewed			pos_from_wordnet
siperfaqe_V	V	sipërfaqe			Albanet/OMW	wns/als/wn-data-als.tab	imported_unreviewed			pos_from_wordnet
sistem_veprimesh_V	V	sistem veprimesh			Albanet/OMW	wns/als/wn-data-als.tab	imported_unreviewed			multiword,pos_from_wordnet
sistemohem_V	V	sistemohem			Albanet/OMW	wns/als/wn-data-als.tab	imported_unreviewed			pos_from_wordnet
sistemoj_V	V	sistemoj			Albanet/OMW	wns/als/wn-data-als.tab	imported_unreviewed			pos_from_wordnet
sjell_ndermend_V	V	sjell ndërmend			Albanet/OMW	wns/als/wn-data-als.tab	imported_unreviewed			multiword,pos_from_wordnet
sjell_ne_jete_V	V	sjell në jetë			Albanet/OMW	wns/als/wn-data-als.tab	imported_unreviewed			multiword,pos_from_wordnet
sjell_ne_mend_V	V	sjell në mend			Albanet/OMW	wns/als/wn-data-als.tab	imported_unreviewed			multiword,pos_from_wordnet
sjellje_V	V	sjellje			Albanet/OMW	wns/als/wn-data-als.tab	imported_unreviewed			pos_from_wordnet
skaj_V	V	skaj			Albanet/OMW	wns/als/wn-data-als.tab	imported_unreviewed			pos_from_wordnet
ski_V	V	ski			Albanet/OMW	wns/als/wn-data-als.tab	imported_unreviewed			pos_from_wordnet
skicoj_V	V	skicoj			Albanet/OMW	wns/als/wn-data-als.tab	imported_unreviewed			pos_from_wordnet
skuq_V	V	skuq			Albanet/OMW	wns/als/wn-data-als.tab	imported_unreviewed			pos_from_wordnet
skuqem_V	V	skuqem			Albanet/OMW	wns/als/wn-data-als.tab	imported_unreviewed			pos_from_wordnet
skuqje_V	V	skuqje			Albanet/OMW	wns/als/wn-data-als.tab	imported_unreviewed			pos_from_wordnet
sleep_with_V	V	sleep with			Albanet/OMW	wns/als/wn-data-als.tab	imported_unreviewed			multiword,pos_from_wordnet
sokellij_V	V	sokëllij			Albanet/OMW	wns/als/wn-data-als.tab	imported_unreviewed			pos_from_wordnet
sos_durimin_V	V	sos durimin			Albanet/OMW	wns/als/wn-data-als.tab	imported_unreviewed			multiword,pos_from_wordnet
specifikoj_V	V	specifikoj			Albanet/OMW	wns/als/wn-data-als.tab	imported_unreviewed			pos_from_wordnet
spekuloj_V	V	spekuloj			Albanet/OMW	wns/als/wn-data-als.tab	imported_unreviewed			pos_from_wordnet
sprove_V	V	sprovë			Albanet/OMW	wns/als/wn-data-als.tab	imported_unreviewed			pos_from_wordnet
sperkat_V	V	spërkat			Albanet/OMW	wns/als/wn-data-als.tab	imported_unreviewed			pos_from_wordnet
sperke_V	V	spërkë			Albanet/OMW	wns/als/wn-data-als.tab	imported_unreviewed			pos_from_wordnet
sqaroj_V	V	sqaroj			Albanet/OMW	wns/als/wn-data-als.tab	imported_unreviewed			pos_from_wordnet
stabilizoj_V	V	stabilizoj			Albanet/OMW	wns/als/wn-data-als.tab	imported_unreviewed			pos_from_wordnet
stakoj_V	V	stakoj			Albanet/OMW	wns/als/wn-data-als.tab	imported_unreviewed			pos_from_wordnet
sterilizoj_V	V	sterilizoj			Albanet/OMW	wns/als/wn-data-als.tab	imported_unreviewed			pos_from_wordnet
stimuloj_V	V	stimuloj			Albanet/OMW	wns/als/wn-data-als.tab	imported_unreviewed			pos_from_wordnet
stolis_V	V	stolis			Albanet/OMW	wns/als/wn-data-als.tab	imported_unreviewed			pos_from_wordnet
strehohem_V	V	strehohem			Albanet/OMW	wns/als/wn-data-als.tab	imported_unreviewed			pos_from_wordnet
strukem_V	V	strukem			Albanet/OMW	wns/als/wn-data-als.tab	imported_unreviewed			pos_from_wordnet
studioj_V	V	studioj			Albanet/OMW	wns/als/wn-data-als.tab	imported_unreviewed			pos_from_wordnet
stuhi_V	V	stuhi			Albanet/OMW	wns/als/wn-data-als.tab	imported_unreviewed			pos_from_wordnet
stervit_V	V	stërvit			Albanet/OMW	wns/als/wn-data-als.tab	imported_unreviewed			pos_from_wordnet
stervitem_V	V	stërvitem			Albanet/OMW	wns/als/wn-data-als.tab	imported_unreviewed			pos_from_wordnet
sugjeroj_V	V	sugjeroj			Albanet/OMW	wns/als/wn-data-als.tab	imported_unreviewed			pos_from_wordnet
sukses_V	V	sukses			Albanet/OMW	wns/als/wn-data-als.tab	imported_unreviewed			pos_from_wordnet
sulm_V	V	sulm			Albanet/OMW	wns/als/wn-data-als.tab	imported_unreviewed			pos_from_wordnet
sulmoj_V	V	sulmoj			Albanet/OMW	wns/als/wn-data-als.tab	imported_unreviewed			pos_from_wordnet
suportoj_V	V	suportoj			Albanet/OMW	wns/als/wn-data-als.tab	imported_unreviewed			pos_from_wordnet
supozim_V	V	supozim			Albanet/OMW	wns/als/wn-data-als.tab	imported_unreviewed			pos_from_wordnet
supozoj_V	V	supozoj			Albanet/OMW	wns/als/wn-data-als.tab	imported_unreviewed			pos_from_wordnet
sembim_V	V	sëmbim			Albanet/OMW	wns/als/wn-data-als.tab	imported_unreviewed			pos_from_wordnet
semundje_V	V	sëmundje			Albanet/OMW	wns/als/wn-data-als.tab	imported_unreviewed			pos_from_wordnet
semure_lehte_V	V	sëmurë lehtë			Albanet/OMW	wns/als/wn-data-als.tab	imported_unreviewed			multiword,pos_from_wordnet
tabele_V	V	tabelë			Albanet/OMW	wns/als/wn-data-als.tab	imported_unreviewed			pos_from_wordnet
takohen_ne_V	V	takohen në			Albanet/OMW	wns/als/wn-data-als.tab	imported_unreviewed			multiword,pos_from_wordnet
takoj_V	V	takoj			Albanet/OMW	wns/als/wn-data-als.tab	imported_unreviewed			pos_from_wordnet
tall_V	V	tall			Albanet/OMW	wns/als/wn-data-als.tab	imported_unreviewed			pos_from_wordnet
talles_V	V	tallës			Albanet/OMW	wns/als/wn-data-als.tab	imported_unreviewed			pos_from_wordnet
tambur_V	V	tambur			Albanet/OMW	wns/als/wn-data-als.tab	imported_unreviewed			pos_from_wordnet
tatepjete_V	V	tatëpjetë			Albanet/OMW	wns/als/wn-data-als.tab	imported_unreviewed			pos_from_wordnet
tejkaloj_V	V	tejkaloj			Albanet/OMW	wns/als/wn-data-als.tab	imported_unreviewed			pos_from_wordnet
telefonoj_V	V	telefonoj			Albanet/OMW	wns/als/wn-data-als.tab	imported_unreviewed			pos_from_wordnet
telekomunikim_V	V	telekomunikim			Albanet/OMW	wns/als/wn-data-als.tab	imported_unreviewed			pos_from_wordnet
telikos_V	V	telikos			Albanet/OMW	wns/als/wn-data-als.tab	imported_unreviewed			pos_from_wordnet
tendos_V	V	tendos			Albanet/OMW	wns/als/wn-data-als.tab	imported_unreviewed			pos_from_wordnet
tensionoj_V	V	tensionoj			Albanet/OMW	wns/als/wn-data-als.tab	imported_unreviewed			pos_from_wordnet
tentative_V	V	tentativë			Albanet/OMW	wns/als/wn-data-als.tab	imported_unreviewed			pos_from_wordnet
teorizoj_V	V	teorizoj			Albanet/OMW	wns/als/wn-data-als.tab	imported_unreviewed			pos_from_wordnet
terezis_V	V	terezis			Albanet/OMW	wns/als/wn-data-als.tab	imported_unreviewed			pos_from_wordnet
testoj_V	V	testoj			Albanet/OMW	wns/als/wn-data-als.tab	imported_unreviewed			pos_from_wordnet
thahem_V	V	thahem			Albanet/OMW	wns/als/wn-data-als.tab	imported_unreviewed			pos_from_wordnet
thahet_V	V	thahet			Albanet/OMW	wns/als/wn-data-als.tab	imported_unreviewed			pos_from_wordnet
thaj_V	V	thaj			Albanet/OMW	wns/als/wn-data-als.tab	imported_unreviewed			pos_from_wordnet
tharbem_V	V	tharbem			Albanet/OMW	wns/als/wn-data-als.tab	imported_unreviewed			pos_from_wordnet
tharje_V	V	tharje			Albanet/OMW	wns/als/wn-data-als.tab	imported_unreviewed			pos_from_wordnet
thartoj_V	V	thartoj			Albanet/OMW	wns/als/wn-data-als.tab	imported_unreviewed			pos_from_wordnet
thashetheme_V	V	thashetheme			Albanet/OMW	wns/als/wn-data-als.tab	imported_unreviewed			pos_from_wordnet
thek_V	V	thek			Albanet/OMW	wns/als/wn-data-als.tab	imported_unreviewed			pos_from_wordnet
theksim_V	V	theksim			Albanet/OMW	wns/als/wn-data-als.tab	imported_unreviewed			pos_from_wordnet
theksoj_V	V	theksoj			Albanet/OMW	wns/als/wn-data-als.tab	imported_unreviewed			pos_from_wordnet
thellesi_V	V	thellësi			Albanet/OMW	wns/als/wn-data-als.tab	imported_unreviewed			pos_from_wordnet
them_V	V	them			Albanet/OMW	wns/als/wn-data-als.tab	imported_unreviewed			pos_from_wordnet
them_lamtumire_V	V	them lamtumirë			Albanet/OMW	wns/als/wn-data-als.tab	imported_unreviewed			multiword,pos_from_wordnet
themeloj_V	V	themeloj			Albanet/OMW	wns/als/wn-data-als.tab	imported_unreviewed			pos_from_wordnet
ther_V	V	ther			Albanet/OMW	wns/als/wn-data-als.tab	imported_unreviewed			pos_from_wordnet
therje_V	V	therje			Albanet/OMW	wns/als/wn-data-als.tab	imported_unreviewed			pos_from_wordnet
thesar_V	V	thesar			Albanet/OMW	wns/als/wn-data-als.tab	imported_unreviewed			pos_from_wordnet
thirrje_V	V	thirrje			Albanet/OMW	wns/als/wn-data-als.tab	imported_unreviewed			pos_from_wordnet
thithin_V	V	thithin			Albanet/OMW	wns/als/wn-data-als.tab	imported_unreviewed			pos_from_wordnet
thithje_V	V	thithje			Albanet/OMW	wns/als/wn-data-als.tab	imported_unreviewed			pos_from_wordnet
thumbim_V	V	thumbim			Albanet/OMW	wns/als/wn-data-als.tab	imported_unreviewed			pos_from_wordnet
thur_V	V	thur			Albanet/OMW	wns/als/wn-data-als.tab	imported_unreviewed			pos_from_wordnet
thyej_V	V	thyej			Albanet/OMW	wns/als/wn-data-als.tab	imported_unreviewed			pos_from_wordnet
thermohet_V	V	thërmohet			Albanet/OMW	wns/als/wn-data-als.tab	imported_unreviewed			pos_from_wordnet
therras_V	V	thërras			Albanet/OMW	wns/als/wn-data-als.tab	imported_unreviewed			pos_from_wordnet
therrmoj_V	V	thërrmoj			Albanet/OMW	wns/als/wn-data-als.tab	imported_unreviewed			pos_from_wordnet
tiganis_V	V	tiganis			Albanet/OMW	wns/als/wn-data-als.tab	imported_unreviewed			pos_from_wordnet
tik_tak_V	V	tik tak			Albanet/OMW	wns/als/wn-data-als.tab	imported_unreviewed			multiword,pos_from_wordnet
tingull_V	V	tingull			Albanet/OMW	wns/als/wn-data-als.tab	imported_unreviewed			pos_from_wordnet
tingull_ore_V	V	tingull ore			Albanet/OMW	wns/als/wn-data-als.tab	imported_unreviewed			multiword,pos_from_wordnet
tingullues_V	V	tingullues			Albanet/OMW	wns/als/wn-data-als.tab	imported_unreviewed			pos_from_wordnet
tingellim_V	V	tingëllim			Albanet/OMW	wns/als/wn-data-als.tab	imported_unreviewed			pos_from_wordnet
tingellim_kembanash_V	V	tingëllim këmbanash			Albanet/OMW	wns/als/wn-data-als.tab	imported_unreviewed			multiword,pos_from_wordnet
tingellon_V	V	tingëllon			Albanet/OMW	wns/als/wn-data-als.tab	imported_unreviewed			pos_from_wordnet
tipizoj_V	V	tipizoj			Albanet/OMW	wns/als/wn-data-als.tab	imported_unreviewed			pos_from_wordnet
tkurr_V	V	tkurr			Albanet/OMW	wns/als/wn-data-als.tab	imported_unreviewed			pos_from_wordnet
tkurrem_V	V	tkurrem			Albanet/OMW	wns/als/wn-data-als.tab	imported_unreviewed			pos_from_wordnet
toleroj_V	V	toleroj			Albanet/OMW	wns/als/wn-data-als.tab	imported_unreviewed			pos_from_wordnet
torturoj_V	V	torturoj			Albanet/OMW	wns/als/wn-data-als.tab	imported_unreviewed			pos_from_wordnet
trajnoj_V	V	trajnoj			Albanet/OMW	wns/als/wn-data-als.tab	imported_unreviewed			pos_from_wordnet
trajtoj_V	V	trajtoj			Albanet/OMW	wns/als/wn-data-als.tab	imported_unreviewed			pos_from_wordnet
transferim_V	V	transferim			Albanet/OMW	wns/als/wn-data-als.tab	imported_unreviewed			pos_from_wordnet
transferoj_V	V	transferoj			Albanet/OMW	wns/als/wn-data-als.tab	imported_unreviewed			pos_from_wordnet
transformoj_V	V	transformoj			Albanet/OMW	wns/als/wn-data-als.tab	imported_unreviewed			pos_from_wordnet
transmetoj_V	V	transmetoj			Albanet/OMW	wns/als/wn-data-als.tab	imported_unreviewed			pos_from_wordnet
transportim_V	V	transportim			Albanet/OMW	wns/als/wn-data-als.tab	imported_unreviewed			pos_from_wordnet
transportoj_V	V	transportoj			Albanet/OMW	wns/als/wn-data-als.tab	imported_unreviewed			pos_from_wordnet
trazim_V	V	trazim			Albanet/OMW	wns/als/wn-data-als.tab	imported_unreviewed			pos_from_wordnet
trazoj_V	V	trazoj			Albanet/OMW	wns/als/wn-data-als.tab	imported_unreviewed			pos_from_wordnet
tregoj_V	V	tregoj			Albanet/OMW	wns/als/wn-data-als.tab	imported_unreviewed			pos_from_wordnet
tregoj_rrugen_V	V	tregoj rrugën			Albanet/OMW	wns/als/wn-data-als.tab	imported_unreviewed			multiword,pos_from_wordnet
tregti_V	V	tregti			Albanet/OMW	wns/als/wn-data-als.tab	imported_unreviewed			pos_from_wordnet
tregues_V	V	tregues			Albanet/OMW	wns/als/wn-data-als.tab	imported_unreviewed			pos_from_wordnet
tregeti_V	V	tregëti			Albanet/OMW	wns/als/wn-data-als.tab	imported_unreviewed			pos_from_wordnet
trembje_V	V	trembje			Albanet/OMW	wns/als/wn-data-als.tab	imported_unreviewed			pos_from_wordnet
tren_V	V	tren			Albanet/OMW	wns/als/wn-data-als.tab	imported_unreviewed			pos_from_wordnet
tret_V	V	tret			Albanet/OMW	wns/als/wn-data-als.tab	imported_unreviewed			pos_from_wordnet
tretem_V	V	tretem			Albanet/OMW	wns/als/wn-data-als.tab	imported_unreviewed			pos_from_wordnet
trilloj_V	V	trilloj			Albanet/OMW	wns/als/wn-data-als.tab	imported_unreviewed			pos_from_wordnet
tringellime_V	V	tringëllimë			Albanet/OMW	wns/als/wn-data-als.tab	imported_unreviewed			pos_from_wordnet
triumfoj_V	V	triumfoj			Albanet/OMW	wns/als/wn-data-als.tab	imported_unreviewed			pos_from_wordnet
trokitje_e_lehte_V	V	trokitje e lehtë			Albanet/OMW	wns/als/wn-data-als.tab	imported_unreviewed			multiword,pos_from_wordnet
tryeze_V	V	tryezë			Albanet/OMW	wns/als/wn-data-als.tab	imported_unreviewed			pos_from_wordnet
trysni_V	V	trysni			Albanet/OMW	wns/als/wn-data-als.tab	imported_unreviewed			pos_from_wordnet
tund_V	V	tund			Albanet/OMW	wns/als/wn-data-als.tab	imported_unreviewed			pos_from_wordnet
tund_koken_V	V	tund kokën			Albanet/OMW	wns/als/wn-data-als.tab	imported_unreviewed			multiword,pos_from_wordnet
tundem_V	V	tundem			Albanet/OMW	wns/als/wn-data-als.tab	imported_unreviewed			pos_from_wordnet
turbullire_V	V	turbullirë			Albanet/OMW	wns/als/wn-data-als.tab	imported_unreviewed			pos_from_wordnet
turbulloj_V	V	turbulloj			Albanet/OMW	wns/als/wn-data-als.tab	imported_unreviewed			pos_from_wordnet
turiele_V	V	turielë			Albanet/OMW	wns/als/wn-data-als.tab	imported_unreviewed			pos_from_wordnet
turperohem_V	V	turpërohem			Albanet/OMW	wns/als/wn-data-als.tab	imported_unreviewed			pos_from_wordnet
turperoj_V	V	turpëroj			Albanet/OMW	wns/als/wn-data-als.tab	imported_unreviewed			pos_from_wordnet
turrem_V	V	turrem			Albanet/OMW	wns/als/wn-data-als.tab	imported_unreviewed			pos_from_wordnet
tymosje_V	V	tymosje			Albanet/OMW	wns/als/wn-data-als.tab	imported_unreviewed			pos_from_wordnet
te_ardhura_V	V	të ardhura			Albanet/OMW	wns/als/wn-data-als.tab	imported_unreviewed			multiword,pos_from_wordnet
te_jesh_aktiv_V	V	të jesh aktiv			Albanet/OMW	wns/als/wn-data-als.tab	imported_unreviewed			multiword,pos_from_wordnet
te_lejosh_V	V	të lejosh			Albanet/OMW	wns/als/wn-data-als.tab	imported_unreviewed			multiword,pos_from_wordnet
te_marresh_nje_sy_gjume_V	V	të marrësh një sy gjumë			Albanet/OMW	wns/als/wn-data-als.tab	imported_unreviewed			multiword,pos_from_wordnet
te_qenurit_mire_V	V	të qënurit mirë			Albanet/OMW	wns/als/wn-data-als.tab	imported_unreviewed			multiword,pos_from_wordnet
te_veprosh_ne_menyre_refleksive_V	V	të veprosh ne mënyrë refleksive			Albanet/OMW	wns/als/wn-data-als.tab	imported_unreviewed			multiword,pos_from_wordnet
te_veprosh_ne_menyre_te_pavullnetshme_V	V	të veprosh në mënyrë të pavullnetshme			Albanet/OMW	wns/als/wn-data-als.tab	imported_unreviewed			multiword,pos_from_wordnet
terheq_V	V	tërheq			Albanet/OMW	wns/als/wn-data-als.tab	imported_unreviewed			pos_from_wordnet
terheqje_V	V	tërheqje			Albanet/OMW	wns/als/wn-data-als.tab	imported_unreviewed			pos_from_wordnet
terhiqem_V	V	tërhiqem			Albanet/OMW	wns/als/wn-data-als.tab	imported_unreviewed			pos_from_wordnet
udheheq_V	V	udhëheq			Albanet/OMW	wns/als/wn-data-als.tab	imported_unreviewed			pos_from_wordnet
udheheqes_V	V	udhëheqës			Albanet/OMW	wns/als/wn-data-als.tab	imported_unreviewed			pos_from_wordnet
udherrefyes_V	V	udhërrëfyes			Albanet/OMW	wns/als/wn-data-als.tab	imported_unreviewed			pos_from_wordnet
udhetim_V	V	udhëtim			Albanet/OMW	wns/als/wn-data-als.tab	imported_unreviewed			pos_from_wordnet
udhetim_me_makine_V	V	udhëtim me makinë			Albanet/OMW	wns/als/wn-data-als.tab	imported_unreviewed			multiword,pos_from_wordnet
udhetoj_V	V	udhëtoj			Albanet/OMW | Baseline LexiconSqi	wns/als/wn-data-als.tab | travel_V	baseline_lexicon_exact	travel_V		lexicon_sqi_exact,pos_from_wordnet
udhezoj_V	V	udhëzoj			Albanet/OMW	wns/als/wn-data-als.tab	imported_unreviewed			pos_from_wordnet
ujdis_V	V	ujdis			Albanet/OMW	wns/als/wn-data-als.tab	imported_unreviewed			pos_from_wordnet
ul_V	V	ul			Albanet/OMW	wns/als/wn-data-als.tab	imported_unreviewed			pos_from_wordnet
ulem_V	V	ulem			Albanet/OMW | Baseline LexiconSqi	wns/als/wn-data-als.tab | sit_V	baseline_lexicon_exact	sit_V		lexicon_sqi_exact,pos_from_wordnet
ulje_V	V	ulje			Albanet/OMW	wns/als/wn-data-als.tab	imported_unreviewed			pos_from_wordnet
uleras_V	V	ulëras			Albanet/OMW	wns/als/wn-data-als.tab	imported_unreviewed			pos_from_wordnet
ulerij_V	V	ulërij			Albanet/OMW	wns/als/wn-data-als.tab	imported_unreviewed			pos_from_wordnet
ulerim_V	V	ulërim			Albanet/OMW	wns/als/wn-data-als.tab	imported_unreviewed			pos_from_wordnet
unifikoj_V	V	unifikoj			Albanet/OMW	wns/als/wn-data-als.tab	imported_unreviewed			pos_from_wordnet
urdheroj_V	V	urdhëroj			Albanet/OMW	wns/als/wn-data-als.tab	imported_unreviewed			pos_from_wordnet
ushqej_V	V	ushqej			Albanet/OMW	wns/als/wn-data-als.tab	imported_unreviewed			pos_from_wordnet
ushqim_V	V	ushqim			Albanet/OMW	wns/als/wn-data-als.tab	imported_unreviewed			pos_from_wordnet
ushqim_per_kafshet_V	V	ushqim per kafshët			Albanet/OMW	wns/als/wn-data-als.tab	imported_unreviewed			multiword,pos_from_wordnet
ushtime_V	V	ushtimë			Albanet/OMW	wns/als/wn-data-als.tab	imported_unreviewed			pos_from_wordnet
ushtrim_V	V	ushtrim			Albanet/OMW	wns/als/wn-data-als.tab	imported_unreviewed			pos_from_wordnet
ushtrime_V	V	ushtrime			Albanet/OMW	wns/als/wn-data-als.tab	imported_unreviewed			pos_from_wordnet
ushtroj_V	V	ushtroj			Albanet/OMW	wns/als/wn-data-als.tab	imported_unreviewed			pos_from_wordnet
uturin_V	V	uturin			Albanet/OMW	wns/als/wn-data-als.tab	imported_unreviewed			pos_from_wordnet
va_V	V	va			Albanet/OMW	wns/als/wn-data-als.tab	imported_unreviewed			pos_from_wordnet
vajtoj_V	V	vajtoj			Albanet/OMW	wns/als/wn-data-als.tab	imported_unreviewed			pos_from_wordnet
vallezim_V	V	vallëzim			Albanet/OMW	wns/als/wn-data-als.tab	imported_unreviewed			pos_from_wordnet
vale_V	V	valë			Albanet/OMW	wns/als/wn-data-als.tab	imported_unreviewed			pos_from_wordnet
valevitje_V	V	valëvitje			Albanet/OMW	wns/als/wn-data-als.tab	imported_unreviewed			pos_from_wordnet
var_V	V	var			Albanet/OMW	wns/als/wn-data-als.tab	imported_unreviewed			pos_from_wordnet
varet_V	V	varet			Albanet/OMW	wns/als/wn-data-als.tab	imported_unreviewed			pos_from_wordnet
varg_V	V	varg			Albanet/OMW	wns/als/wn-data-als.tab	imported_unreviewed			pos_from_wordnet
vazhdoj_V	V	vazhdoj			Albanet/OMW	wns/als/wn-data-als.tab	imported_unreviewed			pos_from_wordnet
vazhdoj_se_punuari_V	V	vazhdoj së punuari			Albanet/OMW	wns/als/wn-data-als.tab	imported_unreviewed			multiword,pos_from_wordnet
vazhdoj_te_jem_V	V	vazhdoj të jem			Albanet/OMW	wns/als/wn-data-als.tab	imported_unreviewed			multiword,pos_from_wordnet
vdes_V	V	vdes			Albanet/OMW | Baseline LexiconSqi	wns/als/wn-data-als.tab | die_V	baseline_lexicon_exact	die_V		lexicon_sqi_exact,pos_from_wordnet
vdes_nga_deshira_V	V	vdes nga dëshira			Albanet/OMW	wns/als/wn-data-als.tab	imported_unreviewed			multiword,pos_from_wordnet
ve_ne_raft_V	V	ve ne raft			Albanet/OMW	wns/als/wn-data-als.tab	imported_unreviewed			multiword,pos_from_wordnet
ve_ne_nje_nivel_V	V	ve në një nivel			Albanet/OMW	wns/als/wn-data-als.tab	imported_unreviewed			multiword,pos_from_wordnet
vegel_per_perkulje_hekuri_V	V	vegël për përkulje hekuri			Albanet/OMW	wns/als/wn-data-als.tab	imported_unreviewed			multiword,pos_from_wordnet
vend_i_mbyllur_V	V	vend i mbyllur			Albanet/OMW	wns/als/wn-data-als.tab	imported_unreviewed			multiword,pos_from_wordnet
vendos_V	V	vendos			Albanet/OMW	wns/als/wn-data-als.tab	imported_unreviewed			pos_from_wordnet
vendos_prane_V	V	vendos pranë			Albanet/OMW	wns/als/wn-data-als.tab	imported_unreviewed			multiword,pos_from_wordnet
vendqendrim_V	V	vendqëndrim			Albanet/OMW	wns/als/wn-data-als.tab	imported_unreviewed			pos_from_wordnet
venitet_V	V	venitet			Albanet/OMW	wns/als/wn-data-als.tab	imported_unreviewed			pos_from_wordnet
veprim_V	V	veprim			Albanet/OMW	wns/als/wn-data-als.tab	imported_unreviewed			pos_from_wordnet
vepro_V	V	vepro			Albanet/OMW	wns/als/wn-data-als.tab	imported_unreviewed			pos_from_wordnet
veproj_V	V	veproj			Albanet/OMW	wns/als/wn-data-als.tab	imported_unreviewed			pos_from_wordnet
verifikoj_V	V	verifikoj			Albanet/OMW	wns/als/wn-data-als.tab	imported_unreviewed			pos_from_wordnet
veshje_per_pritje_V	V	veshje për pritje			Albanet/OMW	wns/als/wn-data-als.tab	imported_unreviewed			multiword,pos_from_wordnet
veshtrim_V	V	veshtrim			Albanet/OMW	wns/als/wn-data-als.tab	imported_unreviewed			pos_from_wordnet
vec_V	V	veç			Albanet/OMW	wns/als/wn-data-als.tab	imported_unreviewed			pos_from_wordnet
vecmas_V	V	veçmas			Albanet/OMW	wns/als/wn-data-als.tab	imported_unreviewed			pos_from_wordnet
vecoj_V	V	veçoj			Albanet/OMW	wns/als/wn-data-als.tab	imported_unreviewed			pos_from_wordnet
vihem_pas_V	V	vihem pas			Albanet/OMW	wns/als/wn-data-als.tab	imported_unreviewed			multiword,pos_from_wordnet
vij_V	V	vij			Albanet/OMW | Baseline LexiconSqi	wns/als/wn-data-als.tab | come_V	baseline_lexicon_exact	come_V		lexicon_sqi_exact,pos_from_wordnet
vij_ne_V	V	vij në			Albanet/OMW	wns/als/wn-data-als.tab	imported_unreviewed			multiword,pos_from_wordnet
vij_ne_jete_V	V	vij në jetë			Albanet/OMW	wns/als/wn-data-als.tab	imported_unreviewed			multiword,pos_from_wordnet
vijoj_V	V	vijoj			Albanet/OMW	wns/als/wn-data-als.tab	imported_unreviewed			pos_from_wordnet
vije_e_lakuar_kurbe_V	V	vijë e lakuar,kurbë			Albanet/OMW	wns/als/wn-data-als.tab	imported_unreviewed			multiword,pos_from_wordnet,punctuation
vikatje_V	V	vikatje			Albanet/OMW	wns/als/wn-data-als.tab	imported_unreviewed			pos_from_wordnet
vishem_V	V	vishem			Albanet/OMW	wns/als/wn-data-als.tab	imported_unreviewed			pos_from_wordnet
vishu_V	V	vishu			Albanet/OMW	wns/als/wn-data-als.tab	imported_unreviewed			pos_from_wordnet
vizatim_V	V	vizatim			Albanet/OMW	wns/als/wn-data-als.tab	imported_unreviewed			pos_from_wordnet
vizatoj_V	V	vizatoj			Albanet/OMW	wns/als/wn-data-als.tab	imported_unreviewed			pos_from_wordnet
vjell_V	V	vjell			Baseline LexiconSqi	vomit_V	baseline_lexicon_exact	vomit_V		lexicon_sqi_exact
vjen_nga_V	V	vjen nga			Albanet/OMW	wns/als/wn-data-als.tab	imported_unreviewed			multiword,pos_from_wordnet
vjetersohem_V	V	vjetërsohem			Albanet/OMW	wns/als/wn-data-als.tab	imported_unreviewed			pos_from_wordnet
vlen_V	V	vlen			Albanet/OMW	wns/als/wn-data-als.tab	imported_unreviewed			pos_from_wordnet
vlere_V	V	vlere			Albanet/OMW	wns/als/wn-data-als.tab	imported_unreviewed			pos_from_wordnet
vlere_V__2	V	vlerë			Albanet/OMW	wns/als/wn-data-als.tab	imported_unreviewed			pos_from_wordnet
vleresim_V	V	vlerësim			Albanet/OMW	wns/als/wn-data-als.tab	imported_unreviewed			pos_from_wordnet
vleresoj_V	V	vlerësoj			Albanet/OMW	wns/als/wn-data-als.tab	imported_unreviewed			pos_from_wordnet
vleresues_V	V	vlerësues			Albanet/OMW	wns/als/wn-data-als.tab	imported_unreviewed			pos_from_wordnet
vlon_V	V	vlon			Albanet/OMW	wns/als/wn-data-als.tab	imported_unreviewed			pos_from_wordnet
vonoj_V	V	vonoj			Albanet/OMW	wns/als/wn-data-als.tab	imported_unreviewed			pos_from_wordnet
vrap_V	V	vrap			Albanet/OMW	wns/als/wn-data-als.tab	imported_unreviewed			pos_from_wordnet
vrapim_V	V	vrapim			Albanet/OMW	wns/als/wn-data-als.tab	imported_unreviewed			pos_from_wordnet
vrapim_me_vrull_V	V	vrapim me vrull			Albanet/OMW	wns/als/wn-data-als.tab	imported_unreviewed			multiword,pos_from_wordnet
vrapim_shpejtesie_V	V	vrapim shpejtësie			Albanet/OMW	wns/als/wn-data-als.tab	imported_unreviewed			multiword,pos_from_wordnet
vrapoj_V	V	vrapoj			Albanet/OMW | Baseline LexiconSqi	wns/als/wn-data-als.tab | run_V	baseline_lexicon_exact	run_V		lexicon_sqi_exact,pos_from_wordnet
vras_V	V	vras			Albanet/OMW	wns/als/wn-data-als.tab	imported_unreviewed			pos_from_wordnet
vras_mendjen_V	V	vras mendjen			Albanet/OMW	wns/als/wn-data-als.tab	imported_unreviewed			multiword,pos_from_wordnet
vrasje_V	V	vrasje			Albanet/OMW	wns/als/wn-data-als.tab	imported_unreviewed			pos_from_wordnet
vrime_V	V	vrimë			Albanet/OMW	wns/als/wn-data-als.tab	imported_unreviewed			pos_from_wordnet
vringelloj_V	V	vringëlloj			Albanet/OMW	wns/als/wn-data-als.tab	imported_unreviewed			pos_from_wordnet
vrojtoj_V	V	vrojtoj			Albanet/OMW	wns/als/wn-data-als.tab	imported_unreviewed			pos_from_wordnet
vrojton_V	V	vrojton			Albanet/OMW	wns/als/wn-data-als.tab	imported_unreviewed			pos_from_wordnet
vrull_V	V	vrull			Albanet/OMW	wns/als/wn-data-als.tab	imported_unreviewed			pos_from_wordnet
vrullshem_V	V	vrullshëm			Albanet/OMW	wns/als/wn-data-als.tab	imported_unreviewed			pos_from_wordnet
vuaj_V	V	vuaj			Albanet/OMW	wns/als/wn-data-als.tab	imported_unreviewed			pos_from_wordnet
vuajtje_V	V	vuajtje			Albanet/OMW	wns/als/wn-data-als.tab	imported_unreviewed			pos_from_wordnet
vullnetar_V	V	vullnetar			Albanet/OMW	wns/als/wn-data-als.tab	imported_unreviewed			pos_from_wordnet
vyshk_V	V	vyshk			Albanet/OMW	wns/als/wn-data-als.tab	imported_unreviewed			pos_from_wordnet
ve_V	V	vë			Albanet/OMW	wns/als/wn-data-als.tab	imported_unreviewed			pos_from_wordnet
ve_cak_V	V	vë cak			Albanet/OMW	wns/als/wn-data-als.tab	imported_unreviewed			multiword,pos_from_wordnet
ve_jeten_ne_rrezik_V	V	vë jetën në rrezik			Albanet/OMW	wns/als/wn-data-als.tab	imported_unreviewed			multiword,pos_from_wordnet
ve_ne_dijeni_V	V	vë në dijeni			Albanet/OMW	wns/als/wn-data-als.tab	imported_unreviewed			multiword,pos_from_wordnet
ve_ne_loje_V	V	vë në lojë			Albanet/OMW	wns/als/wn-data-als.tab	imported_unreviewed			multiword,pos_from_wordnet
ve_ne_merak_V	V	vë në merak			Albanet/OMW	wns/als/wn-data-als.tab	imported_unreviewed			multiword,pos_from_wordnet
ve_ne_plan_V	V	vë në plan			Albanet/OMW	wns/als/wn-data-als.tab	imported_unreviewed			multiword,pos_from_wordnet
ve_ne_prove_V	V	vë në provë			Albanet/OMW	wns/als/wn-data-als.tab	imported_unreviewed			multiword,pos_from_wordnet
ve_ne_rregull_V	V	vë në rregull			Albanet/OMW	wns/als/wn-data-als.tab	imported_unreviewed			multiword,pos_from_wordnet
ve_ne_rrezik_V	V	vë në rrezik			Albanet/OMW	wns/als/wn-data-als.tab	imported_unreviewed			multiword,pos_from_wordnet
ve_ne_vije_V	V	vë në vijë			Albanet/OMW	wns/als/wn-data-als.tab	imported_unreviewed			multiword,pos_from_wordnet
ve_re_V	V	vë re			Albanet/OMW	wns/als/wn-data-als.tab	imported_unreviewed			multiword,pos_from_wordnet
ve_zjarr_V	V	vë zjarr			Albanet/OMW	wns/als/wn-data-als.tab	imported_unreviewed			multiword,pos_from_wordnet
vemendje_V	V	vëmendje			Albanet/OMW	wns/als/wn-data-als.tab	imported_unreviewed			pos_from_wordnet
venie_taksash_V	V	vënie taksash			Albanet/OMW	wns/als/wn-data-als.tab	imported_unreviewed			multiword,pos_from_wordnet
vershim_V	V	vërshim			Albanet/OMW	wns/als/wn-data-als.tab	imported_unreviewed			pos_from_wordnet
vertetoj_V	V	vërtetoj			Albanet/OMW	wns/als/wn-data-als.tab	imported_unreviewed			pos_from_wordnet
vertitem_V	V	vërtitem			Albanet/OMW	wns/als/wn-data-als.tab	imported_unreviewed			pos_from_wordnet
veshtiresi_V	V	vështirësi			Albanet/OMW	wns/als/wn-data-als.tab	imported_unreviewed			pos_from_wordnet
veshtrim_ngultas_V	V	vështrim ngultas			Albanet/OMW	wns/als/wn-data-als.tab	imported_unreviewed			multiword,pos_from_wordnet
veshtroj_ngultas_V	V	vështroj ngultas			Albanet/OMW	wns/als/wn-data-als.tab	imported_unreviewed			multiword,pos_from_wordnet
vezhgim_V	V	vëzhgim			Albanet/OMW	wns/als/wn-data-als.tab	imported_unreviewed			pos_from_wordnet
xhindos_V	V	xhindos			Albanet/OMW	wns/als/wn-data-als.tab	imported_unreviewed			pos_from_wordnet
zakon_V	V	zakon			Albanet/OMW	wns/als/wn-data-als.tab	imported_unreviewed			pos_from_wordnet
zaptoj_V	V	zaptoj			Albanet/OMW	wns/als/wn-data-als.tab	imported_unreviewed			pos_from_wordnet
zbardh_V	V	zbardh			Albanet/OMW	wns/als/wn-data-als.tab	imported_unreviewed			pos_from_wordnet
zbardhet_V	V	zbardhet			Albanet/OMW	wns/als/wn-data-als.tab	imported_unreviewed			pos_from_wordnet
zbatoj_V	V	zbatoj			Albanet/OMW	wns/als/wn-data-als.tab	imported_unreviewed			pos_from_wordnet
zbavitem_V	V	zbavitem			Albanet/OMW	wns/als/wn-data-als.tab	imported_unreviewed			pos_from_wordnet
zbeh_V	V	zbeh			Albanet/OMW	wns/als/wn-data-als.tab	imported_unreviewed			pos_from_wordnet
zbehem_V	V	zbehem			Albanet/OMW	wns/als/wn-data-als.tab	imported_unreviewed			pos_from_wordnet
zbraz_V	V	zbraz			Albanet/OMW	wns/als/wn-data-als.tab	imported_unreviewed			pos_from_wordnet
zbrazje_V	V	zbrazje			Albanet/OMW	wns/als/wn-data-als.tab	imported_unreviewed			pos_from_wordnet
zbres_V	V	zbres			Albanet/OMW	wns/als/wn-data-als.tab	imported_unreviewed			pos_from_wordnet
zbres_nga_V	V	zbres nga			Albanet/OMW	wns/als/wn-data-als.tab	imported_unreviewed			multiword,pos_from_wordnet
zbritje_V	V	zbritje			Albanet/OMW	wns/als/wn-data-als.tab	imported_unreviewed			pos_from_wordnet
zbritje_e_embel_V	V	zbritje e ëmbël			Albanet/OMW	wns/als/wn-data-als.tab	imported_unreviewed			multiword,pos_from_wordnet
zbukuroj_V	V	zbukuroj			Albanet/OMW	wns/als/wn-data-als.tab	imported_unreviewed			pos_from_wordnet
zbuloj_V	V	zbuloj			Albanet/OMW	wns/als/wn-data-als.tab	imported_unreviewed			pos_from_wordnet
zbut_V	V	zbut			Albanet/OMW	wns/als/wn-data-als.tab	imported_unreviewed			pos_from_wordnet
zberthehet_V	V	zbërthehet			Albanet/OMW	wns/als/wn-data-als.tab	imported_unreviewed			pos_from_wordnet
zberthej_V	V	zbërthej			Albanet/OMW	wns/als/wn-data-als.tab	imported_unreviewed			pos_from_wordnet
zdervitje_V	V	zdërvitje			Albanet/OMW	wns/als/wn-data-als.tab	imported_unreviewed			pos_from_wordnet
zemerim_V	V	zemërim			Albanet/OMW	wns/als/wn-data-als.tab	imported_unreviewed			pos_from_wordnet
zemeroj_V	V	zemëroj			Albanet/OMW	wns/als/wn-data-als.tab	imported_unreviewed			pos_from_wordnet
zgjas_V	V	zgjas			Albanet/OMW	wns/als/wn-data-als.tab	imported_unreviewed			pos_from_wordnet
zgjat_V	V	zgjat			Albanet/OMW	wns/als/wn-data-als.tab	imported_unreviewed			pos_from_wordnet
zgjatem_V	V	zgjatem			Albanet/OMW	wns/als/wn-data-als.tab	imported_unreviewed			pos_from_wordnet
zgjatje_V	V	zgjatje			Albanet/OMW	wns/als/wn-data-als.tab	imported_unreviewed			pos_from_wordnet
zgjatoj_V	V	zgjatoj			Albanet/OMW	wns/als/wn-data-als.tab	imported_unreviewed			pos_from_wordnet
zgjedh_V	V	zgjedh			Albanet/OMW	wns/als/wn-data-als.tab	imported_unreviewed			pos_from_wordnet
zgjedhje_V	V	zgjedhje			Albanet/OMW	wns/als/wn-data-als.tab	imported_unreviewed			pos_from_wordnet
zgjeroj_V	V	zgjeroj			Albanet/OMW	wns/als/wn-data-als.tab	imported_unreviewed			pos_from_wordnet
zgjidh_V	V	zgjidh			Albanet/OMW	wns/als/wn-data-als.tab	imported_unreviewed			pos_from_wordnet
zgjidh_nje_problem_V	V	zgjidh një problem			Albanet/OMW	wns/als/wn-data-als.tab	imported_unreviewed			multiword,pos_from_wordnet
zgjim_V	V	zgjim			Albanet/OMW	wns/als/wn-data-als.tab	imported_unreviewed			pos_from_wordnet
zgjohem_V	V	zgjohem			Albanet/OMW	wns/als/wn-data-als.tab	imported_unreviewed			pos_from_wordnet
zgjoj_V	V	zgjoj			Albanet/OMW	wns/als/wn-data-als.tab	imported_unreviewed			pos_from_wordnet
zgurdulloj_V	V	zgurdulloj			Albanet/OMW	wns/als/wn-data-als.tab	imported_unreviewed			pos_from_wordnet
zhbllokim_V	V	zhbllokim			Albanet/OMW	wns/als/wn-data-als.tab	imported_unreviewed			pos_from_wordnet
zhbllokoj_V	V	zhbllokoj			Albanet/OMW	wns/als/wn-data-als.tab	imported_unreviewed			pos_from_wordnet
zhburreroj_V	V	zhburrëroj			Albanet/OMW	wns/als/wn-data-als.tab	imported_unreviewed			pos_from_wordnet
zhduk_V	V	zhduk			Albanet/OMW	wns/als/wn-data-als.tab	imported_unreviewed			pos_from_wordnet
zhdukem_V	V	zhdukem			Albanet/OMW	wns/als/wn-data-als.tab	imported_unreviewed			pos_from_wordnet
zhdemtoj_V	V	zhdëmtoj			Albanet/OMW	wns/als/wn-data-als.tab	imported_unreviewed			pos_from_wordnet
zhubros_V	V	zhubros			Albanet/OMW	wns/als/wn-data-als.tab	imported_unreviewed			pos_from_wordnet
zhuber_V	V	zhubër			Albanet/OMW	wns/als/wn-data-als.tab	imported_unreviewed			pos_from_wordnet
zhul_V	V	zhul			Albanet/OMW	wns/als/wn-data-als.tab	imported_unreviewed			pos_from_wordnet
zhurmon_V	V	zhurmon			Albanet/OMW	wns/als/wn-data-als.tab	imported_unreviewed			pos_from_wordnet
zhvendos_V	V	zhvendos			Albanet/OMW	wns/als/wn-data-als.tab	imported_unreviewed			pos_from_wordnet
zhvendosje_V	V	zhvendosje			Albanet/OMW	wns/als/wn-data-als.tab	imported_unreviewed			pos_from_wordnet
zhvesh_V	V	zhvesh			Albanet/OMW	wns/als/wn-data-als.tab	imported_unreviewed			pos_from_wordnet
zhvidhos_V	V	zhvidhos			Albanet/OMW	wns/als/wn-data-als.tab	imported_unreviewed			pos_from_wordnet
zhvillim_V	V	zhvillim			Albanet/OMW	wns/als/wn-data-als.tab	imported_unreviewed			pos_from_wordnet
zhvillim_ngjarjesh_V	V	zhvillim ngjarjesh			Albanet/OMW	wns/als/wn-data-als.tab	imported_unreviewed			multiword,pos_from_wordnet
zhvillohem_V	V	zhvillohem			Albanet/OMW	wns/als/wn-data-als.tab	imported_unreviewed			pos_from_wordnet
zhvillohet_V	V	zhvillohet			Albanet/OMW	wns/als/wn-data-als.tab	imported_unreviewed			pos_from_wordnet
zhvilloj_V	V	zhvilloj			Albanet/OMW	wns/als/wn-data-als.tab	imported_unreviewed			pos_from_wordnet
zhvleftesoj_V	V	zhvleftësoj			Albanet/OMW	wns/als/wn-data-als.tab	imported_unreviewed			pos_from_wordnet
zhytem_V	V	zhytem			Albanet/OMW	wns/als/wn-data-als.tab	imported_unreviewed			pos_from_wordnet
ziej_V	V	ziej			Albanet/OMW	wns/als/wn-data-als.tab	imported_unreviewed			pos_from_wordnet
zmadhoj_V	V	zmadhoj			Albanet/OMW	wns/als/wn-data-als.tab	imported_unreviewed			pos_from_wordnet
zmbrapsje_V	V	zmbrapsje			Albanet/OMW	wns/als/wn-data-als.tab	imported_unreviewed			pos_from_wordnet
zoteroj_V	V	zotëroj			Albanet/OMW	wns/als/wn-data-als.tab	imported_unreviewed			pos_from_wordnet
zukat_V	V	zukat			Albanet/OMW	wns/als/wn-data-als.tab	imported_unreviewed			pos_from_wordnet
zvarritem_V	V	zvarritem			Albanet/OMW	wns/als/wn-data-als.tab	imported_unreviewed			pos_from_wordnet
zvarritje_V	V	zvarritje			Albanet/OMW	wns/als/wn-data-als.tab	imported_unreviewed			pos_from_wordnet
zverdhem_V	V	zverdhem			Albanet/OMW	wns/als/wn-data-als.tab	imported_unreviewed			pos_from_wordnet
zvogelohem_V	V	zvogëlohem			Albanet/OMW	wns/als/wn-data-als.tab	imported_unreviewed			pos_from_wordnet
zvogeloj_V	V	zvogëloj			Albanet/OMW	wns/als/wn-data-als.tab	imported_unreviewed			pos_from_wordnet
ze_V	V	zë			Albanet/OMW	wns/als/wn-data-als.tab	imported_unreviewed			pos_from_wordnet
ze_frymen_V	V	zë frymën			Albanet/OMW	wns/als/wn-data-als.tab	imported_unreviewed			multiword,pos_from_wordnet
ze_vend_V	V	zë vend			Albanet/OMW	wns/als/wn-data-als.tab	imported_unreviewed			multiword,pos_from_wordnet
zevendesoj_V	V	zëvendësoj			Albanet/OMW	wns/als/wn-data-als.tab	imported_unreviewed			pos_from_wordnet
zevendesues_V	V	zëvendësues			Albanet/OMW	wns/als/wn-data-als.tab	imported_unreviewed			pos_from_wordnet
caj_V	V	çaj			Albanet/OMW	wns/als/wn-data-als.tab	imported_unreviewed			pos_from_wordnet
caj_permes_V	V	çaj përmes			Albanet/OMW	wns/als/wn-data-als.tab	imported_unreviewed			multiword,pos_from_wordnet
cakordoj_V	V	çakordoj			Albanet/OMW	wns/als/wn-data-als.tab	imported_unreviewed			pos_from_wordnet
calim_V	V	çalim			Albanet/OMW	wns/als/wn-data-als.tab	imported_unreviewed			pos_from_wordnet
can_V	V	çan			Albanet/OMW	wns/als/wn-data-als.tab	imported_unreviewed			pos_from_wordnet
capitje_V	V	çapitje			Albanet/OMW	wns/als/wn-data-als.tab	imported_unreviewed			pos_from_wordnet
carje_V	V	çarje			Albanet/OMW	wns/als/wn-data-als.tab	imported_unreviewed			pos_from_wordnet
cel_V	V	çel			Albanet/OMW	wns/als/wn-data-als.tab	imported_unreviewed			pos_from_wordnet
celen_syte_V	V	çelen sytë			Albanet/OMW	wns/als/wn-data-als.tab	imported_unreviewed			multiword,pos_from_wordnet
cift_V	V	çift			Albanet/OMW	wns/als/wn-data-als.tab	imported_unreviewed			pos_from_wordnet
ciftohem_V	V	çiftohem			Albanet/OMW	wns/als/wn-data-als.tab	imported_unreviewed			pos_from_wordnet
ciftoj_V	V	çiftoj			Albanet/OMW	wns/als/wn-data-als.tab	imported_unreviewed			pos_from_wordnet
cirrem_V	V	çirrem			Albanet/OMW	wns/als/wn-data-als.tab	imported_unreviewed			pos_from_wordnet
ckoloroj_V	V	çkoloroj			Albanet/OMW	wns/als/wn-data-als.tab	imported_unreviewed			pos_from_wordnet
clirohem_V	V	çlirohem			Albanet/OMW	wns/als/wn-data-als.tab	imported_unreviewed			pos_from_wordnet
cliroj_V	V	çliroj			Albanet/OMW	wns/als/wn-data-als.tab	imported_unreviewed			pos_from_wordnet
clodhem_V	V	çlodhem			Albanet/OMW	wns/als/wn-data-als.tab	imported_unreviewed			pos_from_wordnet
clodhje_V	V	çlodhje			Albanet/OMW	wns/als/wn-data-als.tab	imported_unreviewed			pos_from_wordnet
cmim_V	V	çmim			Albanet/OMW	wns/als/wn-data-als.tab	imported_unreviewed			pos_from_wordnet
cmoj_V	V	çmoj			Albanet/OMW	wns/als/wn-data-als.tab	imported_unreviewed			pos_from_wordnet
cmontoj_V	V	çmontoj			Albanet/OMW	wns/als/wn-data-als.tab	imported_unreviewed			pos_from_wordnet
cngjyros_V	V	çngjyros			Albanet/OMW	wns/als/wn-data-als.tab	imported_unreviewed			pos_from_wordnet
cohem_V	V	çohem			Albanet/OMW	wns/als/wn-data-als.tab	imported_unreviewed			pos_from_wordnet
coj_V	V	çoj			Albanet/OMW	wns/als/wn-data-als.tab	imported_unreviewed			pos_from_wordnet
coj_larte_V	V	çoj lartë			Albanet/OMW	wns/als/wn-data-als.tab	imported_unreviewed			multiword,pos_from_wordnet
coj_neper_mend_V	V	çoj nëpër mend			Albanet/OMW	wns/als/wn-data-als.tab	imported_unreviewed			multiword,pos_from_wordnet
coj_perpara_V	V	çoj përpara			Albanet/OMW	wns/als/wn-data-als.tab	imported_unreviewed			multiword,pos_from_wordnet
coksigjenoj_V	V	çoksigjenoj			Albanet/OMW	wns/als/wn-data-als.tab	imported_unreviewed			pos_from_wordnet
coke_V	V	çokë			Albanet/OMW	wns/als/wn-data-als.tab	imported_unreviewed			pos_from_wordnet
corientoj_V	V	çorientoj			Albanet/OMW	wns/als/wn-data-als.tab	imported_unreviewed			pos_from_wordnet
crregullim_V	V	çrregullim			Albanet/OMW	wns/als/wn-data-als.tab	imported_unreviewed			pos_from_wordnet
crregulloj_V	V	çrregulloj			Albanet/OMW	wns/als/wn-data-als.tab	imported_unreviewed			pos_from_wordnet
cudi_V	V	çudi			Albanet/OMW	wns/als/wn-data-als.tab	imported_unreviewed			pos_from_wordnet
enderrim_V	V	ëndërrim			Albanet/OMW	wns/als/wn-data-als.tab	imported_unreviewed			pos_from_wordnet
eshte_ne_lartesine_e_duhur_V	V	është ne lartesine e duhur			Albanet/OMW	wns/als/wn-data-als.tab	imported_unreviewed			multiword,pos_from_wordnet
bie_shi_V0	V0	bie shi			Baseline LexiconSqi	rain_V0	baseline_lexicon_exact	rain_V0		lexicon_sqi_exact
blej_V2	V2	blej			Baseline LexiconSqi	buy_V2	baseline_lexicon_exact	buy_V2		lexicon_sqi_exact
bej_V2	V2	bëj			Baseline LexiconSqi	do_V2	baseline_lexicon_exact	do_V2		lexicon_sqi_exact
dashuroj_V2	V2	dashuroj			Baseline LexiconSqi	love_V2	baseline_lexicon_exact	love_V2		lexicon_sqi_exact
druaj_V2	V2	druaj			Baseline LexiconSqi	fear_V2	baseline_lexicon_exact	fear_V2		lexicon_sqi_exact
degjoj_V2	V2	dëgjoj			Baseline LexiconSqi	hear_V2 | listen_V2	baseline_lexicon_exact	hear_V2	listen_V2	lexicon_sqi_exact
fik_V2	V2	fik			Baseline LexiconSqi	switch8off_V2	baseline_lexicon_exact	switch8off_V2		lexicon_sqi_exact
fitoj_V2	V2	fitoj			Baseline LexiconSqi	win_V2	baseline_lexicon_exact	win_V2		lexicon_sqi_exact
flas_V2	V2	flas			Baseline LexiconSqi	speak_V2	baseline_lexicon_exact	speak_V2		lexicon_sqi_exact
fshij_V2	V2	fshij			Baseline LexiconSqi	wipe_V2	baseline_lexicon_exact	wipe_V2		lexicon_sqi_exact
ferkoj_V2	V2	fërkoj			Baseline LexiconSqi	rub_V2	baseline_lexicon_exact	rub_V2		lexicon_sqi_exact
gjej_V2	V2	gjej			Baseline LexiconSqi	find_V2	baseline_lexicon_exact	find_V2		lexicon_sqi_exact
gjuaj_V2	V2	gjuaj			Baseline LexiconSqi	hunt_V2	baseline_lexicon_exact	hunt_V2		lexicon_sqi_exact
godit_V2	V2	godit			Baseline LexiconSqi	hit_V2	baseline_lexicon_exact	hit_V2		lexicon_sqi_exact
gervisht_V2	V2	gërvisht			Baseline LexiconSqi	scratch_V2	baseline_lexicon_exact	scratch_V2		lexicon_sqi_exact
ha_V2	V2	ha			Baseline LexiconSqi	eat_V2	baseline_lexicon_exact	eat_V2		lexicon_sqi_exact
hap_V2	V2	hap			Baseline LexiconSqi	open_V2	baseline_lexicon_exact	open_V2		lexicon_sqi_exact
harroj_V2	V2	harroj			Baseline LexiconSqi	forget_V2	baseline_lexicon_exact	forget_V2		lexicon_sqi_exact
hedh_V2	V2	hedh			Baseline LexiconSqi	throw_V2	baseline_lexicon_exact	throw_V2		lexicon_sqi_exact
humb_V2	V2	humb			Baseline LexiconSqi	lose_V2	baseline_lexicon_exact	lose_V2		lexicon_sqi_exact
kafshoj_V2	V2	kafshoj			Baseline LexiconSqi	bite_V2	baseline_lexicon_exact	bite_V2		lexicon_sqi_exact
kuptoj_V2	V2	kuptoj			Baseline LexiconSqi	understand_V2	baseline_lexicon_exact	understand_V2		lexicon_sqi_exact
kerkoj_V2	V2	kërkoj			Baseline LexiconSqi	seek_V2	baseline_lexicon_exact	seek_V2		lexicon_sqi_exact
laj_V2	V2	laj			Baseline LexiconSqi	wash_V2	baseline_lexicon_exact	wash_V2		lexicon_sqi_exact
lexoj_V2	V2	lexoj			Baseline LexiconSqi	read_V2	baseline_lexicon_exact	read_V2		lexicon_sqi_exact
lidh_V2	V2	lidh			Baseline LexiconSqi	tie_V2	baseline_lexicon_exact	tie_V2		lexicon_sqi_exact
luaj_V2	V2	luaj			Baseline LexiconSqi	play_V2	baseline_lexicon_exact	play_V2		lexicon_sqi_exact
luftoj_V2	V2	luftoj			Baseline LexiconSqi	fight_V2	baseline_lexicon_exact	fight_V2		lexicon_sqi_exact
le_V2	V2	lë			Baseline LexiconSqi	leave_V2	baseline_lexicon_exact	leave_V2		lexicon_sqi_exact
mbaj_V2	V2	mbaj			Baseline LexiconSqi	hold_V2	baseline_lexicon_exact	hold_V2		lexicon_sqi_exact
mbyll_V2	V2	mbyll			Baseline LexiconSqi	close_V2	baseline_lexicon_exact	close_V2		lexicon_sqi_exact
mesoj_V2	V2	mësoj			Baseline LexiconSqi	learn_V2 | teach_V2	baseline_lexicon_exact	learn_V2	teach_V2	lexicon_sqi_exact
ndaj_V2	V2	ndaj			Baseline LexiconSqi	split_V2	baseline_lexicon_exact	split_V2		lexicon_sqi_exact
ndez_V2	V2	ndez			Baseline LexiconSqi	switch8on_V2	baseline_lexicon_exact	switch8on_V2		lexicon_sqi_exact
njoh_V2	V2	njoh			Baseline LexiconSqi	know_V2	baseline_lexicon_exact	know_V2		lexicon_sqi_exact
numeroj_V2	V2	numëroj			Baseline LexiconSqi	count_V2	baseline_lexicon_exact	count_V2		lexicon_sqi_exact
pi_V2	V2	pi			Baseline LexiconSqi	drink_V2	baseline_lexicon_exact	drink_V2		lexicon_sqi_exact
pres_V2	V2	pres			Baseline LexiconSqi	cut_V2 | wait_V2	baseline_lexicon_exact	cut_V2	wait_V2	lexicon_sqi_exact
pelqej_V2	V2	pëlqej			Baseline LexiconSqi	like_V2	baseline_lexicon_exact	like_V2		lexicon_sqi_exact
shikoj_V2	V2	shikoj			Baseline LexiconSqi	watch_V2	baseline_lexicon_exact	watch_V2		lexicon_sqi_exact
shkruaj_V2	V2	shkruaj			Baseline LexiconSqi	write_V2	baseline_lexicon_exact	write_V2		lexicon_sqi_exact
shoh_V2	V2	shoh			Baseline LexiconSqi	see_V2	baseline_lexicon_exact	see_V2		lexicon_sqi_exact
shtrydh_V2	V2	shtrydh			Baseline LexiconSqi	squeeze_V2	baseline_lexicon_exact	squeeze_V2		lexicon_sqi_exact
shtyj_V2	V2	shtyj			Baseline LexiconSqi	push_V2	baseline_lexicon_exact	push_V2		lexicon_sqi_exact
ther_V2	V2	ther			Baseline LexiconSqi	stab_V2	baseline_lexicon_exact	stab_V2		lexicon_sqi_exact
thith_V2	V2	thith			Baseline LexiconSqi	suck_V2	baseline_lexicon_exact	suck_V2		lexicon_sqi_exact
thyej_V2	V2	thyej			Baseline LexiconSqi	break_V2	baseline_lexicon_exact	break_V2		lexicon_sqi_exact
terheq_V2	V2	tërheq			Baseline LexiconSqi	pull_V2	baseline_lexicon_exact	pull_V2		lexicon_sqi_exact
urrej_V2	V2	urrej			Baseline LexiconSqi	hate_V2	baseline_lexicon_exact	hate_V2		lexicon_sqi_exact
vendos_V2	V2	vendos			Baseline LexiconSqi	put_V2	baseline_lexicon_exact	put_V2		lexicon_sqi_exact
vras_V2	V2	vras			Baseline LexiconSqi	kill_V2	baseline_lexicon_exact	kill_V2		lexicon_sqi_exact
lyej_V2A	V2A	lyej			Baseline LexiconSqi	paint_V2A	baseline_lexicon_exact	paint_V2A		lexicon_sqi_exact
pyes_V2Q	V2Q	pyes			Baseline LexiconSqi	ask_V2Q	baseline_lexicon_exact	ask_V2Q		lexicon_sqi_exact
pergjigjem_V2S	V2S	përgjigjem			Baseline LexiconSqi	answer_V2S	baseline_lexicon_exact	answer_V2S		lexicon_sqi_exact
lutem_V2V	V2V	lutem			Baseline LexiconSqi	beg_V2V	baseline_lexicon_exact	beg_V2V		lexicon_sqi_exact
dergoj_V3	V3	dërgoj			Baseline LexiconSqi	send_V3	baseline_lexicon_exact	send_V3		lexicon_sqi_exact
flas_V3	V3	flas			Baseline LexiconSqi	talk_V3	baseline_lexicon_exact	talk_V3		lexicon_sqi_exact
jap_V3	V3	jap			Baseline LexiconSqi	give_V3	baseline_lexicon_exact	give_V3		lexicon_sqi_exact
shes_V3	V3	shes			Baseline LexiconSqi	sell_V3	baseline_lexicon_exact	sell_V3		lexicon_sqi_exact
shtoj_V3	V3	shtoj			Baseline LexiconSqi	add_V3	baseline_lexicon_exact	add_V3		lexicon_sqi_exact
behem_VA	VA	bëhem			Baseline LexiconSqi	become_VA	baseline_lexicon_exact	become_VA		lexicon_sqi_exact
kuptoj_VQ	VQ	kuptoj			Baseline LexiconSqi	know_VQ	baseline_lexicon_exact	know_VQ		lexicon_sqi_exact
pyes_veten_VQ	VQ	pyes veten			Baseline LexiconSqi	wonder_VQ	baseline_lexicon_exact	wonder_VQ		lexicon_sqi_exact
druaj_VS	VS	druaj			Baseline LexiconSqi	fear_VS	baseline_lexicon_exact	fear_VS		lexicon_sqi_exact
kuptoj_VS	VS	kuptoj			Baseline LexiconSqi	know_VS	baseline_lexicon_exact	know_VS		lexicon_sqi_exact
shpresoj_VS	VS	shpresoj			Baseline LexiconSqi	hope_VS	baseline_lexicon_exact	hope_VS		lexicon_sqi_exact
them_VS	VS	them			Baseline LexiconSqi	say_VS	baseline_lexicon_exact	say_VS		lexicon_sqi_exact
